%sbgc_test_data;7;0;1;3000;6;200
-11.508089400023184;1.5589080519650667
-36.22878139476029;0.02650737901335254
-46.43262445366037;1.5625351988119984
-51.138085832862714;0.030960964382369616
-49.15445019896351;0.03059365837255379
-23.97188880360115;0.033669846204761544
-3.856541988508896;0.06052909817254537
2.2131694699969424;0.03660829428328827
-35.463893630141015;0.03467993773175504
-28.049955332243186;0.04014361462776583
-17.1786709429598;1.5545922063497306
-14.74384496972148;0.043082062706292557
-9.86484884461947;1.5729115935892959
-5.937624056644063;0.04450537349432904
-63.53781086872388;1.5744726441310135
-2.6110964660136355;0.04523998551396069
-741.0550090321675;46.35078887143148
-744.0918725258474;46.32203783680297
-585.2836316992002;46.34687383692887
-801.8001668628937;46.32301659542862
-562.7477381889569;46.34100128517497
-782.9321734164455;46.32326128508504
-685.6342222617893;48.362137847145064
-783.2476917015032;46.32375066439786
-698.6020237776592;48.36905032993873
-557.462806914241;46.32417887129658
-687.2433655155834;48.337240674605056
-548.1076897622813;46.324423560952994
-478.52013199281424;46.35843542319438
-529.2396963158333;46.324668250609406
-553.2427498515948;48.35069860570776
-529.3974554583621;46.32491294026582
-565.9081253637112;70.80165215363984
-352.93737141768133;70.79420280217884
-181.3261551945037;71.81246476978583
-455.8359845686167;70.7942641137135
68.8745686317468;70.79515313096604
-481.7202860976894;70.79432542524816
-538.8530700648203;70.80778330710568
-456.47457753397214;70.79444804831748
-271.15489898783164;71.81804411943975
-430.80314032668457;70.79444804831748
-4.670054545018274;71.81951559627154
-431.0160046484697;70.79450935985213
-693.435140545187;70.80845773398693
-431.44173329204;70.79463198292146
-429.6536729890448;70.81133937611587
-431.8674619356102;70.79475460599078
-1082.8325199289368;84.23121278151444
-644.5113021534393;84.23127340233592
-318.20052181016536;84.22651430957103
-618.532913460404;84.23127368895918
-936.8749939825412;84.2264869370488
-695.6135272798705;84.23127397558245
-343.8584534058359;84.2265229082691
-695.6135272798705;84.23127397558245
-232.5957492007965;84.23126695331236
-644.0840260236196;84.23127397558245
-1093.5998784003923;84.22649309944909
-644.2976640885294;84.23127368895918
-141.15865741938933;84.2311977337928
-618.3192753954942;84.23127397558245
-987.7635810440627;84.23117279756836
-617.8919992656745;84.23127454882899
-2477.5619860777256;77.4747448693401
-1174.841396019668;77.98983680431023
-77.76372120773101;77.47685476574298
-1107.1473557004254;77.9898060029029
-816.8312206141995;77.47576131578236
-1106.5906612899053;77.98977520149555
-3087.476382243534;77.47568431226401
-1241.4220475178706;77.9898060029029
-1360.4433124870654;77.97925652088847
-1376.810128156356;77.98986760571758
-899.3890016943287;77.98025756662706
-1445.6175572966388;77.98996000993961
237.0469679413787;77.4753762981906
-1447.287640528199;77.99005241416162
-878.2346140945654;77.9801805631087
-1448.4010293492393;77.9901140169763
-1242.5216797277344;63.49200902253077
5064.576818787677;64.00283952585475
201.95297386036054;63.49290933916646
5062.443808371865;64.00290056427073
-1500.2959884786515;63.4947710108538
5060.310797956053;64.00296160268671
-1262.3586765947884;63.99067762147104
-1676.1626972623762;64.00309893912267
2154.404057974156;63.992127283850536
-1680.428718094001;64.00322101595462
-115.5456265333014;64.00029117198766
-1427.3470322578705;64.00334309278658
95.30245306974484;63.99759022208061
-1178.6380177741557;64.0035872464505
2515.096119288017;63.993836359497934
4520.232560672376;64.00369406367845
-3745.9027592848206;43.96839428934648
-963.3666172477547;45.51373659551214
-4064.4220152847442;45.47548986701477
-735.3820493500616;45.51428756879182
-5646.93734500317;45.480173139892
-509.33612573721274;45.515022199831385
-1692.7815294204336;43.9695421503458
-279.4129135546753;45.51538951535117
-2562.069626744631;43.98161764805866
-279.4129135546753;45.51538951535117
-6266.818855082144;45.47773967457344
-515.1520585917458;45.51557317311106
-198.37758244818232;45.47356146053592
-1375.7162566341435;45.51699652075022
-2810.3130274189475;45.48380038064986
-2322.5501253521143;45.518098467309564
731.0480362270503;18.96481677108999
1183.8744541482195;20.51393996648008
934.9332112553217;18.953165073006517
746.3437363147284;20.514630778619416
1170.1075400764803;18.95334928957701
897.6308324664069;20.514630778619416
874.0404882512232;20.476774273383796
897.6308324664069;20.514630778619416
1126.878175502694;20.463787005164274
903.5421383947049;20.518821705598057
702.4950174062795;20.46539890015606
919.1122359724234;20.52572982699142
777.6015303944685;20.486768022332857
699.1787277409347;20.54617786631577
1043.2418205383935;20.47401102482645
893.3894312632117;19.022154178654894
-436.128074352388;-5.033008566067734
-1997.1038056290736;-4.974507100785782
-1985.2372579485818;-4.975876089832942
-426.4410966540272;-4.97596735576942
-380.91230147173155;-3.5376618298553772
-1927.115391758417;-4.979070397609648
1412.389444937307;-3.5268011834145785
-2680.116458177661;-4.981990907576922
-2829.2959147324173;-3.517035728211507
-1888.3674809649742;-4.983451162560558
-1358.2476264221805;-3.5352889155069676
-1506.1354859504886;-4.983907492242945
-1327.168572973273;-5.022147919626935
-1113.4899899102652;-4.984272555988854
-800.2777109966;-5.033419262781882
-720.7637690558886;-4.984637619734763
1708.2411956558929;-22.469714324460583
3078.181664445233;-22.453657267007582
2713.773194015046;-21.945006066167284
3073.8759322227415;-22.454033604291634
2532.3224619388884;-21.955857124524197
2900.785496878588;-22.454033604291634
2179.2524196945956;-22.468616674048757
2899.3502528044246;-22.454159050052986
1917.8227115856607;-22.463787012236722
3072.440688148578;-22.454159050052986
3606.6385325523415;-21.954085203145105
3073.8759322227415;-22.454033604291634
2044.6265255380317;-21.950666806148277
3418.621558836885;-22.454159050052986
2882.7373026459786;-22.467769915159632
3600.2516964223128;-22.45455106805721
461.4486562028219;-34.25161262214407
1231.2445929076712;-35.24623963123209
-1747.7734731986836;-35.26787655285223
1053.3705704387767;-35.24611756115243
1261.2124988671048;-34.269678993934086
699.1097664915296;-35.245751350913444
-2581.1489622492295;-35.26143735615005
519.7485030320918;-35.245751350913444
-1379.606965989863;-35.26696102725476
876.9837889604241;-35.24587342099311
-1976.8829477917711;-34.2514600345445
1056.3450524198615;-35.24587342099311
-1747.7734731986836;-35.276909738747236
1413.5803383481943;-35.24599549107277
-149.06377041491578;-35.27416316195483
-3280.375313952833;-35.246026008592686
1303.7126751355258;-32.932935069440965
1382.2114614342977;-31.468532569561145
663.498759051167;-31.443143348892924
617.7057732416108;-31.468257098812483
1195.2325581540033;-31.42826792846525
646.5559624422131;-31.467889804480937
896.4895787504655;-31.484188490443355
1384.2426509775103;-31.46738477477506
1229.5195241558995;-32.93100677420034
1296.4758022121032;-31.467568421940832
1173.3759856441036;-32.927930684173624
1296.7190584448233;-31.467752069106606
865.3284553390225;-32.93394512885272
1326.2990163435857;-31.46793571627238
1094.3177100100756;-31.442776054561378
1296.9623146775434;-31.46793571627238
156.2956736014528;-33.429237740533225
2.2663763385450864;-33.47404717178105
152.21295381949352;-34.935281812156944
17.669950026946566;-33.474412218064124
80.21477003054167;-34.92049743769228
197.36113740201145;-33.475096679844896
11.26574683584488;-34.92396537738152
181.82877129146613;-33.475096679844896
99.4241597932932;-34.928847871417695
197.48992982415527;-33.474731633561824
58.09789133789329;-34.94550310808312
196.97476013557997;-33.47619181869413
119.13905981295923;-33.426180477912446
211.99195655754997;-33.47765200382644
7.566184509763502;-33.42239312272551
31.656807071765996;-33.478792773461066
3741.9838611494397;-14.642648136488056
4984.777747917216;-12.730524029377982
5170.390564538557;-12.694158032666113
3899.6346730487107;-12.734403069027248
3788.7587483941275;-12.646276136995485
1859.551968612622;-12.73682746880804
3569.1798156073296;-14.64973950584687
1859.551968612622;-12.73682746880804
4127.276269773774;-14.65580050529885
4912.1565904590825;-12.74531286804081
3290.7605906753197;-12.67536893436498
4912.1565904590825;-12.74531286804081
2913.016207865532;-14.637435676959354
3516.6295449742393;-14.725017119040439
3367.212943054473;-14.651860855655062
3282.6979267370543;-14.719622829528179
-5853.0655118848135;4.949404551002269
-7610.17355277294;4.968354611465622
-7557.401676127802;4.946002084429542
-6483.084370177837;4.967851107443649
-6533.5274642444665;4.45342257396344
-6960.401627965779;4.966447399261178
-8010.225131438214;4.448372276046072
-6555.817240353052;4.96620327609901
-6847.996283149539;4.950594651417842
-6147.947605888498;4.965715029774672
-7818.973862178173;4.948489089144136
-6144.620773633486;4.965470906612503
-7578.152792318443;4.950487847534393
-6147.947605888498;4.965715029774672
-7920.234318940121;4.94874847000394
-8064.202984775793;4.96524204114797
-13322.88851048305;20.084853492890723
-15005.82143061295;17.520960247447146
-16045.60870403239;17.59717440974066
-3212.42807676943;17.521646861521862
-15418.27811420825;20.105375624679468
-4212.783141685637;17.522867508765803
-15224.912685344809;20.10514675332123
-4229.652535697715;17.521646861521862
-16147.246802955158;20.096297060802662
-5255.31169163204;17.521036537899892
-5804.621334150319;20.082107036591857
-4254.956626715832;17.519815890655952
-10586.461934298895;17.599920866039525
-4263.39132372187;17.519205567033982
-10815.885692863152;17.59923425196481
-4288.695414739987;17.51737459616807
-2689.661079430255;13.015206906088766
-630.8923571116829;13.034678950979016
391.90708148595513;13.017139132081722
-2889.3744641444096;13.035802338184222
-76.11994787347658;12.526668278288462
-1759.9285463705728;13.035802338184222
329.80394514899217;12.525994245965338
-1769.2937695693608;13.035323026310001
-2379.6136589053785;13.016749691183916
-1750.5633231717848;13.036281650058445
-287.24719836115446;13.025706831833432
-1750.5633231717848;13.036281650058445
-1151.8328975442673;13.023714691856199
-2394.1297548635002;13.038543402964928
486.5543684387071;13.01718406756993
-628.9607798269326;13.044235231471308
-1572.3083291978865;-0.023622650067959883
-1380.7445148697711;-0.5126978726001677
-1236.7473361536033;-0.02203891818351761
-220.15186931980224;-0.5149088250329039
246.86600759749945;-0.5330825404197211
-596.9927188636846;-0.5138895916419263
-1167.9253997332403;-0.013163747425158245
-392.2233420614832;0.006295770085661567
-113.04378073905355;-0.5373633206618273
-930.2252751996907;0.00032149436316170066
-90.59099819495259;-0.5363911288119717
-12.122681126012822;0.0020306703572627316
277.335265094383;-0.02153714174488247
-1022.1985251766379;0.006217367517124817
347.9201607367272;-0.02404602393805827
-1811.9377298611514;-0.5100478657836258
-10307.170648582105;-1.6169246832062816
-10439.817557846882;-1.6999709341317715
-12221.827005836487;0.34155742164810254
-6984.846500428511;-1.7052562478336863
-6697.5194263128205;0.3749703243613576
-8779.270625423504;-1.715826875237516
-7980.704915347198;-1.6152844134367217
-12687.992535191956;-1.7156446230408982
-6964.379059960169;-1.626948554020258
-11257.732269021675;-1.732168822200908
-11246.324187449156;-1.6273738091456995
-9394.188590969658;0.26841354007217744
-9168.59937006995;0.35559084078766956
-11999.9286348573;0.26853504153658925
-12478.061465470215;0.37132528042900237
-7376.188435940695;0.28341897092703894
12296.93013058465;-3.1716774222098953
12202.598478968217;-2.2163565763421764
13920.41978659813;-3.1783295596279295
12380.20706269241;-3.2222151884274624
12788.762518698548;-2.164956496014864
13383.430188820164;-3.216825725241555
13504.914811961873;-2.1658188101246094
13162.511735827251;-3.2151318939545552
13017.187624726526;-2.1613840518459195
13148.436761386503;-3.212175388435429
13193.036836645624;-2.1667427180993366
12928.222057115629;-3.2098348215661203
12736.83172758487;-3.1716158283449136
12352.995445440296;-3.207863817886703
12738.503130799709;-2.180662931585223
13994.13746523155;-3.208387365739048
-2993.4498223995606;17.162371278118382
-3587.7094280110086;17.050158508500555
-2043.5184842773645;20.652273746137382
-2060.9479562701945;17.048345184276695
-2938.8508712289376;20.655580396192658
-3463.543275946813;17.047598521360985
-2743.711105545523;20.640540471747684
-3464.5478564651316;17.04845185040751
-3300.700773927346;20.614940600351982
-2061.9525367885135;17.04919851332322
-2038.5960397376027;17.14978467468216
-2062.957117306832;17.05005184236974
-3429.0359351425645;20.63339384098305
-2063.9616978251506;17.050905171416264
-2094.073998861755;17.14541136331873
-3467.561598020088;17.05101183754708
-3832.0928030749515;22.721444875170167
-1858.0121008162569;22.752358651115355
-3428.106348198669;21.723628752682792
-1859.5278552665945;22.752114514681434
-1873.5485839322191;21.718471370516223
-3974.3084643778957;22.752572270495033
-2638.360385711416;22.729501377489544
-3789.992723216819;22.752816406928954
-3176.8321541939195;22.720742982922648
-3295.3641522103358;22.753976054990076
-4176.737471220509;22.719949539512406
-3654.939001691721;22.75495260072576
-3220.4100946411318;22.724649165865376
-4023.570484013874;22.754464327857917
-2746.395784159243;22.72266555733977
-4026.60199291455;22.753976054990076
-6601.299276835009;10.49913547660927
-6880.364803502225;10.515752002077972
-7444.559007128278;8.94848864395836
-7270.976234209949;10.5142871844058
-7503.544224203693;10.460684012714754
-7413.861799194883;10.51300546894265
-6418.90285167158;10.453314148801638
-6730.050875577229;10.514332959958056
-6399.468648087848;8.977144139670227
-7107.813246064305;10.518727412974572
-6507.721980446815;8.954119036885771
-6336.227179814343;10.5172625953024
-6694.655730000661;10.472860309614685
-6728.8462761815435;10.521199292796362
-6285.774541791701;10.447775306978738
-6960.269896749385;10.529118463336543
-10048.359747739707;-5.058484954356958
-7545.204209620636;-4.987956831699492
-8299.64829396391;-3.540293647360568
-814.4138240375892;-4.988002748446014
-10129.050290535362;-3.5471811593388365
-9927.199025585242;-4.993329091042542
-4494.202354625804;-5.052699444295213
-7457.019189165942;-4.995533094875587
-16143.1187959923;-5.053801446211736
-2576.615337599658;-4.997737098708633
-8616.414883019297;-5.0234045600143125
-13984.209598345093;-4.998885017371678
-6061.7972649748235;-3.543783320096224
-11534.015035683233;-5.000354353260375
-647.7866040849524;-5.009170368592558
-12719.141769499287;-5.001089021204724
14297.69733405322;-25.839487421074942
18516.643648418663;-25.767809031476588
6617.463093137962;-25.836605569653965
18990.304005959693;-25.768115611414988
9429.49941663154;-25.81496102600279
6488.048777876751;-25.768544823328753
12176.729490369504;-23.829917240838427
6973.996558918843;-25.769035351230194
16911.351223279613;-23.82403090602111
7926.073696001313;-25.768790087279474
6997.9768531709215;-23.80716900940901
7459.944339960935;-25.76952587913164
16284.494440475317;-25.823361316315005
6981.92392891953;-25.76952587913164
10750.991995746006;-25.837893205395254
7463.90802496128;-25.76977114308236
4848.123625165736;-39.280334801015684
7787.808273883089;-39.252586351823595
7038.74735073111;-39.283106566195805
8092.899597497667;-39.252463162260035
6975.7010222963045;-38.27021117720739
8095.418931301256;-39.252216783132916
4509.3991952732495;-38.27532354409517
4271.637067559575;-39.25224758052381
4928.80529022566;-38.27184343892458
4269.117733755987;-39.25249395965093
4835.967839563421;-38.27107350415232
4115.87925515271;-39.25261714921449
7642.694646796385;-39.2837533114045
7939.724102239481;-39.252586351823595
7006.310928009906;-39.27574598977304
7637.15211242849;-39.252463162260035
17163.522310207656;-36.45573642192974
17129.204895580206;-35.98480987548828
16833.349156663906;-36.455602893089505
17163.81154252647;-35.9848692216395
16646.43277062944;-35.968178116609835
16389.984935151744;-35.985076933168756
16812.885970107716;-35.96759949163547
16456.27698262424;-35.98578908698335
16836.55963540276;-35.96908314541589
16312.123594926632;-35.98673862540282
16633.807779913146;-35.97386051058882
17035.276700044895;-35.98817776956982
16885.74359121732;-35.976664616233805
17172.48851209093;-35.988652538779554
16761.74969614115;-35.96786654931594
17145.271750890402;-35.98894926953564
11641.249811010257;-7.01246442919077
-5834.951529804364;-7.493600305880953
-6469.538239118661;-7.51063139180252
11917.644645940287;-7.494385645286017
-1319.9528479938608;-7.516328952192194
-3312.7662043748282;-7.493584907069089
-2742.8255423711353;-7.514881463876979
-685.036311907571;-7.492583984297931
-5357.362363958678;-7.011186327806059
5826.733647547813;-7.491937234199643
12835.222725624473;-7.012187250577218
3157.115755037461;-7.492599383109795
10666.281872999309;-7.008106565433262
-4262.337480942324;-7.491998829447099
14052.283514278191;-7.008891904838325
-4156.792913904603;-7.4910133054878045
-6234.8065268213595;1.9344999307890083
-16090.60547620826;-1.2015267186530556
-6581.083940191709;1.92916577009023
-13027.757369214178;-1.1941692556202579
-4117.8200515950575;1.8909069623196828
-4741.790003328426;-1.1914102069829589
-3214.023809831776;1.9061736981127373
-1800.5657413473473;-1.1914102069829589
-9689.045653857278;-1.1141568451385842
-317.9131545221876;-1.190674460679679
-2347.720633072503;-1.0643100330913804
1164.739432302972;-1.1899387143763993
-10845.843878980937;-1.0735988301702875
-1800.5657413473473;-1.1914102069829589
-8648.689305412732;-1.1558184795618005
-10062.452195563861;-1.1926977630136986
-23570.434038950676;21.926917667780664
-15641.082197730853;21.833683678376744
-13987.24091114679;21.944284783453945
-14860.235370129914;21.83441492535246
-15390.967198264927;24.938009902039514
-23819.42528681438;21.835786013431928
-23944.32225060417;24.940660672326487
-23631.598233300174;21.837157101511398
-23069.24082435978;21.93843480764821
-13869.086456970332;21.839076624822656
-16221.419632306799;21.950134759259683
-14649.933284571272;21.838345377846938
-22168.634183150636;24.92905212658698
-15049.988854962214;21.836882883895505
-19953.07763139887;24.944316907205074
-15433.990831035702;21.837248507383364
-12362.92460318785;37.74734536483923
-10505.481421097375;37.77892539738903
-12570.934299684253;37.74696903873138
-11813.898703925992;37.77952124705978
-10697.637302341986;37.74279809103613
-10884.826928206518;37.780273899275464
-13352.228142875978;37.745024687174194
-13204.45021034823;37.78124607505406
-12756.786856792609;37.749885566067164
-12270.221169426366;37.78250049541354
-13593.537218395222;36.721856720967715
-11653.386783244194;37.78275137948543
-12569.788240750388;37.75700440160719
-11655.933580875004;37.78250049541354
-10606.78029686284;37.74097918151489
-12577.364963702048;37.78250049541354
-13152.295889198498;19.32006619139361
-12165.298985635081;17.268661572105387
-12628.411724883505;19.330089934647063
-11818.772561851243;17.268661572105387
-12673.738875258216;17.344416771117835
-13479.570844994345;17.268722322064498
-13692.845503413542;17.347636518950765
-12959.745292400701;17.268722322064498
-11601.475208628584;19.333188182561766
-13306.307633102426;17.268722322064498
-11920.632940981734;19.343090425896996
-13652.834056886264;17.268722322064498
-12849.049351469752;19.33622568051736
-13481.007521709866;17.26920832173739
-11951.485573447562;19.322799939553644
-13131.571827577098;17.268236322391605
1828.20953824385;19.891492517247613
1379.7704603145305;19.99369525318598
1096.5380098042128;19.885707456722802
1680.1125954981235;20.003182752446673
1747.119376112443;19.89110684654596
1847.2678669006216;17.506196361656652
1019.153223732333;17.38039057877705
1276.6399537334255;17.474571364121008
1259.102157881958;17.370825945376026
1563.8582669372586;17.47210307163042
1618.5826854737825;17.38424728579359
1848.7293498882439;17.47210307163042
1343.0709986253482;17.38023631049639
1286.2207866522829;17.470483254683472
1259.9879051471835;19.885321786021148
1541.5374358535726;17.470406120543142
22920.229504790543;-10.333193659836981
13370.239552670775;-10.29015159208199
24142.33689389689;-10.325235281748196
20051.044725657972;-10.286597659882036
11239.927208727948;-9.33809264385002
12333.487545285267;-10.283377858059856
16812.605806908643;-10.325204906259309
3794.758683614942;-10.280978194437665
20126.425008597485;-10.336565339103604
18128.301276765982;-9.28718332447291
20315.05779392439;-10.331462256970337
25358.617787703562;-9.294594943761702
25153.2338283901;-9.321264623005797
5094.06713544195;-9.296022591739462
18646.131046524395;-9.330346894183455
12091.68799034885;-9.295536583917245
4084.4241710484366;8.132766369675776
-5155.516904169615;8.222114646860804
-2190.2630179995426;6.156365586028572
6827.978755906106;8.253124109705574
93.83674742517996;6.168069546713173
2769.667033181846;8.254330703590584
-713.2969205840436;8.128603620772491
5650.111158775586;6.255245954905183
-3808.647332686742;8.122691310735938
861.4474202143638;6.250479909059392
1789.620261084954;6.152142507431035
-2731.6457129406945;6.244265950551587
2629.2780605773332;6.147255802196742
-1223.3905776426645;6.240465179813804
-1159.1657104101023;8.132645710287274
4355.733065319326;6.242456059724072
263.1758215886748;-6.3139951023688905
-285.4016755540888;-7.261180865898136
2493.3727775133902;-6.308739878447574
-5571.606756011192;-7.261180865898136
-3338.9442832453856;-7.306290735974174
-285.4016755540888;-7.261180865898136
1555.928485267429;-7.305075655298724
-1289.004003035995;-7.259267113834304
-5153.016785657063;-6.309954959123023
2577.200350110488;-6.247833959590702
-2001.1274506378008;-7.301187397137289
-1780.8746128336647;-6.256309147301958
2876.8976194608913;-7.30969296186543
-1738.549907061601;-6.261625125257046
-1202.7109135978071;-6.299444511280391
-349.5051134224568;-6.265331121317165
-20293.884872439783;3.911437750539356
-15576.760170352889;5.500532454099989
-16140.958280065024;5.436145171962848
-22319.16563968703;5.4975387678775895
12687.89871830605;5.4185975650284774
-632.6520112055387;3.9899183862773295
-22485.80643158513;5.419426585828527
-7769.639069926965;3.9797398531211723
10750.699512490653;5.423525633117658
-7436.357486130768;3.9745815014764228
1810.4210271576576;3.9182541437842033
4047.573658389634;3.9745815014764228
15344.629057710024;3.918346257206431
-1837.2268783546533;3.9767922236098867
11968.367584717475;5.4292366652957735
-7626.804105442883;3.9775291309877083
-17036.524618289146;-6.633341148447014
-14077.017341830076;-4.732080449902854
-20650.13729851227;-4.665559929509433
-8890.010670838563;-4.720554313650354
-14228.887829561158;-4.634721384110454
-10425.830486533589;-4.718531108882628
-11926.043361452284;-6.645725613994914
-20094.590333029657;-4.731835212961313
-19649.798658470103;-6.634138168507028
-14791.123391653688;-6.744310864495027
-12657.067626230397;-4.646983231187583
-14791.123391653688;-6.744310864495027
-17310.560355866088;-4.620007167617901
-16658.225462969363;-6.737566848602607
-20362.134197426385;-4.620007167617901
-10850.162924403983;-6.726469876997806
15902.752166435579;7.416921033142404
3394.9197305540843;7.487542085987817
648.0430899238871;7.42702287425163
5950.921950902312;7.489975711345949
4471.565795039732;5.911195698352548
13350.243487889516;7.489883876426775
7379.145358569556;5.910506936458737
2810.227870755241;7.497735762016219
165.93432122500417;7.4219719536970175
9099.23830407229;5.998392954109011
16361.99411606574;7.414533325243859
19196.844491168657;7.511327330054088
20257.610820189915;7.425874937761946
13181.918291966982;7.511097742756151
565.1508707997709;7.439420588340227
13181.918291966982;7.511097742756151
-135.3097062953337;-3.5216395642922076
5231.327319345064;-3.4933988574324855
10255.758264376602;-3.5242852407913787
930.4786759840833;-3.0012123196781415
3847.7527348144113;-3.519417196032904
6550.3285342589115;-3.0030113796975777
4557.732016997163;-3.027774911729818
878.0332996455604;-3.002179881369267
839.1909427948422;-3.0263386873445537
2323.395093175036;-3.4958328798117226
5953.4345948061;-3.520324285118334
3785.8016340145314;-3.497072568228477
8945.934990321995;-3.0200797726550865
5945.731680156379;-3.493504684492452
-58.77223520130207;-3.5194020778814803
9245.856986257922;-3.4957875253574513
6065.468173173348;-4.697919252310469
4129.037807903149;-4.69791914134873
5262.382773562077;-4.697916859538786
4754.4064461946755;-4.697919133781503
5635.288159298156;-4.697919226552793
4770.947855043518;-4.697919138438258
5042.071884456565;-4.697916864195541
5941.92452583356;-4.697919148479386
2982.459715165148;-4.697919231427834
5608.563445626745;-4.6979191510988105
5890.284315083582;-4.697919256530653
5604.4280934145345;-4.697919149934622
3139.189564007924;-4.697916870598579
5933.65382140914;-4.697919146151008
4690.515254516024;-4.697916861648879
4540.867196336658;-4.697919146078246
-15381.100345969327;-5.7581074598940285
535.1557591109668;-5.766935724398183
-17292.110755403744;-5.758127147635443
-13947.393523289795;-5.766950349577521
-6509.899063263558;-5.758057959287041
-13983.314771587435;-5.766954849632701
-7289.839166926053;-5.767366885935183
-25529.751021259897;-5.766944724508545
-16984.086051251485;-5.767308385217834
-22024.286203014013;-5.766935443144735
-9711.38031779067;-5.758146835376859
-1261.8046869784412;-5.766935161891286
-19629.68598837263;-5.758132772704419
-22096.12869960929;-5.766944443255096
-19895.50322577516;-5.767314854047156
-27051.464902268646;-5.766963849743063
3045.122065249676;-7.854252637154809
7194.954052621868;-4.509259754677085
10156.401778401318;-4.3206045945053715
21197.98436656196;-4.502415123015527
923.3731942594327;-4.324240805075575
3549.3072599771385;-4.534713228668507
15395.464044948876;-7.892539795511653
15102.758561797957;-8.029218534003405
7706.091002574165;-7.827943584205692
11207.214462913127;-8.062479165983792
9418.783960860996;-7.850937268693741
12073.622693039855;-4.534499333929084
21174.933809763825;-4.332368805173676
2315.9195303499428;-8.02953937611254
16285.288713727678;-7.83874526854659
10840.600845266597;-8.029325481373117
4447.160696169076;-2.5160673494854433
-92.46168101240255;-1.9813685441623257
11835.009808619889;-2.519562817427165
7457.566519736982;-1.990315094268671
3500.883998564321;-2.5182077461546033
686.067547579667;-1.9898223410786484
5100.749382488211;-2.515636190444174
3310.1669591059144;-1.9884672698060868
18011.04006816163;-2.511663367849618
8044.334637486751;-1.9809835807326206
4622.216664869036;-2.013982645926937
11790.462762906976;-2.492584580273436
12898.570525015672;-2.0153993113482516
-1678.0580893563747;-2.4951561359838657
322.0346583944629;-2.513973148427848
163.33580804221128;-2.495941461380464
3709.3308775370897;-11.67647317839261
-10215.481960282545;-11.67212424464675
-31157.704611465997;-11.676507882131526
-33396.21485087297;-11.672117442713922
-27363.749542848225;-11.671937677346344
-33396.21485087297;-11.672117442713922
-22027.99389790748;-11.671919631402108
-41555.47807778572;-11.672119663753213
-43483.58156399493;-11.67193490104723
-2056.218733369795;-11.672122023607459
-36355.31219591763;-11.671954890400846
-18579.4089805125;-11.672119802568169
-4545.442119590356;-11.671985707321001
-35102.599227655206;-11.672117581528878
363.93062260620354;-11.676475538246857
-15641.630780605057;-11.672116193379322
890.5131529709288;-24.47185953434624
-8951.612614402686;-29.291406418656024
13827.951200992757;-24.421413883755584
-8951.612614402686;-29.291406418656024
8204.99182887771;-29.473622223213788
-8935.217951899253;-29.292629343518826
3132.4832503154375;-24.464674850777268
-8935.217951899253;-29.292629343518826
-4791.467004156479;-24.373566948498382
-6966.218985236908;-29.292017881087425
11112.585223861612;-29.452221038114722
-6982.613647740342;-29.290794956224623
1771.7262625304702;-24.38518473469502
-6010.410161286745;-29.289572031361818
-8353.207433027368;-29.47285789517454
-6010.410161286745;-29.289572031361818
31447.97457700869;-32.596086214840724
29859.305234761843;-30.672192552417336
-4270.7234248529985;-32.606559366819994
32884.71440573935;-30.671400976977043
-1583.8603844503668;-32.601079229156426
29538.102655958224;-30.671400976977043
28070.838176110155;-30.602351242416084
16472.164493566495;-30.672192552417336
867.8240939340649;-32.60802073686361
19902.025291849637;-30.673653922460957
7551.335204504412;-32.598887174091
26817.939996154782;-30.677550909243937
36092.57774135045;-32.59900895492796
34705.78734172099;-30.681082553516013
24301.04376311044;-30.606735352546938
35038.78353572907;-30.68692803369049
-18508.321668964298;6.044805121653924
-19469.126858827574;0.8186735385584867
-17826.448050880554;1.0267971985784037
-19549.380737539388;0.825692371667663
-19289.51740705445;1.0460226979644078
-17677.08016073956;0.8282862882514888
-18979.139963666283;1.0139801989877344
-17677.08016073956;0.8282862882514888
-18505.14362874853;0.9897194497625388
-17517.04074608457;0.8270656216238059
-18737.341282828856;0.9860574498794903
-17509.0120129079;0.8343896213899029
-18402.10821964791;1.0252713652938001
-17667.713305366775;0.8368309546452681
-18279.034430660515;5.9892647900943565
-17662.360816582328;0.8417136211559995
2802.0353259645035;43.538497503717615
7317.19866629494;43.37328656551352
-2016.6395499676219;43.526788201342136
-1077.3122909601316;43.37840938530279
-6685.275651120149;43.40073024295606
-777.2347414009337;43.38097079519743
7840.221155843543;49.534575109213755
-490.36483046669946;43.38536178358824
-4539.826832880881;49.59074316904616
125.63943500165442;43.388289109182104
2266.5976561084335;49.56183582880668
107.1487409267047;43.39085051907674
-6895.805410802086;43.50117410239576
88.65804685175317;43.39341192897138
-4806.092827560169;49.44346210010452
-240.4763076823674;43.39487559176832
-8366.50322064155;116.44967728157077
-10240.913601652624;116.95318511079039
-8516.839245807758;116.94007916866262
-9968.000536398567;116.95318511079039
-8256.825056772177;116.93798221792217
-9968.754856645262;116.95321506722954
-11533.516776388258;116.45051606186695
-10336.410544884144;116.95336484942528
-8094.042747535511;116.4473556575367
-10610.832250631589;116.95342476230358
-12095.409928150964;116.44692128916904
-10701.803272382942;116.95342476230358
-9125.424820840852;116.94066331922602
-10704.066233123025;116.95351463162103
-8066.96265067918;116.93702361186939
-10343.199427104395;116.95363445737762
-27735.503009418597;89.82057793969095
-17760.421509239837;93.40987786266749
-31027.749515071613;89.82015349696371
-19770.354851674085;93.41030230539474
-1119.0795060892178;93.29644554381034
-19126.159613279822;93.41115119084922
-488.14386093806024;93.28668336108362
-16472.03103245131;93.41157563357648
-26138.274506676044;89.85771667832519
-15183.640555662783;93.41327340448547
-1857.7493463406163;89.82036571832732
156.60386050799934;93.41656283562165
-31966.970703125;89.82163904650908
-2585.9220086078894;93.41953393471239
-16262.639955820585;89.84137563332612
24.00792807693324;93.42165614834863
7481.013346423708;36.48701274828286
5867.600640805249;36.7150176358506
12104.140442306187;36.53955896485658
21993.49599951218;36.73542689098358
10958.9055307288;31.633722339233955
-4868.0763133211385;36.83031469656455
3518.479973122252;31.52939144545713
15496.628765280711;31.777500972409605
387.34804506296314;31.519643741513015
-4358.740031891843;31.777500972409605
8956.545119291608;36.541082043597854
1558.3070112579917;31.8161871724378
12652.062805661946;31.5223852832473
13545.201981986447;31.815882556689544
14473.840353683296;36.521129712087244
22494.60058346383;31.76135633775217
9350.168641192871;-9.659571386836658
-5024.590638810812;-13.043467883912086
12193.500993826023;-9.671505064713557
20105.039949459082;-13.04239277779705
21520.043012039197;-13.164524832465126
12508.484552277074;-13.043467883912086
2399.9352764479263;-13.202368567714387
9610.635814527395;-13.044327968804115
5350.483186476915;-13.16796517203324
20008.121931474147;-13.038952438228934
11550.813387063397;-9.678708275684297
2233.3574330363117;-13.030351589308648
3148.0212277691753;-9.594312445653982
18602.204933080124;-13.032179269704208
-6141.570796087239;-13.192047549010043
-2919.6524357004164;-13.028416398301584
-7516.157744900309;-4.741676524301966
-4793.767200011396;-4.7195910910798675
6998.972952523931;-4.718411136918477
-4264.636688261294;-4.719618663405988
-4662.790323146906;-4.7184818351905795
9140.806481863183;-4.719835000118621
1827.796933742171;-4.741588858444559
-665.9867309752844;-4.743134322672719
-1953.6581737688157;-4.7416821801637346
7639.393632652755;-4.719590384097147
4923.4314007387875;-4.741839837310523
13526.523009018936;-4.719508374101508
6749.0722856229695;-4.718610506045806
6577.918452665079;-4.719507667118787
9899.347412906613;-4.71873705595287
-8959.314007775305;-4.7194963553952505
10785.415533647134;-9.200764302590086
10781.7681148216;-8.231672511501104
10785.793023885979;-8.17911023101448
10782.7576419063;-8.233630775055603
10786.530229418126;-8.18523369006585
10783.531306745354;-8.240997576046336
10781.842934941214;-8.186259447165826
10782.150069465373;-9.253202248882774
10786.632166663965;-8.178333142302378
10781.889149799626;-9.248508633061673
10786.331976769692;-9.198806039035588
10784.10341196936;-9.247545043058667
10781.722230659849;-9.200826469687055
10781.889149799626;-9.248508633061673
10782.044990601253;-8.178550727141767
10784.16186260424;-8.236117458934332
40710.00100028587;-5.8162279092356375
-3220.9605080205265;-7.728726991092362
-3376.671603164722;-5.7973696197920495
2362.0925142536935;-7.732266734741968
14456.828528938102;-7.81734264245835
38312.33196510172;-7.732693945182437
11351.766102239151;-7.8142301092492135
31542.774489330564;-7.732205704679043
17678.850420767987;-5.815129368103001
31570.957492976566;-7.731717464175649
-1758.2626187927021;-7.797202721693353
-1064.9607291009006;-7.732754975245362
20018.744298477817;-7.817220582332501
-1093.1437327469093;-7.733243215748755
-4909.827001507567;-5.812505075397259
34969.82773268515;-7.731717464175649
4599.130583262958;-21.67101336391378
4607.815592100213;-25.026522806734388
4944.550145263933;-21.652962654216918
4901.856470242903;-25.026522806734388
6074.302189557019;-21.611413979234193
5050.080621065377;-25.027377278199328
4426.314144259206;-25.169539968178775
5192.210028844163;-25.023959392339567
5780.962206864352;-25.17883234536
4888.448035546791;-25.017123620620044
5970.874400105647;-21.64879710582533
4690.186044335645;-25.01349211689405
5933.726941254373;-21.659157572337733
5807.687655110921;-25.015307868757045
5205.466094964184;-21.660546088468262
5856.506546890855;-25.017230429553162
-2539.7047793774036;-17.163606535465412
-35814.52071664375;-17.204436321015812
835.1625280806056;-18.176210075432202
-15008.480143715951;-17.205927820031352
-16146.1740079577;-18.17776372024006
-46348.56140973817;-17.204436321015812
-18677.05152937073;-18.212938238689865
-46511.245081304405;-17.203348769650315
-15512.908709243482;-17.163140442023057
3975.284940325586;-17.20331769675416
9783.856300945645;-17.16407262890777
1952.1114946058533;-17.2043741752235
-6348.031265438072;-17.162083963553716
-48882.71444131696;-17.206393913473708
-11877.092425246341;-17.197040971730427
-38610.71456148359;-17.207885412489247
28879.954650329408;-4.89778243295186
-8796.953285579817;-4.924443534831632
-2633.464353784868;-5.418495611257213
13689.00493851474;-5.452224856842993
20165.30814586703;-4.895165783814647
3803.924159000475;-5.448092465827516
-4728.8709843125325;-4.893251162494735
3803.924159000475;-5.448092465827516
22949.205526425212;-4.8966017498045815
39451.281101341476;-5.442859167553091
10280.975725863671;-5.417809538617578
39451.281101341476;-5.442859167553091
30872.8360278634;-5.4212399018157535
15739.50999838824;-4.92688467701452
15824.07462312025;-5.422053615876716
9249.7363198397;-4.919497429755193
1210.2915375391967;-20.347142385353038
-7084.048051870021;-20.221848721885046
-10265.706487072785;-17.34846557108204
-7084.048051870021;-20.221848721885046
-23012.926824035283;-17.36857443065098
-21940.365164546027;-20.22257664440338
-14135.986563540726;-17.359111437912656
25820.53790676047;-20.2255793247915
-33340.19278339774;-20.344412675909293
26613.12185859034;-20.227490121402123
21885.41005241554;-20.33959018922534
-33396.805922814165;-20.22739913108733
29805.07359186882;-17.367027595299522
-28451.90552724182;-20.227035169828167
-31143.602974040667;-17.357291631616825
-33396.805922814165;-20.22739913108733
-18074.852993919427;-32.356875245716004
-19517.892029954157;-32.422944274329794
-24386.436309360884;-32.36164455988346
-38885.32535812756;-32.424440529754875
-37684.315021174596;-32.364075974949216
-23527.919414504777;-32.42476783562911
-25820.3421869397;-32.37127670418242
-34497.4135424634;-32.42401970791657
-13600.176172924073;-32.37155725207462
-26076.070623705345;-32.42140126092268
-11030.904534794201;-33.90049650659857
-9032.455300159078;-32.41892308787489
-13198.888023267264;-33.887451029611135
-37997.696520693215;-32.41597733500676
-27997.458833868677;-33.89885997722739
-20569.346897191484;-32.414340805635575
14716.5066127709;-85.65034954473738
-11119.7321498311;-89.02588610920219
-16790.723008196364;-85.6337532541497
-1846.279519505144;-89.02780106580846
-27312.86087970557;-85.6415194670529
1654.308165179522;-89.02801383876472
-29364.896066265457;-89.12142116655949
484.21150560920796;-89.02801383876472
-13597.698044145025;-85.63588098371223
-4205.877426698353;-89.02822661172097
11069.414288289285;-85.62822115728714
-8895.966359005917;-89.02843938467723
-10322.203580870235;-85.63917896453412
-10036.95613649737;-89.02780106580846
1018.8079064576668;-85.65098786360613
-11158.54132593625;-89.0267372010272
-41837.51018716191;-96.1005142313897
-35213.90545020047;-93.18952652127952
-31567.16319051704;-93.14188172196063
-37298.73788450938;-93.19080435114631
-27147.91605562094;-93.11093998447193
-37896.85358053644;-93.1913519925178
-30428.245096116614;-93.11842441654883
-35548.477948469495;-93.19244727526076
-40093.86332392823;-96.10024041070396
-33488.13837640576;-93.19299491663224
-40264.33364515461;-96.12451917817297
-33490.58766263028;-93.19317746375607
-33091.354008033995;-93.08027206766896
-34376.739418660545;-93.19317746375607
-40826.68976230373;-93.10318173170927
-34972.40582846309;-93.19354255800371
31899.801845463804;-69.42639961548858
24696.05942359119;-69.34718739126012
34265.183113202685;-66.41992727706862
25423.91489937475;-69.34774003468496
36516.408505747015;-66.43678290152654
27221.199305179372;-69.34774003468496
29105.218331562624;-66.40390061774798
28305.531090969955;-69.34810846363486
19433.861051372187;-69.42511011416393
28667.968543284784;-69.34829267810981
35590.64310534417;-69.42989969051263
29360.057165221486;-69.34663474783527
29483.15475387776;-69.41663624831622
29701.63061945898;-69.34552946098556
26542.22519631985;-66.43945401141332
19560.535325413144;-69.34341099452364
-5373.211609890714;-47.2966588306395
-7977.734563997194;-42.95863478425388
3356.8229072885824;-42.83270986970702
-3737.418985308439;-42.96962060013583
11388.619709434583;-42.7684428467976
12925.384529389681;-42.985275387767615
3513.1584692231554;-42.76528442473153
-1275.019269324297;-47.51706176177115
2634.2867031569494;-42.77887937188545
15061.817721809362;-47.475315661419735
13971.594946793482;-47.279768138720996
-6045.7754496503;-47.46996007617729
13956.46569886433;-47.29295111777934
-1604.1950272979739;-47.46886149458909
4539.196556054752;-47.30366228826424
-3889.1699266584183;-47.47325582094187
10862.772629700165;12.213338005010502
12460.241163997413;14.269535623784359
9910.178327841171;12.209734749742346
1744.090433421843;14.264911446190224
21832.591730546046;12.213998601809665
7057.211910307295;14.261548407939944
2934.833310745591;14.182577063312834
27753.12586620113;14.260587539868435
34538.48718826304;14.179814567607247
15808.770684633215;14.263049764301677
19065.786932449977;12.214719252863297
5474.728005477493;14.26683318233324
25706.653613218663;14.187381403670377
9481.510892004622;14.26869486422179
14668.868514431157;14.180715381424285
33113.34189284141;14.269535623784359
-1642.394651379377;6.376824645006242
-1223.6967924241853;6.375989986338418
-1051.6184771305495;6.399730152943662
-1185.6364386368741;6.376022649916592
-1421.0637586724424;6.376666191903608
-1314.1516983908164;6.376033074462818
-1186.2308662953105;6.37711166751233
-628.5897880924645;6.376076162587219
-696.7961159861914;6.377054679992962
-626.5517504063969;6.37609284186118
-1649.069224801248;6.399759341673095
-1032.8175794765766;6.376120640651116
-919.570618720757;6.399677335242784
-1102.739255756077;6.376161643866271
-879.8798347845918;6.39978714046303
-1263.2007562391277;6.376189442656207
-17341.341614717647;65.59740251046415
-31478.099897870285;59.479697293225584
-43461.14421527614;65.61155252697944
-32515.391847826606;59.479697293225584
-31195.984010983324;65.58923903939765
-31983.844231679832;59.47860883041672
-31236.409153311637;59.60033525454171
-29896.35869059858;59.47752036760785
-37407.69417896388;59.668001359159625
-39860.72621982244;59.47479921058569
-33467.102911364476;59.70809307261957
-35668.55294943512;59.47117100122279
-33244.76462855874;59.67380649414025
-30421.885540866668;59.466091508114744
-32472.81643197019;59.660382119497555
-31416.17202026095;59.46246329875186
-36350.12342477998;50.14568568435824
-63979.74410664931;47.59232563718825
-51220.40329065829;47.66441113529641
-58650.821577408766;47.5938289843855
-44763.37052587922;47.68778818421366
-58679.87786164672;47.59322764550661
-30134.257819175924;47.66974801784665
-65776.14887966074;47.591423628869904
-65009.78938288474;47.63607304062824
-28755.53713208506;47.589995449032514
-59130.25026733499;47.68673584117558
-41078.307277400854;47.58879277127472
-58461.229322756124;50.1373421074135
-37632.23196677965;47.587590093516916
-46717.405640881545;50.15530710642064
-28900.818553274825;47.586988754638014
4452.835862649183;50.26496407212011
5730.6487752153225;48.23882641677188
6077.013656913778;48.29820019453668
5426.833117682114;48.23834711281415
6136.014691011416;48.301435496251415
4716.816427097361;48.23690920094093
5151.035644069299;50.26783989586654
6843.985344320315;48.23553120206243
4927.265975471106;50.27263293544392
6011.331684772527;48.23319459526846
5678.370435024067;50.23500757476148
5804.890699224949;48.23175668339525
5450.884494639114;48.304491058981995
5799.879995692241;48.23031877152203
6582.259596461856;48.31863052573527
6007.531901260224;48.22654425285484
13358.6684302754;3.274648785038136
17089.328551640716;5.892285621536951
-1641.6227709045233;3.273657053657187
13097.739187014922;5.881529150405125
27934.164539582685;3.3121820034555696
18743.402988677037;5.877867372998546
776.9686392735457;5.777168494317625
7771.813626547264;5.876646780529686
16991.69419584741;5.773277855823135
-3154.098843983302;5.874205595591967
13250.756773872272;5.802266926958552
-4898.3851419280545;5.872527280947285
-1062.0972087395712;3.264273749052829
29811.484784310138;5.871230401449122
-2838.357330803774;3.2815146176754713
-4829.86980452924;5.870696392243996
34692.479431061074;20.654472643489328
34894.069554186564;20.699063936151386
34848.55425362455;19.656280543801476
36711.55068754864;20.69780133739507
36677.6979489535;19.65369375610561
36151.39548811256;20.696815894463313
34542.66638673485;19.652338772074444
36374.51047392861;20.694752623324945
34436.6075178414;19.645163515727578
36759.14020215174;20.693644000026715
34576.01035584821;19.651969230975034
34481.41836835173;20.693058893285986
34857.94692098042;19.64694963104139
34674.946451996766;20.692319811087167
35533.436248323866;19.64698042613301
35628.88923032796;20.69170390925482
35985.31247997223;57.81310955496635
33200.45753444777;61.40649584587047
57298.982435644095;57.77113771224679
37031.20822874386;61.40820028618395
37248.97191438795;57.78392101459792
39888.51980746636;61.40862639626232
34309.752837267675;61.291233069671065
38978.08645989105;61.410756946654175
57546.280075037386;61.28995473943595
37396.24789708396;61.41704207031015
58503.96774861141;57.791058358410645
57662.053173734246;61.42567079939717
46747.87901223029;61.29996832627767
49840.28086279641;61.438134519189525
42331.56846160009;61.276532271967255
57130.44200624867;61.50428810885665
9052.68253290396;-18.232379856808713
16876.513905860174;-24.52063349331106
7068.150376215137;-24.71278670753337
16098.555178389033;-24.5253976225893
16164.921325756239;-24.772139818124764
17550.007401364415;-24.529367730321162
11659.397321160342;-24.768765226552674
20502.071956476073;-24.53095577341391
21729.84568276939;-18.24647373925684
22737.62792056771;-24.529367730321162
14933.460591275854;-18.278830117271546
23478.716566168183;-24.529367730321162
15635.221149547611;-24.705839019002603
21971.959220386794;-24.532543816506656
9666.262145368364;-24.776705442016407
17488.5572649133;-24.537307945784896
-6133.1580836587445;-52.06189678072344
-4243.08237456833;-51.10261369724351
-4780.640988062971;-52.06857765945862
-3910.5950131056734;-51.10212781515368
-5282.1754650079065;-51.0668709960103
-3744.351332374345;-51.10188487410876
-5156.8619316404465;-52.06347589751539
-3238.611703302985;-51.101763403586304
-4042.7769616129603;-52.065723102180854
-3070.9663051961816;-51.101641933063846
-4994.893488904317;-51.06577776130818
-3238.611703302985;-51.101763403586304
-5595.319126689009;-51.069057465414545
-3909.1932957301983;-51.10224928567614
-4278.195394823977;-52.066391190054375
-4410.727772675134;-51.10273516776597
-5266.807803010651;-55.78245584592285
-5343.813076878808;-57.7262869864674
-4486.611228947295;-55.78553552389196
-4829.190136483305;-57.727087702739375
-5380.529558241893;-55.770137134046394
-4805.196431700768;-57.727703638333196
-5311.299314506294;-57.7759313953295
-4759.88347967515;-57.727210889858135
-4227.398983569717;-55.76132925505473
-5207.110090076394;-57.725301489517285
-5136.50441103479;-57.80253981298263
-5255.861630367026;-57.72357686985458
-4958.614778124774;-57.80740570417383
-4238.1159169956745;-57.72117472103868
-4560.216121086716;-57.76792423260981
-4582.203982714662;-57.718649385104
44249.26608122788;-25.83233780482103
44407.084530906664;-25.832081422518524
45712.55752166814;-25.83244614701983
45529.9842375475;-25.83208776315611
45172.13651739937;-25.823385375905314
44547.08970796647;-25.83208555771695
44695.41455103458;-25.82340632757735
45786.41369782765;-25.832076735960303
44506.10386867409;-25.823354499757055
43678.62886667131;-25.832070395322717
43509.887665300645;-25.823402468058816
44423.417617548715;-25.83206377900523
43836.396275454346;-25.832416097911256
44409.89178017327;-25.832050270690367
43387.950965338605;-25.832477850207777
45411.109991330835;-25.832032627177078
-14491.67862626652;2.6323585618814507
2433.4272965059135;2.432749435056841
-157.89579562231302;7.086171572118162
-6486.222589729188;2.437286006121037
3794.753409191697;7.128925317601945
-20254.31923165599;2.4374234779714667
2634.2535586250997;2.6360703018430653
3415.074241877308;2.435086456514154
-4440.145354296055;2.6377199640482276
2392.546632461297;2.434948984663724
-15097.223462427424;2.5959285215174552
-19631.400113276126;2.4392106120270594
2589.79583647658;7.1205395347257046
-17288.93806351951;2.4458092608477076
-3449.811267815181;7.14844632036303
-12501.301295594178;2.453507684471797
-20311.787780037128;36.56343828735016
-16946.17125813271;36.47465840376129
-16781.205741187303;36.578108250991136
-15234.476255258482;36.47496244445851
-23338.940568898397;39.04866694644419
-13930.395401474569;36.4734422409724
-19377.990516552;39.06478110339697
-14352.05295125312;36.47283415957796
-16227.824648244376;39.04068587814211
-13930.395401474569;36.4734422409724
-15840.120130509546;39.03080455548239
-25172.93759295628;36.47534249533004
-17147.40074647559;36.57149536582655
-14376.939990447469;36.47496244445851
-19178.894202997202;36.56967112164322
-14373.384699133989;36.47465840376129
-32930.633677270576;40.65927325078834
-29055.53467331843;40.69754820632248
-29028.96357329783;40.655641097910696
-36399.73634725867;40.69739559485703
-33389.26849373989;39.66156053428127
-35488.51132475127;40.69739559485703
-32389.137326139866;39.65487615209469
-35501.10426314966;40.69678514899524
-35769.96349795526;40.66260018073509
-34908.732440889464;40.69605261396109
-34264.351783043916;40.65844914887492
-35214.99270273827;40.695930524788736
-36186.78975894192;39.65957658523046
-36419.885048696095;40.696418881478166
-31575.129788068025;39.65798942598981
-28480.792964815973;40.69596104708182
38819.88937848728;55.181212215823486
7641.1475257222755;55.26330501531832
48430.14956427824;55.192113262640675
11450.929242232265;55.26403581175299
23485.595974893222;53.206478449933556
26409.236817128978;55.26257421888365
17036.89297522326;53.18443275748761
31928.89599526671;55.26062542839119
11421.287205944922;53.18796494025519
42463.51968107085;55.25849393879006
20673.502795528253;53.19783069212327
39578.88151816054;55.257519543543836
10966.51596501017;55.21957902864377
32028.742854339864;55.257154145326496
41231.035014386616;55.18072501820037
29229.91058594555;55.257519543543836
27987.854087668235;68.47819349292608
8785.222742046055;68.52423197895614
16382.682473263969;67.00862358482799
8287.223040585028;68.52396405372221
26047.518516159373;67.00907012688454
7784.988647785049;68.52378543689959
9566.523294083123;68.47895261442221
8316.86587995771;68.52333889484304
30784.86771704755;68.4737280723606
13951.969644704197;68.5229816611978
30787.832000984818;68.47555889479244
20076.18025909991;68.52307096960911
14417.362222855278;67.0067481081905
20595.35341725571;68.52289235278649
28735.27710899367;67.00862358482799
17041.600445605258;68.52244581072995
30951.46989152339;93.82386840229836
53055.61769987716;93.85839614125412
34769.22906770007;93.83590171237226
53626.515421145894;93.85833567235927
48832.12017664495;92.85476365908569
53593.101674917794;93.85791239009536
54416.98918905645;92.8406744065871
51832.67458792859;93.85748910783146
59781.80481559429;92.83027375667399
46608.19669554878;93.85694488777787
56393.17360883282;92.8293364888039
44248.23153338105;93.85621926103974
38380.300356494336;93.82940130617656
37171.67742150067;93.85570527543356
34297.61790665198;93.82879661722812
38025.637307244615;93.85558433764389
-24286.216192955348;137.16851740631122
-19230.83583545094;137.22378406087506
-26819.90300072313;137.15515424366507
-11557.37166921874;137.22505386366043
-10964.371688789222;137.1922808584377
-11508.510247610317;137.22638413324512
-22929.20125646682;135.17287116208323
-12553.256280546822;137.22710973483677
-4390.289508746584;137.2046160854957
-14700.493662866154;137.22698880123815
-15935.355045333621;135.1985090849881
-17370.104061653736;137.22723066843537
-26003.028870378643;135.18224351597533
-18950.548953315338;137.22795627002702
-4168.636332541093;135.25141753437907
-18401.5242523334;137.22831907082286
-13753.558678987243;75.61115173911227
9846.402227219363;83.3492358302555
10420.058410817763;83.05193313606549
11019.163297570249;83.35836254381466
-17089.459517435607;83.0749780878024
13460.118075099854;83.36840192872975
7752.186030164208;75.59084480144313
-16513.682608574363;83.38574268449217
-15111.353028520974;75.59746166877352
-11546.944043001531;83.39852008347502
1462.114900578803;83.07999778025994
10679.317074200033;83.41266648949173
-15138.392275622195;83.0971103681834
10664.47199736015;83.45966906432146
2495.968466213626;75.5887912908923
-3066.6938982174324;75.94838380512365
10875.036567686358;-19.913959134606223
41845.40151416214;-19.783644763275262
30486.760329114706;-15.953970845059168
59065.08484066656;-19.789074528747385
43300.00940700271;-15.998856906295387
6324.896082672139;-19.78919519020232
17030.175192934203;-19.930007108112722
6224.635917743438;-19.792091065120786
15687.524484264013;-19.924094696820852
14218.713068058541;-19.794021648399763
39392.369478906585;-15.996081692831858
16268.197939476075;-19.793056356760275
13617.98757986074;-15.983170917153696
22297.175857188635;-19.79353900258002
10802.34794811305;-19.93990134741748
24395.955309696114;-19.791125773481298
-78894.11735201384;-27.99007936874009
-74500.3703993347;-28.19896709741801
-81822.66333172475;-28.018822566137274
-79053.22427480391;-28.197583734976433
-73897.01265182959;-33.010455376155925
-75858.26277962585;-28.18651683544383
-77341.34851804025;-33.00015701131308
-81349.39194421026;-28.17529622897327
-75643.47687006935;-28.00606489028719
-82617.69177306817;-28.166688640447912
-82581.41606956885;-27.968560397426693
-78354.3686287843;-28.161462604557514
-82650.59299252105;-27.981318073276782
-78769.76761490219;-28.159925535177987
-76530.46000167851;-28.030658000359644
-78576.40967904065;-28.15808105192255
45730.91816247101;-99.22994792851034
51780.46060391243;-106.9879433286162
50159.90055364868;-107.19680022168873
58211.14999456985;-106.99160748463501
49308.215356335786;-107.23441889014858
56877.40987875211;-106.9925845929067
63141.381754932314;-107.19362461980576
54893.25209132259;-106.9925845929067
55165.81329097778;-99.26854370524188
54559.81706236815;-106.99282886997463
42653.22509916131;-107.14623486862907
55210.23473397993;-106.99380597824631
65086.60222812538;-107.21316678523945
55855.16827682601;-106.99527164065384
32133.56930079949;-99.25437563530245
55849.68414806031;-106.99576019478968
1787.8282816234346;-151.87830569438728
2544.629644408997;-151.94456293567853
1673.8145850862602;-154.39979126896736
2476.788658807773;-151.9450172710474
2849.6304634539656;-154.34557391495076
2431.844951234164;-151.94554732897774
2193.3426679638624;-154.41016525988954
2073.8457256562433;-151.94668316739987
2606.6470448471287;-151.87133921873152
2188.9938868355785;-151.94759183813758
2474.6709914757394;-151.92214905748173
2236.86829473477;-151.94940917961299
2264.416877795245;-151.87058199311676
2239.5153788998123;-151.95152941133432
1705.5606873227305;-151.85854210584213
2287.389786799004;-151.95334675280972
20412.393684361363;-60.07828350586949
21083.252112631897;-60.18340499297698
15966.857447982631;-60.087848365588805
20654.783814210467;-60.18340499297698
17468.71699566256;-63.12036874563718
19804.952827623354;-60.18487650985688
20691.821807668537;-60.09621761784321
20445.87887269156;-60.1845086306369
18111.952364063884;-60.09373443310839
15901.485833629777;-60.18257726473204
19509.092980599766;-60.078743354894456
16328.17772948727;-60.18220938551207
17016.000802243398;-60.07322516659485
15896.156625937967;-60.181473627072116
17193.72987876522;-63.0794421824151
18782.544331949826;-60.1803699894122
14220.018722181663;-82.85358822404307
17659.716079883747;-88.16307125649782
14517.066007825495;-82.79865732419137
18040.044736126358;-88.16441513172354
20455.41242698804;-82.69853861987451
18042.124171097614;-88.16508706933641
17274.39677971013;-82.796809495756
17787.185443621704;-88.16374319411068
15428.794270972416;-82.7803470242408
17402.697917436584;-88.16105544365922
15182.589170375777;-88.36364463393797
17021.329543708347;-88.15937559962705
17222.098990183054;-88.35524541377715
16889.701310027882;-88.15735978678846
14717.731482551637;-82.82150320302877
16881.38357014286;-88.154672036337
18422.852661464374;-67.34399795893125
-222.27765653491952;-67.31055396886771
-29109.493785102248;-66.3486367723716
7176.778095685542;-67.31061472089326
-22385.307544884854;-67.33983644518129
2988.385599012774;-67.31085772899544
-19277.05639427148;-66.33129206907797
-4357.275807900049;-67.31116148912318
12204.599725965243;-66.35085422130406
-7515.420035276296;-67.31122224114873
-19979.060737496467;-67.33755824422329
-10647.304748566821;-67.31146524925092
-21192.25028825686;-66.34748248388621
-10612.292063119188;-67.3117082573531
16744.869711386695;-66.35039858111246
-10603.538891757285;-67.31176900937865
21380.98242509375;-83.27317874694353
28159.19891293904;-78.90606713156008
41157.518931459956;-78.74703949712239
38319.81390200363;-78.9095212504662
38936.07796260219;-78.76610623348417
40933.51675197941;-78.91946911291582
26425.332580523565;-78.783514992771
23104.870165796572;-78.93328558854029
31822.374339590184;-78.82662239671936
41039.84036712456;-78.95898423320182
29813.236511653304;-78.76513908019045
18919.36707639355;-83.50045977096612
40468.996103287034;-78.72742010173565
33313.31357720801;-83.4679910532486
37094.85574693337;-78.76969851714652
36467.924915883355;-83.4547272366491
-14349.064506383376;35.073131672692156
-7492.202347962687;35.01197877621328
-6940.346634580309;35.0704847562774
-14486.768289043843;35.01024458959672
-8217.950999314287;35.01553842242623
-14449.769791603583;35.0073238542425
-8591.867064069917;35.06546474238735
-13878.143006151566;35.006228578484674
-8416.35544183768;36.55855378276003
-14435.895355063485;35.006228578484674
-8623.315786894136;36.57142327291454
-14440.520167243518;35.00659367040395
-11806.227149497005;35.06254400703313
-7439.4794891103165;35.00800840159115
-8785.993555326779;35.07034784680767
-7453.353925650414;35.009103677348975
-53999.660128354175;25.491623733799447
-44829.66046268683;25.470587723451686
-47639.68924390631;25.493454278572276
-53196.396471678825;25.469397869349347
-44758.5655883301;25.987960694412266
-52392.97792420967;25.46727748832082
-48317.95602998062;25.989974293662378
-48982.59242620005;25.464974052815013
-50567.58991921179;25.987350512821322
-52442.54297822743;25.466301197775312
-44078.90478511155;25.492218660850618
-49453.770220956394;25.466301197775312
-51343.74768697117;25.49202035183356
-45423.356875343336;25.463967253189956
-50291.88430623798;25.99284214713981
-45869.90703388461;25.46578254342301
-44856.334676048406;21.863596399895574
-43904.058528719346;16.112332451073225
-39413.640910336144;16.337142493285562
-45353.20052705227;16.112332451073225
-46234.88207039952;16.373684649959774
-42430.884324775594;16.109638098507386
-34414.94214328392;16.36526479819152
-50215.51652726304;16.089935645369675
-47264.061275683234;21.852145401490752
-51798.63807187633;16.06113975232225
-45857.27603973939;21.846588299323706
-48299.248532369646;16.061308149357618
-42452.81371239547;21.85366097480904
-35747.82834697447;16.092629997935518
-37013.4243749547;21.882962058962555
-45305.13611583062;16.106943745941546
-15714.411549290315;30.95078083398297
-47125.8613848629;30.81772302209678
-42277.901677051705;30.94977073327162
-58871.65629582247;30.811111453804298
-17205.835376998068;33.947933299237256
-8333.02877700232;30.791093094252062
-36620.9777055508;33.95013715533475
-7871.952437409636;33.76179928633642
-38912.210851577285;33.937740464786344
-53908.843636993595;33.7601463942633
-45642.76023476513;30.936363942011866
-34955.60991579454;33.78521525737229
-14516.77824121472;30.94958707859683
-34369.69341205221;33.798438393957255
-47229.89485498761;30.93168074780469
-29178.00711894899;33.80633554497327
48436.91078986671;-13.327751817085353
45214.61295830218;-13.280044957629332
49145.059969824826;-13.330641317721176
38973.630361243784;-12.29045118779016
39267.17445309877;-12.34089705305722
47863.658148585084;-12.299631372101885
39963.10223724517;-12.34183012097087
42257.95754136212;-12.302009190333447
45231.215609216204;-13.317548267965106
38327.74112221328;-12.302972357212054
37340.11398520234;-13.33070151565109
49500.40281785981;-12.304146216845357
49909.012504243976;-13.33043062496648
40874.40329852634;-12.305590967163269
45593.24563609157;-12.341228141671742
40012.44900523964;-12.306313342322223
54537.18535771202;77.97400206127162
33731.26790299326;77.42413927516506
83551.8127902276;77.97108527810536
24134.60533406547;77.42433591223245
57474.88462815014;77.97934403493566
30678.574487239865;77.4245653221444
79810.4916438071;77.97999949182696
42088.40055672027;77.42486027774548
50202.17350757075;77.43893621448602
56762.1883554403;77.42525355188026
12209.97989311548;77.44170551985174
68130.56304695822;77.42545018894765
16369.826242834635;77.43837907612843
69703.0411270835;77.42535187041395
43715.701427053995;77.9772629593058
60027.48722590452;77.42535187041395
5685.464013357443;123.23192340826266
-25033.849614218023;123.23144280507027
-35340.54251805063;123.23190987014456
-30463.53002996;123.23144195893789
-55572.700245009386;123.23186587126075
-35893.210445701974;123.23144111280551
-6385.25468403985;123.23180071906742
-39985.20889778171;123.23144195893789
-21008.39689220243;123.24579024878784
-40030.32464697774;123.23144534346743
-60193.68085641256;123.24581182516356
-48465.841852905076;123.23144872799695
-6183.361706387623;123.23170679837314
-47881.59290081651;123.23145592012219
-16117.849679352992;123.23186248673123
-47246.58873088242;123.23145930465171
28219.752966554097;159.22000599154862
45179.05452645823;159.1968039370807
45506.758475003495;159.2204647377958
44695.380091010426;159.19680673858448
25216.49146343048;159.22055158441358
46221.070119807206;159.1968109408402
19554.265010718133;159.19744828295458
45737.39568435939;159.196813742344
51314.17022137513;159.19747839912043
45745.69198685421;159.1968151430959
22800.60817693988;159.22047454305908
47217.45604943468;159.19681024046426
45476.891786022155;159.2203652844109
47701.13048488249;159.19680743896043
17940.634175476305;159.19746439160144
47688.68603114026;159.1968053378326
-6244.136406143902;152.32903428077262
-16004.071550287827;152.42803685032902
4903.7251255967785;148.84919476733927
-16427.883417952657;152.42909797111741
-32010.058631987547;148.87253942468377
-1934.7437626008068;152.43026520398465
-29915.523669369144;148.8332779555135
-3729.621509564691;152.4317507730884
308.47022773364733;152.32595703048628
-5486.179919488357;152.4342974629805
-20259.05073523381;152.31025244281818
-8167.00073882212;152.43684415287265
-12964.581736257609;148.84091802518986
-8983.9690045196;152.43981529108012
7563.853502928825;152.30706908045303
-4270.690548572591;152.44236198097224
42167.941384344624;50.82422093605542
14510.564280802711;56.50341619400247
30323.83604890448;56.33892833040192
6109.690281356809;56.50073067786205
55034.56785638585;50.83899127482771
17389.11976524113;56.50207343593226
979.475164311174;56.41697614323279
42896.971953609005;56.50140205689715
35246.25984427573;50.784609572984266
51415.24217998958;56.50073067786205
9400.306522335966;50.86030755919227
45752.048192660484;56.50073067786205
33392.57342097709;56.26138405184737
40112.33345071833;56.50005929882694
24904.826213599525;56.300827570159754
34308.26399106761;56.504087573037566
-56751.63858592248;44.688262779435384
-59331.0658889255;44.50469203624981
-66860.81555745396;44.676674646348516
-65066.296949806114;44.50469203624981
-55700.89289529099;50.77111295693729
-55208.92800868395;44.50303658866597
-61211.660518299665;50.752719094894644
-55208.92800868395;44.50303658866597
-63277.96059786237;50.728071319757504
-67905.37899238135;44.50027750935958
-60540.647995339255;44.69267730632561
-66696.51022316422;44.4907127010974
-66703.88137419603;44.7517216034825
-63207.57799446184;44.47029551423007
-60106.70120072453;44.74620344486971
-66096.8314198665;44.45613224045723
-89350.88231754283;-6.149526438729227
-84916.8628520164;-5.894166814493996
-68848.20448214232;-0.6636510466941381
-26769.996006471236;-5.888469815003184
-62549.30795293581;-0.6792340158895951
-118377.14532046938;-5.90807419560392
-131751.60482657977;-0.6360038432828437
-3753.0250946267515;-5.920473547436863
-85713.2750568586;-6.176838524523415
-41171.23488411371;-5.92834881143887
-32217.63100543319;-6.142153851152882
-68356.75452653722;-5.930862193567169
-26429.93018897663;-0.6664995464395442
-64710.371373788614;-5.9363916342494285
-117446.90076164543;-0.6876119563172605
-90774.77080498797;-5.942423751357346
-28394.5936356748;-52.91496898101509
-55150.46324534305;-52.93280245661354
-52001.498315640536;-52.918541836229984
14452.629827289082;-52.9329102582795
-10758.164612429231;-52.917925826710174
-20085.840638423375;-52.93297185923148
-56884.698852766305;-52.92587234951569
-16506.098578004356;-52.93346466684733
591.461635968546;-52.91729441695237
10237.054363598476;-52.93364946970327
-276.4509594971678;-53.420035186305626
37172.546909690966;-52.93346466684733
-13361.902398826373;-53.420835998681376
-59175.288688052184;-52.93317206232542
-32904.24204837851;-53.420697396539424
29790.521097707868;-52.9329102582795
-63661.70546428548;-47.94697911599574
-65116.13395366575;-46.49183619644119
-55857.082086207156;-46.42841090522105
-49982.70208364527;-46.491283470591775
-55629.51844501161;-46.460146581074845
-34922.12655724867;-46.489993776943145
-36641.896051185024;-47.93638520388199
-41502.58347023945;-46.48925680914393
-44863.86934829392;-47.93693792973141
-32039.35394842753;-46.48769075257059
-63895.56533270778;-47.94384700284907
-38637.800082066184;-46.48676954282157
-47987.69751379651;-47.94591972478437
-41892.05009726583;-46.48676954282157
-68578.15946734829;-47.961442109055376
-45083.33784019793;-46.487414389645885
-27355.97536396303;-50.77914037787998
-43835.787437717205;-51.136182589043
-29580.10557091548;-50.76271205528046
-31891.319967646803;-51.193134107388026
-23302.496610389026;-50.7126056713519
-20856.01143886785;-51.30621572794809
-40164.89855790506;-50.879353145737085
-22777.66922665501;-60.21994976507398
-38952.68663618313;-59.704648046202195
-30990.288884068053;-60.3645190039498
-43107.76361116582;-50.80323525102595
-35030.41472854263;-51.18053906006172
-52371.77971984247;-50.77065241120356
-51145.63432775592;-51.14302772345947
-44038.98388053458;-59.712314596748634
-47343.53860201026;-51.12194470945675
-7272.631079263243;-66.75735790682155
-41379.38343705653;-66.43216464061611
-9107.073801147111;-57.70108431502556
-41359.55162384697;-66.4327167514246
-14493.394268862343;-57.66989005434541
-41181.06530496097;-66.43768574870109
-85624.1587075745;-66.70490738001422
-38531.53506016437;-66.44486318921156
3533.723938623465;-66.70463132460998
-21611.032029771755;-66.44983218648805
-54190.73477042928;-57.65305067468621
-2276.9973317762488;-66.45535329457303
-22209.952788700328;-57.66464500166468
-40768.56359020222;-66.4614265134665
-49163.37012180699;-57.730346187875966
-41805.76742106196;-66.4658433999345
-55010.66430281836;-160.7819134776861
-76863.3735900985;-160.71746135086153
-64313.90389436745;-158.76175937506483
-79667.86487622956;-160.71776797372937
-10814.774158037837;-160.7671955800287
-81500.84516750132;-160.71825857031794
-84684.19430114223;-158.77169395598355
-79487.08208592403;-160.71917843892155
-51211.08165787511;-158.77500548295646
-74653.10747558043;-160.7199143338044
-55920.86635140013;-160.78559295210042
-65000.87849752848;-160.721263474423
-69822.27691376387;-158.77242985086642
-60166.903887184875;-160.72199936930588
-24942.556214349373;-158.7853080113166
-60119.74315927908;-160.7223673167473
-40850.47718878512;-256.55239645687595
-60586.69902097575;-254.62477439582105
-91449.8599061532;-256.5336641924067
-65544.24612379166;-254.62531474960383
-11983.296052192374;-254.5809457001078
-73383.97502265642;-254.62549486753142
-82171.47027941245;-254.57242011820193
-77396.99599444564;-254.62627537855096
-72677.60556617676;-254.58298703662047
-65803.4642729585;-254.6272360074981
-59881.949677928395;-256.53618584339296
-54145.12801417966;-254.62771632197166
-51300.20882707354;-256.53762678681363
-54169.42971566405;-254.62789643989927
-1554.625888523753;-254.56893783826854
-59135.077385641416;-254.62849683299123
-53940.171818411116;-160.64027422713664
-13301.838269535838;-155.34465903280042
-47977.44865103569;-160.7706463463041
-10082.07410974468;-155.34516046402797
-55071.03310877542;-155.14609226668384
-8986.663016570477;-155.34616332648312
-10138.794425248845;-155.16782095321173
-22436.467830495785;-155.34800190765085
-16066.953650363925;-160.6304127463278
-32002.703542245246;-155.35000763256113
-18274.61468037763;-160.62305842165682
-35235.7615259827;-155.34900477010598
-31408.02648438126;-155.20392400159656
-16428.545661702978;-155.34766762016582
-54306.19510439893;-155.1726681217449
-14825.31049378054;-155.34766762016582
-63161.6865640593;-122.24036096236483
-72963.67854353275;-122.27269375825215
-57033.18123607593;-123.21771635686008
-77622.86615869243;-122.27299341345035
-70926.10153198149;-123.2159184256708
-77124.24459393216;-122.27245403409357
-55101.40741149156;-123.24384629014436
-76236.26730113376;-122.27185472369715
-73988.62287109553;-123.22850394399579
-72976.75966483046;-122.27167493057821
-71482.81866485813;-122.2398815140477
-70894.55294532227;-122.27176482713767
-63558.73706933138;-122.23658530686734
-71834.08524558817;-122.2719446202566
-61841.262790712644;-123.21855539141508
-66912.50572675062;-122.27239410305393
-25943.25218004681;-111.44965479049196
-40616.980356213;-109.04961128769226
-17302.489169147884;-111.42600829975211
-38160.547227989475;-109.05066558982716
29598.949696316988;-111.44566350383842
-30423.647815327728;-109.05126804818995
-36928.00595766606;-108.9576610800701
-4691.645855944051;-109.05367788164115
-65600.8081409793;-108.9567573925259
-14733.613679421178;-109.05947654338308
10051.277619608714;-108.97324969020751
5523.310215999518;-109.06369375192268
39070.05629985485;-108.96473996583298
-29320.847731354137;-109.06557643430642
41420.534125892664;-108.98808522739144
-44165.40180288094;-109.06610358537388
39219.77055275578;-33.135664158797034
6192.667537452529;-36.935970943178624
53434.97847175464;-33.08706222402859
62676.08466616864;-36.94022361247086
23595.91833817596;-37.09319820215454
33202.22860922205;-36.94070963181855
16905.690466256066;-33.119017996138844
14726.67647711076;-36.93487739964633
34405.51498937157;-33.10711052212058
25658.37783477911;-36.93001720616949
62041.1401925104;-37.10583470519434
-4847.818013255166;-36.92224089660654
-4908.870366491535;-37.09489926987143
7930.994540509866;-36.880321727868754
62811.50988607477;-33.07369669196727
-5826.875750609297;-32.93530268271412
-13535.697116906871;33.916379670459115
5261.866424924706;33.73579658124468
-4616.921933384532;33.94233081168126
-7405.839570364951;33.74071040680153
848.0397768536659;38.97454885304725
-8800.298388855164;33.74193886319075
-14168.847263413598;38.95735046359826
-17024.78357885434;33.74393510482322
-26023.51087001356;38.88195395271026
-15536.263457261924;33.747620473990864
-664.583553658691;38.87857569763992
-8428.16835845706;33.748541816282774
-18049.463899524006;33.90025618035069
-2053.1635407050144;33.74823470218547
929.16765077932;38.94138053053848
79.67650713751755;33.748541816282774
-30260.68863462394;85.9228452810032
-39208.41379930766;84.82314076756748
-24313.555866396644;85.91573268382677
-38669.773622876106;84.8227528077215
-21185.118681118773;84.86015860287202
-36430.60974807686;84.82236484787552
-14791.469187228315;84.86442616117787
-24192.29132405865;84.82123329832471
-27171.26291064085;84.8640382013319
-19873.76956048697;84.81825893950548
-21586.51371660965;84.86232471201211
-24318.256042456254;84.81479963087878
-27440.58299885663;84.85401590531058
-42532.3783086654;84.81376507128948
-13611.724996265655;85.92045286195295
-25277.5619762231;84.81457332096862
-524.9533110913762;32.597479254804995
-46012.09422065264;32.312206413630406
-62268.88366993898;32.496902291570365
-78074.18784965151;32.31312074965982
10562.993750500696;40.059375590785045
-74070.57582681318;32.31312074965982
-41991.883474668204;40.11057840843176
-58222.114966920795;32.31769242980684
-4659.695246783871;32.61416588734164
-42307.25921444403;32.32043543789506
2036.2296703512256;32.60890845517256
-6835.787851237052;32.32386419800533
-45944.03945575364;32.5913074866065
-6835.787851237052;32.32386419800533
-85271.3942057987;32.52821830057751
-880.1659864178364;32.32523570204944
-29491.71330715497;86.59401368293014
-6977.613697958786;80.48796585776398
-3840.333344201579;86.57245866390923
-14032.239592890237;80.49339989617262
44978.98268503754;86.56575668320525
-18553.781079227483;80.49865279996763
-13645.043599863238;86.64255775938058
-9259.658946238782;80.50155095378557
-14714.442056794946;86.5867682983853
-4227.529337228574;80.50408683837627
-27829.46530778632;86.61538756733742
-6878.33267410571;80.50626045373971
30934.972710849528;80.68866300965612
-12907.527422668958;80.50734726142144
-10177.29926670936;80.67181749058936
-17204.9774551664;80.50789066526231
-55126.84554308164;186.06041803725833
-69404.44931227254;183.48443018534064
-68216.3469341177;183.5610360857383
-69941.44985361844;183.4841249825502
-44150.4820327044;183.57293899456502
-69375.01842256977;183.48343827627176
-66464.9826053437;183.55859446341486
-68526.50323329303;183.48244636720284
-67728.69973088874;183.56340140736413
-67962.33571683687;183.48183596162198
-57157.57693257269;183.56187539341198
-67411.75168793584;183.48168336022678
-60197.10866449095;186.02280179333795
-67418.5434317134;183.4819122623196
-50206.90635061571;186.06583538678842
-67709.68284831157;183.48252266790047
-44883.166837955774;198.5333054250592
-62195.34830756983;187.6963129642263
-49753.58370231721;187.90111660146042
-62774.616901985035;187.69759298695902
-55941.527823522425;188.05887940326733
-62196.93187398431;187.6966329699095
-54873.88734688291;187.9635177096802
-61410.849505838574;187.692152890345
-61881.48544422075;198.5278653284452
-60056.58350817896;187.68863282783005
-57734.12500470891;198.53874552167323
-58716.56960824963;187.6879928164637
-57405.69333034665;188.00639847122608
-57567.53381790607;187.68735280509733
-59781.35966534309;188.03359895429622
-58508.17226810463;187.6844727539487
-31701.040554926643;154.37202938940285
-22967.618860653438;154.52777958454698
-24683.16197043233;154.33573362121294
-26034.002985687774;154.53114881197388
-32602.526401967873;149.3979776803708
-27079.81538459521;154.5357432130106
-23013.13723470355;154.43037828256894
-30767.358784776796;154.53635579981548
-23035.063768544762;149.3532588436136
-35099.65330031453;154.53421174599836
-25662.917216754853;149.3158910485151
-35437.15539083243;154.5345180394008
-36058.314665979684;149.3400882273084
-32092.665102394367;154.53482433280325
-29880.305592922185;149.42569723329223
-28075.668592472037;154.53482433280325
101061.58470984527;81.31036328406455
100481.43428387363;93.1603900376109
100525.5813017861;81.27633466879783
103918.66248793565;93.17301921441091
104387.73636990914;92.73275207874376
105974.66568403425;93.17582569814425
102793.14986424032;92.72398181707709
105070.171749588;93.18143866561093
100965.91708216346;81.23985038026447
103247.85469541574;93.18284190747758
103800.40141853847;81.38999725999795
101870.31648338077;93.17582569814425
106087.25475969535;92.73836504621043
100203.03392466124;93.1603900376109
102644.4490951262;81.27422980599783
103659.16877451018;93.1593376062109
-74914.77503399953;71.41328741829109
-99589.09669908941;64.5633876531726
-75050.49026578761;71.39536839298113
-99623.56405954353;64.56177695426832
-92048.82304724456;64.813851332786
-94539.6283925615;64.55654218282946
-99507.23671801088;64.80297911518221
-79006.69698291154;64.5422472300541
-81277.77290533349;64.78526142723527
-86109.6659989948;64.49614097391948
-71394.79584762298;64.82552889984193
-69718.28189303454;71.09819444514399
-96459.56808035714;64.81948877895093
-89513.85639634579;71.12859638696202
-89082.47583816225;71.3365778829754
-85842.5439554754;71.13826058038762
-27620.290591405796;-32.954616369790585
-30869.457848424816;-33.20994451661773
-31633.233875855472;-32.96083978311905
-26111.979499250865;-33.22625995155991
-29255.171141363644;-38.50135964905189
-31826.846063088436;-33.23954778001798
-32261.270924193454;-38.4662057737641
-25544.822059476046;-33.223064144715565
-32516.36400007415;-32.99767566200913
-30465.698271633093;-33.204225704369954
-29334.23947248518;-32.98051922526581
-29140.47696523107;-33.195479285638065
-26353.24313318635;-38.47983000294262
-25836.743540536925;-33.19346088131532
-32750.863233058175;-38.48638981699154
-24727.983064581695;-33.18875127122892
-20720.805557813976;-51.15704043054797
-17069.453832707546;-51.189123131799775
-61199.82798087157;-52.11183559411787
-32080.99955652791;-51.188890226527526
-39031.35224249054;-52.12825541581117
-41419.85388333727;-51.188424415983036
-13063.412732083727;-52.10385858854347
-31987.455105842004;-51.188191510710794
-45953.6415932474;-52.11244697045752
-54917.5385802241;-51.188569981778194
-58780.144856462866;-52.10738128078618
-36146.28547591947;-51.188802887050436
-33166.89472157344;-52.102897854295456
-30505.555099559486;-51.188802887050436
-62033.93266615421;-51.15005327238062
-47474.51845398238;-51.189152244958805
-136950.21291160648;-26.23214939444103
-53443.79325790095;-16.818304379800487
-33877.80520595702;-26.276216011406515
-31513.786177904796;-16.788825332589095
-58213.06420402959;-16.315033223284324
-142092.54333890614;-16.78396280933773
-138882.2683298817;-16.306219899891225
-39444.24535921955;-16.810402779517023
-29675.97736539907;-26.263755795574895
-55474.02222385279;-16.801893363827133
-123834.22694201436;-26.237619733098814
-33687.34852346445;-16.76633616255154
-74910.42119286364;-26.273784749780834
-101919.92762964644;-16.75600330064239
-144425.14683170186;-26.263147980168476
-131478.01936411348;-16.76998305499006
-90120.62310111689;6.640609566578988
-83642.68595982858;0.9551865785170741
-84049.85150915221;1.1218297276894313
-70157.8302053848;0.9678895668190792
-76091.21123630721;1.198214802084383
-74149.38755777059;0.9698953018141325
-70928.21857398211;1.2003876816623578
-87599.75661268149;0.9678895668190792
-75494.36883955276;6.677715663987476
-64584.89080828988;0.9667195547386314
-73206.56569150889;6.664678386519629
-69951.46624527678;0.9667195547386314
-67321.02105026113;1.1928661754309076
-61834.85463908763;0.9707310247287384
-72242.60681585608;6.654816856127283
-83507.52034714328;0.9719010368091863
7127.595829192671;53.571980355973174
7590.936206867571;49.93771318391488
7938.638444893586;49.94564803095504
7510.373142751997;49.93642645196242
7064.159266802347;53.58066579665227
7922.094244226995;49.93728427326406
6717.107835841891;53.57927183703711
6504.876226462599;49.93653367962513
8006.014102680717;53.56929966440555
7165.1371209744175;49.93696259027595
8411.466904524274;53.56672620050063
7002.6408726052505;49.93524694767267
7612.001803989628;50.039150552833746
6597.0853117513425;49.93052893051365
7924.663219485782;50.08193439025302
8502.785411723304;49.921521806846435
-24344.47937932267;-3.677132762056516
-43477.46112108791;-3.3453757780735565
-35525.843356537735;3.3721694329996645
-10436.547979448173;-3.3317126847821097
38686.93430849111;3.3066292823672527
3713.3967484912355;-3.35242081055196
-46407.73760406097;3.313460829012976
-54756.32687076079;-3.366510875508764
-11227.008777588257;-3.687166596192423
-45869.73675246342;-3.3784660821387806
42430.3059296391;-3.709796094456383
4524.750783586569;-3.3784660821387806
44897.44899343757;-3.6920767703440376
29373.773935690824;-3.369926648831626
35042.80556288053;-3.6455368588200443
-20672.49298443843;-3.3784660821387806
2863.3187887203585;-48.75969784040128
27060.676487228957;-60.75565649875407
63583.51678723663;-48.70899995347529
62403.02184727405;-60.77814653881899
-7032.389188320304;-48.651440698393905
59947.22056272198;-60.7869138425731
97518.56345507437;-61.218798849243385
56547.02332619984;-60.788438591052085
-3258.523474739138;-61.169244523676625
54342.193406836646;-60.7869138425731
97544.59011516803;-61.2043137386931
56602.79474068625;-60.786151468333614
-5762.659985179449;-61.18411082134665
67573.03197016529;-60.78767621681259
44981.89100886563;-48.745212729851
82504.8986753298;-60.78805740393234
28061.37633968136;-180.44857748224115
54653.50725181925;-180.1916656414976
72867.79506890924;-172.89482322760628
72129.37799524344;-180.18984518558443
54496.70757691738;-180.35072797690924
73522.3425490229;-180.18870740063872
16635.05584421559;-180.39487403280316
55944.369691709115;-180.18893495762785
34477.40024642207;-172.97196504692607
39790.356672748414;-180.18847984364956
94923.6749210952;-180.41239592096724
26553.546907776108;-180.18779717268214
22053.76088849902;-180.42331865644616
17772.76511327106;-180.18802472967127
101996.0695599833;-180.3955567037706
14811.803810472848;-180.18756961569298
26064.614475584716;-163.5186606272789
28288.821336479443;-163.5103040823193
23402.872130962078;-163.10475531604345
27955.69463173458;-163.5103553494663
28980.972484881415;-163.10221759226738
28389.68621434818;-163.5104066166133
24570.996459793296;-163.52376170840455
29918.47063350465;-163.51047070054702
26897.840149113916;-163.522672281531
30912.398592178775;-163.5103809830398
25695.912455807767;-163.52009610739466
31142.47955683071;-163.5102528151723
29056.621143282973;-163.52327467050813
30644.152538603532;-163.51017591445182
24829.292329470674;-163.52503057029259
30566.731929644822;-163.5100861969446
69988.32270108002;-154.65028148882448
101612.34239147928;-159.43848957743168
63893.829979655115;-154.63129813981004
104184.82440206967;-159.44031197893705
-13296.343578959251;-154.62081933115408
102808.79344876084;-159.4406157125213
-3107.4292281129838;-159.56651328318497
100202.64020766533;-159.43924891139224
6369.899784725294;-159.60584678234287
101747.02731349971;-159.4366671759263
37118.46748199169;-159.60994718573
89807.20897638773;-159.43150370499436
16024.563944890484;-159.60296131329267
104061.36322355094;-159.42178423029898
132113.9877317082;-159.45185385513784
118248.17500970393;-159.4129759563563
39637.53013100786;-45.734119923102334
63058.702380574876;-45.88508962996257
82009.19496767661;-45.74724239152967
75183.42512587694;-45.89649513990408
39085.34797031646;-45.73080864602254
64784.27163273549;-45.91893824011157
67716.49196194914;-45.734365202886025
33868.72343113403;-49.95820571789282
84000.04450486817;-49.74567078532679
69031.2509921496;-49.91577231531472
33536.083575295845;-49.72469936382142
50903.21044860779;-49.90804600212853
60735.21298754511;-49.73230303711576
34413.42119506907;-49.903753605913984
62677.82974564015;-45.71130890321931
32557.290799491966;-49.89933856980759
4374.1617835064535;74.1343827542887
-27328.227225919953;73.70032286870271
-59384.719470582546;88.7581093504347
-35713.933140621666;73.70921753848931
-25244.205637650884;74.03120458476417
-71451.29468404522;73.71900167525456
-97641.40148380755;74.06678326391055
-75655.42481449277;73.72389374363719
-48001.54094677954;88.74387787877613
-85198.16868891529;73.72478321061585
13923.671961787011;88.78790649421978
-93403.43983406991;73.72656214457318
5150.0312925590115;88.81592470404757
-88042.27174390154;73.72967527899849
-104775.34118477622;74.20198224466685
-75892.24544952334;73.73323314691312
24500.617458694513;154.01779817110904
43428.38045498612;160.1332674346932
5929.049230572949;153.9623456072443
42056.412593990455;160.13381466394188
-1333.054197449179;159.9546882898788
45404.86814334926;160.13509153218877
60653.82460655338;153.97821525545558
46071.18832481562;160.13545635168788
42041.80523756708;153.96380488524073
46737.508506281985;160.135821171187
69519.36631274162;153.98551164543778
46731.890292273;160.13600358093655
66419.23582258023;159.95249937288412
20199.31281341079;160.13965177592766
10089.898525631885;159.93954828066572
17343.012811239627;160.14439442941608
-47972.10881949756;88.6641980541794
-25108.188867312674;88.82931522140389
-73903.19941363334;88.63457721921273
-31874.09245689737;88.83736601244611
-49486.688793311245;88.67574258473051
-36224.855007157545;88.84830293612612
-48915.55374527082;83.6493147434625
-44666.153046540014;88.85711323575723
-72880.80919964971;88.65067880129718
-25546.773801814707;88.866834945695
-78248.11416476681;88.61862753884606
-63400.55218209131;88.88308842949723
-35235.602321558516;88.66085621638828
-41473.25472336521;83.92380114748701
-78717.88736127787;88.66662848166385
-64352.76880655461;83.90800336883812
12051.737411949332;4.819258254652047
-16526.745828799263;4.621038785125789
7122.3397978530265;10.894382440474857
-7507.369085667837;4.639742194831319
-5362.917174613081;10.891448572285753
-1864.2471607057014;4.654594902538651
-13584.40915980874;10.86834436029657
2276.009638007563;4.660829372440495
-19453.780598322526;10.899883443329424
7690.696063779869;4.665596908247787
41525.38177153272;4.797804343519232
11733.67650159412;4.66853077643689
1683.6075300607336;10.838272211358266
11041.812047110092;4.669264243484165
5243.485141837162;10.876045764292964
12694.417189574306;4.667063842342339
-2722.7478854010915;83.85349917454734
-11336.712145007747;84.20460517169187
44564.48979251228;83.93319659120021
16446.06173894467;84.23376276315024
-13014.982993083744;75.91728873943669
13962.568711947235;84.26073353524923
-35571.63884753525;75.8978503451311
-10522.794262210264;84.26049055532042
15305.185390408034;75.94790421046798
51228.877243110444;84.25514499688639
-27738.548795997118;76.10462626455671
-5406.242101547483;84.27652723062252
-11780.19304268586;83.91011349796234
27256.560797639395;76.61925775379694
48027.11907595198;83.87172266920882
22186.96543790723;76.29366464917848
53331.58272876484;-44.29596276672831
13724.418840554135;-53.96571490015681
11462.781363252281;-44.38916079352692
8630.98317738693;-53.96571490015681
7894.525595492414;-44.227130237131945
-6623.983336178557;-53.966324037586865
51169.72337546159;-44.25636883377465
-14340.158258737836;-53.9644966252967
-26232.76037152471;-44.31819628292536
2337.0424667443585;-53.95414128898574
28260.349349431213;-44.27129270081103
-28679.70007910971;-53.943176815244726
16435.84976572275;-54.35221259952752
-31497.24424726097;-53.92733924206326
-835.2683645130746;-54.29708566210743
-3426.3320289849507;-53.88104479737898
-4749.231965431052;12.353715067005545
-4951.472997005252;12.016489074595967
-1401.0417803684795;12.292798306277161
-3937.035215252948;12.025454182778635
-5038.349763815348;19.882796818464897
-4919.752875169937;12.029132175879218
-4941.876144857625;19.82463855256195
-4943.997554279732;12.040166155180962
-39.09693137579325;12.347278579079527
-6025.310242576551;12.052119632757853
-4324.141925039328;19.839580399533062
-6518.689462460862;12.054878127583288
-1410.6386325161066;19.830155542212825
-6526.771022164127;12.05855612068387
-3592.962810886453;12.334865352365064
-5810.946871447455;12.06545235774746
-20393.791658704235;113.11692609655142
-31261.72945907611;108.49750099527893
-12940.993855080233;113.12418223983015
-34505.950447447845;108.49928080400767
-28760.317620850914;108.65535633868213
-34273.87321569541;108.50010225419017
-26467.491776260104;113.11829518018892
-34035.72066374003;108.50051297928142
-17828.791469021566;113.1425279605726
-34516.075981119415;108.49996534582642
-23930.438059510976;113.13321819183763
-33549.2900261577;108.50064988764517
-30338.68580957559;113.14376013584634
-32816.60640968273;108.50064988764517
-23247.572068700145;113.1265096820139
-32311.949811491577;108.49955462073517
29336.18709166592;115.00120190485289
24290.596970388222;115.42945367920973
26917.332564221197;101.9769601529979
17912.02113698853;115.46391982571208
13566.825005942765;115.02734863668226
13675.928148401497;115.53285211871679
22526.705471646874;114.92989263622734
22269.26335631838;102.66469843263108
34387.62817011017;102.01459560032806
34780.6748221224;102.51296815550003
15649.76575723694;102.01736873855239
24733.54884529166;102.48048282201505
29374.390400224023;102.01736873855239
20507.0927273319;102.46305166746214
30512.91783004576;115.01585992118147
15991.530490554045;102.4428473746849
39711.74806278992;-101.2664041031661
49197.54232666917;-112.82839707975789
46723.927709161464;-101.22066113364326
50593.948246807;-112.83132462980736
51777.99297561667;-113.23422870536449
50598.86401512478;-112.83242246107591
45999.99889489616;-113.19836621725858
49997.82940880401;-112.83059274229498
40638.86196752354;-113.14384059758736
39562.30870592936;-112.82546952970843
49141.830285734315;-113.11932236592313
58259.92507944349;-112.82290792341514
38735.148756990646;-101.23822643394003
55878.72690631008;-112.82071226087805
38618.15347102744;-101.03220009920918
55075.16264529672;-112.81778471082859
-59384.831474167986;-105.03231387060221
-61426.4346698851;-105.16051723605841
-60586.66869797548;-108.58542481979867
-61428.05178132725;-105.1613805583847
-60407.08847232448;-108.65060565543465
-61768.13031761185;-105.16073306663998
-60199.087513077655;-105.03188220943905
-59602.57552985378;-105.158682676115
-61248.431127890195;-108.56470508396737
-60085.2832953362;-105.15609270913609
-61220.29338879675;-108.54916528209388
-61004.48986684154;-105.15382648802955
-60569.001755469966;-108.56999293321599
-61037.60022361961;-105.15177609750458
-59477.00682637066;-108.600532960509
-60938.14786992725;-105.15112860575985
-49938.5553237394;-129.37770313846548
-47729.259361672;-129.56577927533564
-76773.98271639054;-137.78259937951012
-69198.42748969047;-129.57410353035618
-65860.52334356021;-137.82656185133732
-86601.79702783097;-129.57930618974402
-86168.03473161356;-129.3514297085569
-88022.884931629;-129.5829480513155
-52243.692097923406;-137.83254490963333
-82840.87136615155;-129.58815071070333
-40845.24516722713;-137.80939307535746
-63836.29929454558;-129.60323842292806
-71164.81656587611;-129.2741702166476
-56208.69259229942;-129.6167653373364
-88818.5289149764;-129.23489013826946
-83956.26012785349;-129.65240355414306
46580.23350647421;10.917508741990506
-31839.081472677826;10.684822290399984
33359.08032471694;15.804680683296528
49495.875468149155;10.681796458779822
17681.88662427375;15.839629038509408
25690.84047623418;10.687091664115107
-25220.53072427099;10.8448887831066
-6737.88342072436;10.699497573757775
24847.029625068186;10.890124965828033
26340.371853076736;10.706759569646165
17986.3544571687;10.89526887958231
30539.128253380397;10.71281123288649
51783.733755331195;15.8654998988618
14608.21135885809;10.718257729802783
-577.4842684832511;15.889101385499071
-23373.425871374973;10.724611976205125
-83774.89490343275;88.9758739480167
-74574.38582572596;88.97718891899707
-90640.09215493103;88.97568544350622
-72030.32351908933;88.97723756532235
-78593.16926829013;88.92579103593776
-102353.01427288697;88.97733941856592
-81875.9389201836;88.97522938420667
-77846.38125927477;88.97753856446005
-86669.11930627137;88.97503327870785
-86125.69466851177;88.92870373466423
-90703.390687706;88.9756641607389
-90229.9984691868;88.92763199531028
-84189.70230970278;88.92561013241561
-84998.44207420004;88.92753926325271
-95784.78141451384;88.97548021682142
-81709.61192448768;88.92755750562469
-39092.2650246437;-37.085150632509894
-38905.9059964341;-37.160698442269634
-36071.07400059034;-37.101430547820584
-33915.97238945147;-37.16489971073691
-38740.48488511212;-39.53906653065428
-35353.979266964474;-37.1643745521785
-38470.60554754974;-39.55767214815221
-38461.466898742445;-37.16324921241048
-32940.566228145886;-39.511158104407386
-37345.39495326376;-37.16324921241048
-37103.62563671625;-39.51866036952752
-38470.72122664857;-37.1644495748297
-34324.435287408065;-39.56359893759711
-33675.24418479339;-37.16377437096889
-38907.98822021298;-37.07112139673524
-33135.7168678663;-37.16617509580733
8324.214536925727;-6.709970191461718
-2611.51663088888;-6.9405745445588725
-10697.298018609614;-1.22238810903462
-4465.528369934882;-6.924711102455882
28016.214881063643;-6.730175207192895
10253.561982556286;-6.908179725948555
-3478.6306136771564;-1.216710666597761
28184.21350674721;-6.897492775479172
21060.4690921113;-1.1824790283755178
24384.280466622047;-6.890145497031472
2826.9680274504462;-1.2003462736915171
26770.162294155038;-6.8856369398022
25655.94719376941;-1.213037027373911
24006.848576633405;-6.88396710379136
-12237.91321826385;-6.769249369846577
19524.37403485214;-6.886638841408706
55077.504739906006;24.684306718572095
75410.24453194144;25.27457060688608
67628.47107155256;24.471179598261905
72551.91231364635;25.14515674425284
59028.08217871639;38.503827970588986
59572.30984584338;25.10415433232944
66713.21353944136;38.473930378561505
71260.69806441122;25.081090475622524
69222.11824444181;24.525422372368908
56334.61001278916;25.048203124392295
62222.956297017576;24.48399285198797
56823.505340500735;25.03837962986898
60615.2865449614;24.516025986303127
55437.16494610622;25.034962762208696
59121.31338074511;38.54568459942746
55395.47619723159;25.025566376142915
120192.82537183704;-121.03962568655098
76609.72887207166;-120.83585793095891
103127.72815458865;-111.17183657629968
87945.13933887133;-120.83738313871035
62080.108131311135;-121.16713305457117
87119.1995884293;-120.83921338801207
38668.39185438331;-111.04737962378236
78434.58004844098;-120.83951842956236
89140.08533034856;-121.0853819190941
68801.49915454192;-120.83646801405948
73487.590129563;-121.09453316560273
63550.36737293571;-120.83494280630805
114055.21375336895;-111.14651812762581
63528.74591350005;-120.83402768165718
92514.47443293987;-111.16329541289163
63514.33160720962;-120.83341759855661
-6716.973175705432;-121.27904714312571
26894.83715999877;-115.44931122279274
23228.89112442766;-115.26661504066237
27523.652389438354;-115.45408999616839
3190.9574933640106;-121.32793767073805
20382.274969594742;-115.45997156339995
-6751.452821185856;-115.30741841333133
-8625.626093316663;-115.46787491936736
15941.413511870389;-121.32315889736242
12582.862281768814;-115.47871905895055
22175.80093534761;-115.26937202530218
23695.82734034051;-115.49709895654918
18679.331123324344;-115.20926976015465
27479.82233162426;-115.52797718451487
1095.8807298501524;-115.3359072546092
1577.4269650343704;-121.56779533440016
93822.14079762032;21.0726557239846
33105.46388945051;21.103693744830444
24436.461712622448;21.102567136242214
54388.6160108684;21.103624189791688
34894.02064195684;21.10242619576895
72647.8280770764;21.10360222504261
70758.28631344989;21.102713567902747
35377.626639654605;21.10358483628292
53036.53891753708;21.07289825142236
57423.77662286942;21.103544567576275
62439.36550850512;21.102633030489454
42428.62452720152;21.103489655703573
80903.91376399083;21.07227500166721
26834.294698887214;21.103462199767225
59782.33766036523;21.07234089591445
28333.361086182354;21.103438404622388
50653.5516360663;116.05381454610736
44642.037177743616;115.99312110067552
53000.0226057514;116.05739188205189
42759.03130698378;115.99312110067552
44610.28942812605;118.05021053440757
58560.56288303114;115.99330299911338
54584.80781207083;118.0540910344152
57945.90563223861;115.99390932723958
46404.29750897435;118.04348029220684
58756.51415731004;115.99463692099101
51927.10480515124;116.06406149144
42178.20362545587;115.99481881942886
45704.54588010851;116.05587606173641
42643.7505440282;115.9945762881784
43283.649858041244;118.02814019061417
43264.913481217765;115.9942731241153
-33738.59616084304;121.72222995504846
-36515.10053273873;121.89415769116881
-42529.07593863491;115.75105441017162
-36679.86698221534;121.8945207909283
-40043.89382527104;121.68047348270666
-36851.40836793687;121.89669938948526
-38298.941246027825;121.67883953378893
-37027.01471540536;121.8999672873207
-37643.53391369365;115.74034296726654
-36065.51576352542;121.90505068395362
-35709.0186183174;115.73108392339945
-35912.94419928968;121.90795548202958
-35393.17109057894;121.70044396947883
-36894.7679599044;121.90831858178908
-41601.72266542939;121.6632262441307
-37718.60020728744;121.91013408058654
-26686.627772654272;54.846063180696966
-41818.63516641886;54.81115148018506
-26001.495238754884;55.882599158395756
-39841.75094315308;54.81089849684801
-33802.83245678055;54.8453674765201
-31917.68491778838;54.810139546836886
-41005.81508548997;54.85403215581382
-28911.03575213582;54.81039253017393
-28937.895592125842;55.88490763134627
-31909.420351637604;54.810266038505404
-42906.66530016862;55.889050233490345
-35904.51162892306;54.810139546836886
-50324.526648798244;55.877254885400724
-40805.39935633364;54.8114044635221
-27301.511494272057;54.84811867031044
-47682.34485039493;54.81168906977627
9030.814275289114;59.63515526511961
-5638.169983537886;60.163597877742966
3123.6773302133734;59.63607361899721
-10326.868623866761;60.16353561646312
-630.49568788959;59.635684485998226
-5638.169983537886;60.163597877742966
-9181.965164850022;59.636213706876845
186.66637260810967;60.16390918414215
-6754.828270022528;60.14325400455596
-1046.868489871431;60.164282751821176
18827.50627232858;60.145059581671255
-5803.745132864002;60.1646563195002
9585.978011264906;59.6346571748809
2035.751201994146;60.16535675889838
14062.837857603019;60.14524636551077
1848.7486804022992;60.16610389425644
3325.855613951353;12.517183296789666
3084.0072361353086;17.255040866780675
32456.88279992304;12.522684118303646
3525.575564663959;17.24238897729852
-18956.961699538835;12.563390197507097
23996.87051270619;17.237988320087336
5057.802061537237;17.03858354020556
41773.506438243174;17.24252649783637
17654.201765465972;17.045047005484488
-5780.125888851588;17.26769275626283
36856.96296406016;12.54647517135161
55624.39708258548;12.823028972966956
65047.121944721686;17.056186169050296
64769.38638826196;12.751105731671666
60806.193616308665;17.03349528030513
53692.73068428697;12.735153349281124
9914.865370128722;-25.996549729523515
-18133.52895684993;-26.98668986233851
28750.658083763057;-26.016997667738075
9073.946517057226;-26.982867527383508
-3276.30889196114;-26.01224305596478
-21415.283870538573;-26.98078544248932
-7262.777492378715;-27.035510091723115
22592.802773536445;-25.942943812471672
-16668.829921687837;-27.036442368541408
24007.16511678933;-25.96861250086867
-18100.95815620279;-26.010471730010025
9577.313436149318;-25.972434835823673
9646.403013279607;-27.022085305539697
15001.832234835878;-25.97342926442985
17134.72618024375;-27.03675312748084
31705.717997021347;-25.973677871581398
-1077.2529323995986;51.828512738300866
-47774.883825809884;52.11246986673222
35863.499658812594;51.85597474298475
-30393.694779379788;52.166295395912634
72389.44495653018;51.918954273726456
76949.78035494933;46.175184454076636
-35239.05114020013;45.8390495167459
-36765.94915306367;46.16877665298373
-55391.56007997757;45.8785948034907
-22749.025394976277;46.22900998325704
43352.93441190831;51.86403026435869
97870.82796120143;52.171970876880636
37273.33549068995;45.97947190069616
105925.21497905668;52.15494443397663
-21558.044944942703;51.86860726513934
75527.2203729648;52.140664191541006
5960.409261914614;9.87223130087102
19981.231050807117;9.964680403484635
23087.56669450686;9.867949574657343
-5559.4077504139095;9.9575039891265
-4379.012559499173;7.891540938025883
-2456.1605295056797;9.95509174900612
-8531.705844962162;7.884545441676776
-5262.919162429047;9.951714612837586
290.0650167041131;7.890696653983749
10972.301767975401;9.947613804632937
-4389.513196990305;9.87235191287704
-10028.973214285717;9.945503094527604
5227.217691210382;9.861195302320276
7788.137869929633;9.946709214587795
16150.351420219371;7.901431122519446
7676.954649435313;9.948880230696139
-98776.4296534051;39.210448338506886
-85026.29123527482;39.10486811976279
-99669.18011499757;39.20878028700822
-101569.41833342235;39.104647986572445
-90871.60631742683;39.2094251842419
-101364.567728679;39.10407750055803
-101497.38007727859;39.209766235663565
-100538.35442003388;39.20596506254577
-87756.41016447569;39.109456811617875
-88873.13411335147;39.20653554856019
-95908.52118699835;39.10917776954561
-86907.93048574976;39.20684559530715
-88546.73532369648;39.108154615280625
-87618.35866997475;39.207031623355334
-87770.03194381924;39.10936999852873
-91132.77774060983;39.20712463737942
-84193.15968953139;-122.78496001970016
-75603.23944369526;-124.6976830710693
-99500.2824764626;-122.7750032634306
-90155.16537169638;-124.69792444697886
-97876.21848820841;-124.76713898904659
-102986.4075816084;-124.69876926266234
-84144.13938542397;-124.74028591910749
-100836.61859278199;-124.69888995061713
-75534.3268422689;-122.78701171493147
-95263.93358671645;-124.69895029459451
-100889.19109283922;-122.76999471330714
-89655.72662115276;-124.69961407834582
-69943.88085645429;-124.75633741709356
-85830.0115832049;-124.70021751811973
-86395.52117841502;-122.76842576989498
-82939.94495843761;-124.70057958198407
62184.577227430964;-179.51864668192758
18292.44755732413;-179.37122554827366
13604.919073071505;-179.50583955794633
16654.321971392594;-179.37080792466557
1772.6737256689375;-179.52407578883268
18236.237365650013;-179.37025109318813
38772.02864173663;-174.9524893589982
23917.481738427283;-179.37080792466557
39868.127379382;-174.9771291518752
30405.743863097305;-179.37136475614304
59107.069233272814;-179.502637776951
35345.21445646073;-179.37303525057536
11029.28779028944;-179.49386768118123
37790.35779428501;-179.37345287418344
22563.418371134612;-174.96863747184415
41825.44655374873;-179.37345287418344
49244.36921638482;-206.35129275933014
41422.047205756266;-204.4830986393394
39110.812597933415;-206.36183759914195
41969.583422643685;-204.48421170576398
40827.50410211684;-204.4454301282339
43418.14764479364;-204.48544193707536
55980.2680604009;-204.41602174164768
54253.42306867905;-204.48731657526412
55880.23740539262;-204.4187751164874
54060.88286054281;-204.49106585164165
36079.05642997575;-204.44004054344123
54521.1742956185;-204.4938778089248
36228.72635739416;-204.42832405476145
49993.470963664855;-204.49686551353815
50826.43299691048;-204.4355882777429
42592.706713428335;-204.4996774708213
-47141.912081777205;-26.556265428155243
-45849.70764245468;-26.633173269752138
-65915.072654736;-28.535425453047498
-59030.55488557228;-26.632138907958506
-66470.08109739554;-28.53372179832858
-62679.13212601235;-26.62921835701179
-63345.74552725017;-28.54242260635734
-66269.795442001;-26.625567668328394
-54022.81023066271;-28.60144207340559
-62331.64857930378;-26.624837530591712
-69176.9537954535;-28.60168545265115
-52784.900095513396;-26.626784564556193
-70823.88102204104;-28.54193584786622
-60774.60858962523;-26.631165390976268
-62298.468726753475;-26.54665194795563
-33402.43677572186;-26.63846676834306
-36315.25622351089;16.988475702750975
-17394.471461617257;16.261070378230446
-92998.00270541818;16.900823628378188
-46317.97676766545;16.267483944647967
-57664.07900049974;34.496977558715756
-76254.49137673288;16.28565571616428
-20700.185513316566;34.507666836078286
-57351.61837068831;16.30168963220808
-41955.46912087142;34.46544419049627
-36088.37398275609;16.31986140372439
-58955.71561672662;16.95320108745461
-41067.84210879562;16.32948175335067
-62591.80205408643;16.97671749765219
-67509.57413220141;16.331619608823182
-98954.65662277883;34.456892768606245
-84290.89916767918;16.330550681086926
26163.08849664392;110.8367833082708
26733.60534298036;110.85187500202103
31301.68150811983;110.35992649553475
27303.136840704825;110.85172960998105
21555.598387025246;110.35696049791909
29016.658076938118;110.85132251226909
26614.378160930777;110.35794916379098
23668.678485416443;110.85117712022911
24526.424452145067;110.35893782966286
23364.20576431461;110.85113350261712
28042.640973995847;110.83861524797459
19514.44873730859;110.85120619863712
43199.27332347284;110.8367542298628
48836.94540691664;110.85139520828909
24200.274061579676;110.83788828777467
48321.608082851075;110.85186046281703
18094.6896421371;77.4086027807518
25997.840104766707;77.46232942362367
12574.853182603685;77.00348387114656
-28019.021034346195;77.47734618715928
28006.395980342742;77.05253863202957
1298.879572292626;77.51572236063919
-14740.02984591014;77.19469732683339
-18629.760755688367;77.56878159179837
27454.412334389403;77.07089245412865
-17878.398401497696;77.62984976350987
-27483.65228074597;66.10798766141728
-26791.36509936636;66.72701202494096
-27289.811869959674;66.05259248926369
-29689.740765408984;66.66861350008023
3838.1889535930313;66.10198095600305
28405.153396817397;66.70298520328397
14311.758799063346;-12.519358998030096
431.1680871675526;-12.299832186853314
17491.830979326303;-5.508581477241564
23746.384671042582;-12.31647270315243
24426.14950496422;-5.5589297060440135
12101.92540578702;-12.33055314002091
24312.988184428614;-5.629758570291527
12177.631923046758;-12.338660058217915
6213.95063974947;-5.599677636981589
12237.40022614655;-12.345060256794497
12317.091296946273;-5.561489785474646
14684.314555052053;-12.349753735750658
-1427.626139235992;-12.380474688918254
18048.07465350837;-12.349753735750658
3168.9548244920443;-12.583147643843368
19950.300513497765;-12.34762033622513
-14974.117415420216;-99.83626530248804
-13426.504830671745;-93.03568212837631
-11243.830315418332;-92.78533437297375
-13018.864500753545;-93.03823019713359
-11254.02705217008;-99.92820811681317
-12470.646687752254;-93.03992890963843
-10305.157683878191;-99.71608139276978
-11920.25204330958;-93.04077826589086
-13264.731883554123;-92.92611517181336
-12056.132153282313;-93.03992890963843
-13291.770421457635;-99.83329255560456
-12193.15796401367;-93.03950423151223
-13062.17198942951;-92.86283813100762
-11764.551310212662;-93.04353867371125
-14077.033721418105;-99.82033987275507
-12166.004856034297;-93.05118287998309
63422.72360995342;-40.52136759889403
69562.59708212054;-40.70790829659818
29622.04437343593;-40.52196663774344
24291.89085013362;-40.736781969139415
49816.77364952019;-44.50353825418652
18604.543429865604;-44.653058350997554
56969.098741802925;-44.473706119486245
44678.491172223105;-44.63999930408056
65501.92997641253;-44.50210056094796
27534.390854008037;-44.642036036168534
11974.735085509048;-40.54592819171956
12010.937169660974;-44.642036036168534
12627.579336382172;-40.55826839201727
49805.91302427462;-44.651141426679466
51395.18451854429;-44.465678998904245
28549.255946400437;-44.66384105028681
81438.15955339023;-4.165554990231305
91008.13504440444;-6.580183642971493
84772.6906960986;-6.71529332856276
97115.6114664716;-4.01022163264595
95331.42555963316;-6.720038113145987
96732.16800403703;-4.048335476019423
84821.94453821203;-4.150776153004856
78072.78721982578;-4.059147362200877
91222.64243155271;-4.158476705033374
91705.51421077704;-4.064358846907045
96668.64435719913;-6.706503809580714
78748.07120468955;-4.067314614352336
84235.96191194648;-4.120673995075196
85472.37144387836;-4.070270381797625
76454.77549058505;-4.159565671986902
90954.73835575808;-4.072603882412327
-25545.85831317045;116.58762322388384
22131.457556263733;110.40810767316468
22039.213672125345;110.62167909059714
18822.030820714244;110.41102830793298
12254.266270061147;110.60269496460315
24062.902576453635;110.41376640302828
22137.13410297994;116.54545655941641
34409.828103422464;110.41577433943148
-38073.99691584235;116.53267878230507
37967.603757806064;110.41924259321884
-38150.63029651117;116.57356766906136
32967.985237505534;110.42271084700621
10815.261677502327;116.6024089373984
25415.33983159028;110.42654418013962
7545.570768966296;110.51744893730319
22968.748196904467;110.42964735458094
-34095.22474797493;277.7552079722796
420.4898924574227;272.1267600550069
-52813.19537838004;272.2974102502121
-982.2728949321627;272.1267600550069
-36069.94274922833;272.29406744521305
1331.8982007282248;272.12625863425706
-31509.801179614893;272.2918946219636
-46682.889495368094;272.12559007325723
-23424.92747903581;272.2888860974644
-46690.63956601666;272.12542293300726
-59269.00422863156;277.7771033450239
-1036.5233894720914;272.12559007325723
-45143.72546456383;277.79649161401875
-5678.815707960275;272.12625863425706
-30522.442178988196;272.2465996142255
-55017.31547083086;272.1272614757568
43337.41613860803;291.6270222442829
53005.44094687788;295.2821354717157
92610.36925615722;291.6245363609004
46508.74708747916;295.2819193079433
40625.30197261929;295.1965346178472
45192.997433703305;295.2821354717157
47749.640086992054;295.16389388821545
47333.60983541523;295.2825677992605
31691.448196543846;295.18367287338964
95319.60432005893;295.2833243724639
77840.57554965802;291.6271303261691
73696.10809536843;295.28397286378106
60636.50102856914;291.6737136191203
66722.92284056511;295.28440519132585
100204.00101071701;295.1998851563193
69291.081902202;295.2849456007569
-8065.00569644073;230.83619420268724
35.95229253612706;230.9011102296226
-13649.576852670227;230.82903264811432
6977.184175985938;230.90203430118038
10397.377243557497;230.82910965407746
9874.121002343487;230.90249633695927
8834.268144803653;230.8359631847978
7588.918290714315;230.90265034888557
41220.0239760146;228.31240076641396
4701.495214197021;230.90234232503298
-9532.025921808003;228.31132268292984
3516.081984101289;230.90172627732778
-9532.025921808003;228.30346807468857
2899.590994452785;230.90103322365943
2565.658375059844;228.28768185224286
566.8195336223362;230.90041717595423
44676.683638752875;237.56538463618958
6008.520906609541;237.6608271337892
-20242.833178376397;237.5864112400669
18166.55388370683;237.66210701402522
-26962.153568484013;237.56428759598728
30247.175335572465;237.66274695414322
95571.44384177009;237.60816920407905
30313.528071485314;237.66329547424436
-5072.385990835868;234.61800329269087
22333.50569903361;237.66347831427808
58064.45398810158;234.57814416534083
16899.216627771457;237.66265553412637
9217.781566927566;234.56708234330102
14583.506144413106;237.66164991394092
14616.68251236953;234.5894802474312
-1633.1025126866443;237.66055287373862
-28805.10651411326;223.75806380131715
-7542.081177454464;225.31225761078056
-36663.06707039267;225.2639073657026
-15415.777136774006;225.3125793329436
-40961.08001506881;225.26073610438095
-17307.022721216574;225.31322277726974
-34272.03511319923;223.771989774947
-16204.045898593966;225.31400410252292
-159.17993200571436;223.75654711111983
-14462.661295485992;225.314509665922
-14571.31050695357;223.77750501202814
-13275.76232331601;225.31464754684905
-35240.1370526207;223.77465547286954
-10317.506551771134;225.31506118963011
-34485.58701160103;223.76780738682714
-3184.123840244484;225.3157965545743
-7649.640301634929;125.03091666412284
-4854.121146322897;131.671401570073
34756.189541938635;131.432791777743
-28856.976181495484;131.67652448881833
21701.100350104527;125.05534904583128
-29187.074384336753;131.68204147823636
40275.018870691165;131.47239588035103
23970.52549463828;131.6885436443362
25335.127886741044;131.43732359047925
-54168.43480650311;131.6974102344723
-22333.115717306566;124.97633787595157
-35777.24921963217;131.7068679306175
-47016.79829583927;125.00333171703267
271.2429138643711;131.72243372218983
15443.971023032893;131.42195483424328
21538.998554066402;131.72401000488068
-44123.22438129086;17.123157575263107
7715.446359129899;17.331922483920074
14583.492679044704;17.07314098256404
-35930.50433869489;17.323893064356348
-5690.615885873649;11.592225732447394
-44998.37394550204;17.33476623668223
21583.551156889935;11.559940774618232
-20851.529402676468;17.337609989444385
8233.25266825355;11.585367269903376
-20578.400800061798;17.329580569880655
-20436.14631953332;17.093883649770344
-20942.572270214696;17.340286462632296
-16187.858513030922;11.614641195396139
-9690.811878334385;11.856694739327738
2323.432529178557;17.131186994826837
8600.838245939132;11.82307154490462
-6729.71485787673;-69.31783589927642
-19514.463706220242;-68.90007232351452
1167.104397204601;-69.3847485057209
-17670.877358389345;-68.9203221912543
-6227.766753052329;-69.36890078314195
-39990.77422031169;-68.93440905576892
7291.2444716793;-54.97740782338619
-45047.57483025271;-68.94585463318705
-9979.315692641416;-54.94879387984085
-47779.36674647177;-68.96170235576601
4377.519692187452;-54.98665232822391
-45282.688068943695;-68.97622943479672
-33865.70115679456;-54.729567050831974
-45637.223905065024;-68.98503372511837
-14368.096148206463;-69.24916243476761
-44797.53376688293;-68.99031629931135
9681.133862669027;-355.32319510863846
20250.993340952133;-355.0101352288492
122463.57100079818;-355.306775884174
82488.17876918046;-355.01086497215874
44285.743699768136;-355.3593174024603
11517.981373062008;-355.01232445877775
46440.04637771817;-343.27878178481154
8371.381724823601;-355.0137839453968
91604.53282619608;-343.3816755914556
73882.9474976655;-355.0159731753254
33196.77514246093;-355.30166768100725
9381.647855539733;-355.0185272769088
24401.869399764095;-355.3173571621622
15079.868284519704;-355.02035163518264
102014.66643401021;-343.2123751436441
84588.57396584723;-355.0221759934565
-37574.117131648745;-460.9770756585665
-31044.630589506734;-470.19568970739874
-6337.698549071378;-460.9049961994546
-27574.581029950816;-470.1988867801819
-46001.380347713115;-470.46598767906823
1583.391344837466;-470.20033999508337
-20865.918090585612;-460.8855231197752
370.964390293826;-470.20063063806367
-28406.258140395155;-460.8898827644795
-25302.02705850327;-470.2009212810439
11361.943223293449;-460.89307983726275
647.1946693462523;-470.2012119240242
-57353.69824844618;-460.95527743504476
-23501.304266410138;-470.2009212810439
-36515.48325138835;-460.9305727817201
-817.5723779533873;-470.20033999508337
30197.627561051326;-506.3672662475895
-14783.142593563076;-506.67678732142497
-16696.214845836228;-506.36024618199735
13207.428595986436;-506.6818928236738
22140.88877618631;-506.44672062633697
-13984.168189889977;-506.68636013814154
-9100.995437005979;-516.8357795149303
-15386.922422425763;-506.68987017093764
2551.128164387952;-506.4952228977009
-17075.85175192934;-506.69114654649985
20588.43022991882;-506.3446105813603
9012.399428874705;-506.69178473428093
9255.565551731735;-516.9078947341951
-15472.940370647295;-506.6940183915148
6482.313817243245;-516.8230157593083
-12826.234271523179;-506.6946565792959
20553.750733517143;-368.0960560171526
-7155.364581982252;-368.1596435110071
18941.584024251722;-371.07882110244583
-7611.264184192558;-368.15991759503237
23606.295896142652;-371.090241270164
-9390.81432228881;-368.1601003177159
18924.515319338054;-368.0717539002484
-10962.236381115144;-368.1605571244246
23498.92823620182;-368.06316593412436
-10545.980222575308;-368.16110529247504
10987.016931096836;-371.0822014720904
-9027.416088642916;-368.1617448218673
12143.834641536263;-371.0515954226058
9905.631884308144;-368.1617448218673
5904.947693897444;-371.11701014329526
9745.406299473365;-368.1615620991838
-5405.641253997209;-304.5357419594121
-7875.447835045548;-304.7504286175081
-6901.412250344287;-304.61589964088
-7430.188298070944;-304.7514280898456
-11769.40514885999;-311.1274619197214
1046.7375432623721;-304.7530272455856
-8009.705481690563;-304.61989753023
-6467.806179986247;-304.7532271400531
-2725.3439321871556;-304.58511589288486
-6614.20285435685;-304.7532271400531
-4355.129794624736;-304.5959101941299
536.8983787876332;-304.7534270345206
-8055.833787047802;-311.16164387366405
-8078.169598062885;-304.7532271400531
-9588.50742768067;-311.09887701086876
-342.6955702085452;-304.7532271400531
26619.526372999135;-262.9443306967879
34351.43357002663;-263.0316022527801
62152.726724391156;-262.95904455238195
30001.218415488525;-263.0326138303522
64960.6298643643;-262.94534227436003
20738.19012220756;-263.03371736952175
54127.82093884472;-262.9358702298214
15150.86981614506;-263.0349128702888
18084.925126174967;-262.94856093027124
19373.915444416263;-263.03620033265327
60571.75517384106;-262.9676889425435
24859.50012946524;-263.0368440638355
46449.83362095439;-266.04242495371113
28540.294897734384;-263.0368440638355
66850.8777027955;-265.956164975291
31019.59198183386;-263.0363842558482
28547.59404761507;-212.71588417942897
25478.01141380333;-218.01573741639373
18546.65797542831;-212.64371110836566
26606.62752922147;-218.01607310509635
21755.500678321558;-218.1706577526529
27742.276981461913;-218.0154017276911
29006.63649755041;-212.61031008245496
27480.636851672414;-218.01238052936753
24232.407462574294;-212.6658665627386
26796.05873430204;-218.00919148669266
26848.10542678705;-212.68718279535494
26956.184369289702;-218.0065059770717
23695.998307593673;-212.62306625315452
27549.797997091682;-218.00247771264026
21585.059482661196;-218.1743503283817
23825.17726056322;-217.9981137595062
-108537.62641954284;-87.00782158078864
-15341.304240585625;-72.18430699978188
-100787.74260478995;-87.30155790150101
-50266.70835898398;-72.21457934201311
-61768.71025567656;-71.55804791987337
-28404.067431242744;-72.26424490348622
-54017.328589393954;-71.70373356686116
-103308.62672930273;-87.90795075682028
-71525.71512024949;-87.02532277864107
-25724.411044580032;-87.75043997614844
-37708.7211338413;-71.7146126898505
-33549.187435818734;-87.7125995483594
-71663.51746098339;-71.48425908568476
-34564.73077296649;-87.67144808313883
-25511.716127360298;-71.59872637974658
-64031.96391707811;-87.63644568743398
-21885.697103704042;88.65181236140194
-2566.552884374667;88.5790026881826
-32167.482930407547;88.64740191918433
-3305.2370369352648;88.5793017012143
-29010.32444024762;88.65973620674202
-6340.942399144671;88.57855416863505
-31889.07499095174;88.66220306425356
-10109.103548378753;88.57825515560334
6069.075931184099;91.08121849071934
-13126.74665053398;88.57795614257164
-27481.260701178253;88.66930462375647
-13108.061553926207;88.5784046621192
-21230.473049324828;88.66653875321323
-11561.558391356251;88.57945120773014
-14967.228666399551;91.11754857407108
-8525.853029146845;88.5801987403094
-79027.22698403691;125.94825918907962
-105988.55330439161;125.51578015830296
-77604.75365959844;125.98231553951334
-108228.62508058794;125.51651255293594
-62160.09693346202;125.80324505174892
-104333.933813221;125.51724494756893
-67341.30341168324;137.8877564959739
-97125.37913788072;125.52054072341735
-111867.12316793573;125.73696333746392
-91064.60690443129;125.52639988048122
-85074.12594058999;137.94634806661256
-96148.7004443781;125.5315266429121
-95529.95229480117;137.9664889190196
-101795.12414119007;125.53701960265947
-114205.23276753289;125.9222591796087
-105252.34474375896;125.54580833825527
-318.56358650661423;240.22333391821556
107472.02351713424;242.82540074058946
-15413.363938709284;242.79773307788884
107925.45896524133;242.82440163054747
112400.66969221129;242.7819778810732
28940.070618161946;242.8240173574544
23303.889903284944;240.23693718571002
29623.509554439297;242.82386364821718
21400.337224999617;240.2332481640166
30304.757981305505;242.82370993897996
46540.81373671492;240.25415262027929
33618.99872036844;242.82363308436135
40847.67977714812;242.74301258943652
110015.204943474;242.82363308436135
296.96955802523007;242.74493395490185
44120.30083739929;242.82409421207302
-76362.43511085372;266.70719497498584
-61830.74064625566;263.0388881557501
-56811.96455561235;266.71440143557845
-61830.74064625566;263.0388881557501
-43375.050102213165;266.72248140654597
-33224.1306786482;263.0387789669532
-40353.85447040133;263.1369396953284
-57847.164702256174;263.03866977815636
-23655.76993073252;263.1244921724866
-56116.866135803546;263.03823302296894
-54377.46509004391;263.14851370779536
-32674.67192775172;263.03637681342235
-48736.410414047954;263.1539731476382
-34732.659749257065;263.0347389814695
-63484.08188765802;266.71909655384337
-39772.12329287088;263.0334287159072
-35422.713373586375;215.55504237127343
-20768.96744336671;213.48577859205463
-29924.203052816574;215.59060871840128
-29895.02394901287;213.48552944076127
-45809.30716355251;213.55136767003296
-37630.98794945062;213.48546715293793
9328.694548076899;213.5600879653007
-39009.408813137554;213.48515571382123
-47042.99967237307;213.5425227991185
-37531.77899651803;213.48440825994115
-44287.32510915136;213.51281150738473
-31901.37912655549;213.48440825994115
-40526.72221093011;215.5826358770136
-20728.116698041522;213.48534257729125
-7068.7946254520575;215.60113536054595
-15871.546660953194;213.48609003117136
-52174.26771372971;241.88410036610514
-49598.381759909455;236.31920224253003
-39203.96250568646;241.9090624793054
-52816.88688910527;236.31787974646645
-33287.322320284125;236.49459828296352
-47543.94772954211;236.31622662638696
5327.166276820528;236.52005633218764
-38987.59241296741;236.31391225827568
-39880.11904543347;236.4879858026456
-33649.74222558853;236.3102753941008
5687.422481197747;241.82128180308464
-28393.03082297929;236.30911821004517
-49426.36753619781;241.89434971059796
-22565.10237559177;236.31044070610875
-38505.08710620394;241.90592155115436
-26527.920623741113;236.3119285141803
-33711.83127102916;215.3446011169715
-34555.12171043848;209.3668193201865
-34558.57492806692;209.5416449621526
-33662.56046801565;209.36807447864163
-33850.00405979625;209.55204484649516
-33804.48036527318;209.36771586194016
-34034.4058811552;209.51636248469902
-33920.03825220973;209.3668193201865
-33644.06003825305;215.41596584056379
-33999.93248304315;209.36646070348502
-33642.34077671037;209.50847291726672
-34008.64634710131;209.3668193201865
-34122.38211069349;209.54935522123415
-33928.67864355239;209.3673572452387
-34202.68778873371;215.40843488983296
-33804.62731070418;209.3673572452387
-34978.17524765294;239.0248390421511
-34263.16179787162;234.41286593376745
-47421.62636981614;239.01067391993757
-36368.23607515517;234.41341074616028
-43010.480562332144;234.4930895586113
-39181.32244653062;234.4135469492585
-38466.01727359558;234.56732024713406
-40252.82159016455;234.4120487151782
-44853.58744757016;234.56977190290178
-39755.725336216216;234.40918845011586
-38997.828582837246;239.00263793714336
-39260.087698036514;234.40619198195532
-35177.71388480121;239.02552005764213
-39277.59108726005;234.40455754477682
-41012.17695931215;234.54307609565325
-38575.413456242655;234.4044213416786
17671.714705671628;176.16459705821836
45486.30111760928;178.7859030673017
38031.31305368444;176.15870264858788
38337.25296408043;178.78559283521588
48468.944979031636;176.16149473736021
35708.11564223223;178.7859030673017
48546.781281323194;176.16793205314085
36974.036614224104;178.78644597345186
-574.4118231745597;176.1748347170502
38229.146988675486;178.78714399564495
23512.68055680067;176.16281322372492
37485.377877889485;178.78846248200966
10205.9160442063;178.7039242386254
21380.830721815204;178.79086678067472
8995.129119670943;178.6924456514503
18448.996668833162;178.7955202619619
85433.02942669787;30.24790913077784
57701.792984784144;47.08582513622759
92718.73448318573;30.221535020138408
83445.07769172062;47.16055178303931
61588.82534853092;46.36395595983732
76985.09737931837;47.14541108989445
88181.99393522112;46.277995895531035
53022.68610163236;47.433572669103015
80195.67394435761;30.331915557258977
92372.74114736721;31.045481772892398
75451.8550906662;30.270864375223265
65533.66707262643;30.986872638138113
58511.98685594024;46.297532273782465
53869.11867629065;30.963428984236398
60723.41059584767;46.32292956550932
66735.58407211571;30.920448952083255
-31674.2924772351;-89.86171349732008
-24897.935417528974;-97.1083515009023
4248.845677255798;-97.35021090177896
20764.755975786422;-97.11635252078008
-12238.313172599337;-89.83085242064867
29334.48464662666;-97.11886712702739
-51176.75950693295;-97.34198128133326
34689.44196243792;-97.12046733100294
-33979.799267901486;-89.85485548028198
34635.53299617136;-97.12183893441055
52497.370485823674;-89.90857661374703
27005.617303911422;-97.12298193725023
28540.22587696607;-89.88274474957022
16556.26267591059;-97.12503934236166
-3749.447951158938;-89.83496723087153
9303.709747516565;-97.12549654349753
3809.29605806361;-142.86183375173098
3537.336664698859;-143.1865640853829
1438.9867598061874;-142.90970696255354
5301.726071003726;-143.19983015585183
536.2718044989647;-152.33928753042017
6777.0705521068085;-143.21194265497562
-1486.3381138996374;-152.39667770484
7938.1821590112395;-143.21771051170123
7147.668067417324;-142.87740696489013
4805.5410897158345;-143.22636229678963
6274.192269686882;-142.94835160261516
-1341.0230235331087;-143.24366586696647
1713.0598272126335;-152.34966967252626
2065.691113168743;-143.26154622281587
5932.657772449672;-142.956426602031
3333.8955381857186;-143.28923193509883
26477.01275184923;-5.889671752271456
36178.917281874914;-6.209041641619068
39561.87710664145;-5.900721142987408
32566.156779543824;-6.1786558171502
40443.20058433409;1.1018302232471822
29247.017722372642;-6.161656754510274
29551.888151748997;1.1273288172070703
32038.602376903116;-6.142957785606355
27229.317267712417;1.0744192347403008
30832.43578357227;-6.130633465192409
34597.86107169799;1.057845148666372
31165.084316830053;-6.126383699532427
31235.562646512688;-5.893921517931437
29706.619077501753;-6.128508582362418
28872.816818845942;-5.8393120292006735
28628.553161574528;-6.131908394890403
21618.16023850692;59.4197573613927
49958.58281853217;67.21707632756522
-31986.723751220736;59.508492867736415
-2305.982197337449;67.21091730784471
23062.428745002595;66.90251009813593
13065.948689683028;67.20772374206369
-36447.10369712669;59.48499734806185
40799.998995988724;67.2100048604787
32227.312539221053;59.41542323640418
43206.58817584193;67.2122859788937
-32322.197242914932;59.46720462442481
28135.4809363031;67.2100048604787
-25778.10166549997;66.90251009813593
19899.84296414838;67.2122859788937
35144.19942474994;66.9672938611221
-12715.110397370066;67.22734136043275
24068.611383663323;29.844329910471576
63912.90029130573;29.99486043009588
57452.191786196505;25.36594605987937
47527.98832215494;30.017863753470102
33456.04903534687;25.41423958672935
57490.14492444404;29.997416354915238
29756.160243901308;29.870292725741898
80506.01233312872;29.982753417793656
61726.799528247626;25.364600836290236
70087.33369649068;29.983829596664965
66093.57917747133;25.37791854982268
75984.16700477936;29.991093804046297
63298.05945169564;29.78191153593567
38648.03834760988;29.995129474813705
26150.61211038533;29.77397471675977
81355.07825449505;30.033468347104076
-13651.22097171173;-25.011114383531847
-19338.7837840496;-24.879622183702622
-16035.69747722795;-19.571753842504613
2603.612037203493;-24.87978947657772
21898.489716573647;-19.547161789864795
-21268.84161126047;-24.882800748329537
-3998.4887244836646;-25.095764578332847
14407.096487665276;-24.882298869704233
7473.5469767482355;-25.111991987217625
22231.56720658599;-24.880960526703426
19452.935431715312;-19.61976689765854
8765.952787627415;-24.87728008345121
-5066.942677775085;-25.075856726195852
5973.476716105859;-24.880793233828328
14345.204337931933;-25.12169497397347
3562.940358070333;-24.886146605831552
-61223.39383579158;-44.88944852749058
-54893.09334622581;-50.65727928179783
-54867.97527303337;-44.87957147856775
-43705.72196433817;-50.66679051409388
-49483.970888739525;-44.81098086104808
-39524.654867934725;-50.6755701131364
-34246.58322710468;-44.89713067665278
-36687.40468732714;-50.68050863759782
-57550.69469900047;-50.83762687879621
-40291.30214537373;-50.68434971217892
-56651.90451476643;-50.894877180885956
-43425.60084373546;-50.68691042856632
-40419.62273668296;-50.867989658818246
-45199.701274219304;-50.687642061819865
-60151.50736455742;-50.85482026025447
-43486.75789150837;-50.68947114495372
122638.92758672978;-215.74461016187982
113438.68007017349;-227.8356532155858
101605.81564471782;-228.14881738689553
80036.11092560255;-227.83947695394124
127208.57817495022;-228.25320544399878
78438.25687822829;-227.83947695394124
73268.41733191453;-215.61230881478195
116052.7480929508;-227.83718271092798
71135.29542787427;-215.71210838585867
94263.10658124504;-227.8356532155858
71918.3234063139;-228.1323753119672
104969.78863500245;-227.8337413464081
95839.76190162264;-228.24823458413672
118913.25131706442;-227.8302999818882
61565.39510931348;-215.36606006469225
122278.54922778634;-227.8241820005195
27588.35109965581;-218.34810971944526
27259.577398695237;-217.41162365752646
22069.081409494975;-217.38015847865773
25544.535515855794;-217.41185891120026
24694.110409708606;-218.34793327918993
24521.015034121127;-217.41209416487402
17771.800563388373;-218.3469922644948
25577.219363171695;-217.4124176386755
16004.722555217044;-217.37951153105485
28000.98467201901;-217.41247645209393
24774.529876130615;-217.38224635501257
15304.170091038144;-217.41265289234926
27560.827859810845;-218.3454925223244
16185.77386732221;-217.41294695944148
27340.426915739823;-218.34219897089142
15843.453571750446;-217.41300577285995
-41565.235855728875;-159.78416284913965
-22164.339024637975;-152.49612170124044
-39576.43003351553;-159.92422888207437
-21682.415928122715;-152.49681281653454
-18693.095851187456;-159.8399128161959
-18856.065014260254;-152.49773430359332
-28351.92892687682;-159.8009799879624
-16782.864446884203;-152.50464545653418
-53242.55842261984;-159.82747274090235
-47337.25439213209;-152.50948326359278
-48026.96317156516;-152.22267041654717
-42536.64847418778;-152.51547292947487
-37010.82978056953;-152.20331918831278
-52590.681770328665;-152.52468780006265
-18699.498211165315;-152.25492246360452
-23298.720806169677;-152.5424264259442
88068.9345666467;-31.91604783522125
88963.36930376789;-31.915682055266423
83594.33514580695;-31.916015690922187
93755.07847608207;-31.915683163690527
84009.79743494312;-31.9069642996764
94801.23192600883;-31.915678729994106
87993.5162530137;-31.906905276092782
90550.46171083426;-31.91567983841821
86293.51689688272;-31.916025943845163
93020.96278577723;-31.915674296297684
87724.70068483059;-31.916071666339516
82727.02453902745;-31.915649633861335
88530.48582522526;-31.916022064360796
84057.87109684953;-31.915613610077905
89631.99014275987;-31.915985763471337
88917.05981294061;-31.91559476686811
-13760.004187339182;-13.180499276530737
-18045.087364657564;-15.585232709111681
-16111.131290806585;-13.201406684448465
-13735.88855503143;-15.590726626520718
-18963.54004389062;-13.185153845446727
-15609.996687728413;-15.595686413070544
-18966.775067736788;-13.174700141487863
-15589.410172343745;-15.597822936507391
-14356.571993879132;-15.689846053108777
-15580.587380036031;-15.5987385894089
-19065.590341583185;-15.702207367279112
-15583.528310805268;-15.598433371775062
-18464.905231966302;-13.175157967938617
-16307.58546619169;-15.596907283605885
-15749.102713113374;-13.195149722954838
-17377.496080040513;-15.596296848338215
-17030.91728420702;-51.243517193311256
-19178.580207601415;-52.17618254562808
-3232.2538865612405;-51.24327960939728
-3863.604407095547;-52.17639043155281
-4588.523343098263;-52.20504899117662
-3097.4145538323537;-52.17627163959582
-1904.6535404876013;-51.22774756102085
-19875.460123480603;-52.17499462605818
-4856.941827876322;-51.235795716106914
-12916.42736495649;-52.171609055283966
-6959.868337141044;-52.217997314488514
-15035.421177887503;-52.16771861869255
-10110.635081583963;-52.210840099079874
-2902.7166388172845;-51.19032809456904
-5969.99641322947;-51.23932977682736
-13225.48667665517;-51.198405947644346
-66017.8252101247;51.237542884592195
-62957.77206559763;43.939762266590215
-72052.75812000975;51.22442743418567
-62551.9363851207;43.9363221484508
-65411.025954323326;51.188306193721814
-64892.494330471585;43.93202200077653
-65889.00658120928;44.187880787395535
-67213.50962668234;43.922561675893135
-65715.07700386202;44.2304522493708
-65301.74997454804;43.8995558858358
-64582.580486190855;44.22228196878969
-71923.61378027532;43.84279393653545
-65388.714763221666;44.19648108274408
-66444.50638301778;50.904496447220055
-68711.12797245514;44.187235765244395
-61809.64142861434;50.91567683117316
23459.335673175137;10.781053943338911
24181.894382084825;-0.20226074757420065
31459.24733249153;10.782978983158543
27295.41778367193;-0.17466851015946894
29927.59593755722;10.681593552657901
29446.868789691944;-0.15509727199320533
28854.72914629119;10.725227788569569
27564.60026248302;-0.1473971127146756
24260.084011406532;10.68704783214686
26253.91955911006;-0.1448303929551651
26375.53070194837;0.18370973626211118
26997.802712380217;-0.14418871301528835
25564.89276633241;10.686726992176922
28493.449791836345;-0.14611375283492034
29547.928112965456;10.688972871966492
29813.40199275734;-0.15253055223369572
88838.77136486403;61.707179914807384
82271.78243807604;61.95046795502673
84525.03329950865;55.15748424380431
98453.51001174009;61.951461778720436
93471.46671336635;55.187100189876766
96312.84933464881;61.94510130708071
93045.997379223;61.70121697264515
94160.6112607101;61.93715071753106
86653.8271448313;55.19624336785886
90652.66001593639;61.93476554066617
98762.04763772432;55.16444100966026
85181.47170075838;61.93238036380127
86689.42764013718;61.69147750044682
86909.3981802385;61.929995186936374
90233.55825005913;61.69823550156403
88314.3152876751;61.93118777536883
2005.6447665763117;59.340591736612865
2573.3218750834494;59.39376921791558
29101.08627672038;57.81410156339875
-20445.69425520055;59.395436804437274
33363.50825185924;57.82331961111586
-25041.3601302139;59.39580737921987
32716.395097451794;59.333550815743514
-25002.61083953082;59.39599266661117
7444.107713946665;59.328316446939326
-52615.35538029401;59.398030827915456
-77457.52563721694;57.82063294394203
-42509.540370146606;59.40192186313273
24255.487476801165;57.82406076068106
13880.364896406347;59.403404162263115
16100.699252546867;59.33480150563478
7868.412446926406;59.40076381693711
-28296.224736634802;30.76364960406928
-28529.24689730474;27.749213266624437
-29122.336177475623;27.860538033871254
-28477.102654192386;27.75138017206963
-29192.129558165896;27.871191985643456
-28377.34486839608;27.75174132297716
-29143.836410417684;30.82495497062288
-28128.980108548138;27.75174132297716
-27966.966380046997;30.81222440113237
-28326.024388997983;27.75318592660729
-28947.863022796373;27.87462291926501
-28819.067566072572;27.75643628477508
-29044.387536014226;30.82558698471106
-28500.085661820103;27.758603190220274
-28451.09231491478;30.821524037001325
-28499.055957177286;27.759506067489106
-16529.215159783475;87.85547029301577
46009.03762503052;84.78688347674698
67972.61892359787;84.89235536062667
39896.588715876496;84.78851869975287
-10479.138178273875;84.8758214391227
29570.56958363216;84.78979053986856
73068.05890143856;84.80686953570782
27498.43554300058;84.78997223131366
6957.280705435347;87.83920890867945
21316.684492019413;84.79088068853915
67484.0388237165;87.86646262544423
8882.147694684252;84.79197083720975
-27515.337192931343;87.87736411215013
40598.27290187632;84.79360606021562
-16109.937201729248;87.86110272781382
43793.10164010762;84.79424198027347
-46926.897428064534;137.69242063443116
-43472.68271270686;137.83334538951678
-46999.31518729781;137.65756827564655
-44463.40904190716;137.83720256756408
-40981.57602369333;137.66679795168832
-44890.850450064565;137.8440903855057
-47738.265360228084;137.7239668406038
-45883.1824945472;137.84822307627067
-39595.36202045408;133.17277225749692
-46344.6650666901;137.85056493437082
-39360.12473159209;133.15569046900168
-47500.1377838579;137.84946288350017
-39433.50591999477;133.17594065375005
-46659.38526202763;137.84849858898835
-41500.38263141556;137.67795621675376
-44330.77695958634;137.84767205083534
28022.672225724433;65.3308928569985
7754.620699632062;67.90508886317431
-25070.340409534547;67.8524125567448
-31745.69221284466;67.90539073312519
-31628.7858765345;67.79958531533984
27881.21555878914;67.90622087549013
-18559.826540421767;67.82350850894751
-32026.267419989046;67.90901317253582
-7747.159495095104;65.33044005207216
-20864.050429095012;67.91052252229025
29910.70955713351;65.33730759345481
-20793.906627308912;67.90961691243758
8394.098359248637;67.81113184096121
-9491.402032842685;67.90931504248671
-26588.953718203527;67.81649003258943
26956.486438575776;67.91203187204468
-73047.5251185811;29.328200300048273
-52176.20353300624;29.24297241823068
-73619.22073054398;29.246152130951433
-60367.55280518748;29.242740800201933
-55452.37392946791;29.328882566198175
-63241.172673845824;29.24165320250172
-64111.27271375831;29.328676124042115
-66471.1790189539;29.324942542122184
-72580.71423129359;29.246421512789215
-59590.150180393;29.325430954052372
-72132.36896454751;29.246846985037678
-71008.18198598485;29.32573558211192
-64316.24110176826;29.24679159811776
-73532.80162641004;29.32593698909344
-61766.13890499588;29.24577952803562
-63316.143093244056;29.325999928775165
-55383.1158734755;-69.8361445413058
-50731.51966005957;-70.04387380663016
-52535.334668955235;-74.92497258517116
-60635.35448214381;-70.04756950890429
-60106.44936615678;-74.92620448592919
-49899.933567523156;-70.04926337244659
-56633.798702772605;-74.90941983810092
-54403.335664562;-70.04433576941443
-52733.87073569397;-74.88847752521424
-57586.20547617697;-70.03940816638227
-50429.467957889705;-69.96164443103105
-53769.656364384806;-70.0372523400557
-61364.05421362861;-69.90220521945565
-50925.3361689519;-70.03632841448717
-44242.44225844361;-74.91126768923797
-51451.40955023108;-70.03756031524522
25803.767175170397;-70.13580187417642
25420.19825376605;-70.2530092510694
14499.83965259952;-70.13109910905418
75040.64224083438;-70.25834508072734
77683.98727485446;-70.13525924743155
4263.344062620992;-70.26340959701284
39810.341505794284;-70.16872123003218
11652.09275914685;-70.26992111795134
-1164.6608711997396;-70.14773966256368
51825.89031676007;-70.27353862958384
30356.12463710094;-73.11210956981535
9876.824757778697;-70.27218206272165
14607.087541807967;-73.11898284191709
78306.02503226348;-70.26639404410966
-53.06804305095284;-70.15235198989511
38159.98575185716;-70.25843551851816
74957.91621077656;-64.63626752371361
100979.96000662586;-72.84159620448428
60452.01712475823;-73.17984778573945
101841.02088330343;-72.84263537984911
58760.388252364704;-73.13126633743322
99265.09846302349;-72.83899826607218
69722.57895805994;-73.06034261878294
95820.85495631323;-72.83484156461283
86061.68100665064;-73.18140654878671
96718.2168817546;-72.83328280156556
104387.17644359703;-73.15672613387179
97608.31859744321;-72.83224362620072
62363.63035266045;-64.65081597882136
95849.89579532428;-72.83276321388314
104791.57012682586;-64.68978505500283
93997.09026641943;-72.84003744143702
71734.19559241195;-115.87447902087919
9206.629460709315;-115.71159766731537
-61900.41922394294;-115.84452854528685
20250.332638639862;-115.70968302504008
-19286.35699288729;-115.8609397647895
-7831.563286566903;-115.70886246406494
-48090.56452447394;-111.3935322958429
-41536.3415238178;-115.70776838276475
-58416.60118674085;-111.39366905600542
-44430.233040053645;-115.70667430146459
34963.657482423245;-115.87598338266693
-38735.351821907345;-115.70776838276475
-35553.46468126279;-115.85013571195026
-13526.444504713203;-115.70776838276475
63976.894096242024;-111.3080571942666
22865.518711899545;-115.70749486243972
368.65965384946867;-98.06574136562466
7852.137742833753;-98.10355707838511
8631.19693530833;-99.07021740522137
6323.238047533055;-98.1034957887372
-3702.9012297722475;-99.06709163317795
2505.4351316191187;-98.10325063014557
-4716.345128339872;-99.07052385346091
-2059.032342593933;-98.10263773366647
-3426.9116503754267;-98.07266709583848
239.08111714762344;-98.10263773366647
-1679.8245660694138;-98.06276881770103
7101.979645554931;-98.10325063014557
9957.471369786044;-98.07024615474604
-7257.735938850088;-98.1043844886319
-4584.543430469119;-99.06997224662972
13125.476035474549;-98.1052731885266
-27860.06158492157;-54.32739822519714
439.04845624027075;-54.59011622418504
76893.52784051027;-60.29864199042855
83319.63251995147;-54.59684325945324
-37992.29078703422;-60.29809655513653
53428.141822374644;-54.608479212349586
-6890.348296065786;-54.34157954278957
-15296.824857850515;-54.61720617702185
79987.35370976325;-54.38103269557875
61561.81205342837;-54.67011340034744
-36955.62673025644;-60.369730390154686
23698.314135601366;-60.57881391876097
36560.627432659;-54.35721535449404
83608.60515176282;-60.57063238938072
38302.54637406728;-54.342306789845594
58811.520082132934;-60.56354173058451
1103.7259995467525;33.063006565707404
2068.926418115263;32.54881396415735
1789.7925687161196;32.57047428748473
4204.3333605635535;32.54844813181403
3054.0335454076676;32.563157640618336
-1933.5318353652779;32.54821948659945
3644.965843603726;32.56730374050929
-1895.6980906082624;32.54704577449797
-699.9757853807278;32.56725801146638
-1878.1010000236042;32.54655799804021
-2070.4591964771507;32.56943776251199
252.90666977852152;32.54631410981133
869.1347856900261;32.56846220959647
-1911.535472134455;32.54760976602725
-356.39259171527374;33.07114633534627
1016.6204011526938;32.54857007592847
-73380.44901143872;39.76034576470034
-72146.55140997899;39.62159830707435
-18058.988025657483;39.86450574721612
-66573.96279948672;39.620008078333655
-42057.55168190367;39.81004041284719
-66436.48117258312;39.61523739211155
-70634.25351403948;46.3947800708966
-60772.23814415513;39.61046670588946
-34645.000631351664;39.874842234030666
-52412.20954819254;39.60808136277841
-76763.64271349128;39.902870015585485
-17809.229736782625;39.6019192264082
-17873.387829337633;46.2514607056411
-61702.53048620277;39.59078762522331
-24804.753185727066;46.33474893593521
-19826.772611592838;39.59217907537142
63429.59601361507;48.5048329220062
59945.827618583484;42.37016459408069
76393.05760630932;48.56635722007452
69294.35483751755;42.37895377951902
74965.97175774217;48.55921600690588
68980.8681483562;42.388109181017285
59912.05237906087;48.618176792554685
72193.77879731322;42.39561661024586
62460.60734575755;48.568188300374175
72628.59401679854;42.400011202965025
76348.4611735416;42.61937462286338
73453.95593794824;42.403856471594295
58593.17846294481;42.51829899032257
75058.77168769264;42.40641998401381
60636.744411536376;48.56837140840414
75071.88828556551;42.40788484825353
39535.82064842713;226.6856737680808
43390.494779814915;218.39690135201766
37873.30167047413;226.69154002203928
26716.829824901837;218.4013010424865
37411.88981590186;226.66611958821926
46352.866608780845;218.40350088772092
12650.05207947878;226.63703274567519
47257.736549264984;218.4037453149692
39268.90795434252;218.58706575117122
9462.65968330251;218.40203432423132
24583.323649091024;218.6320403648528
11050.969750792523;218.39861234275554
15619.006956953519;218.6242186929082
47670.074769498824;218.39274608879708
39267.71103643183;218.65330553545223
43264.81839919212;218.38663540759035
86367.8304515595;152.1671132831537
99553.73524978447;163.50451426922677
98757.86577768791;152.1439613500382
100958.09079208884;163.5048498044893
91370.35529887158;152.1291977984863
101844.00920848339;163.5031721281766
102001.95913666951;152.11577638798457
102910.02551347393;163.50048784607625
92739.4489568392;152.21979231937297
84701.77927178069;163.49813909923844
100712.71470439009;152.13490189794953
103094.49471004555;163.49847463450098
86340.14550104717;163.14045850936736
101146.9312966361;163.50182998712643
103405.44041737876;163.08979268472334
97434.81656373027;163.50686301606456
-4588.6026320485835;94.3277703676181
-15177.527674789399;105.65927129890949
-18235.652337260344;94.25520145747937
-21458.954390042883;105.66800644550025
-27498.472374095352;94.28611043772364
-7524.894325779067;105.68480480432866
-26345.159319047412;94.26595240712956
-17297.304183788125;105.6982434913914
-17099.91134501151;105.31053736963172
-28890.17974778449;105.72747263575283
-19541.842338660503;105.23427282055074
-3568.2515188472025;105.79668187412587
-15125.982957245356;105.21243495407381
-37413.21594077716;94.77460671245377
-17827.394744894467;94.32407472867584
-5184.881296364889;94.71245278478865
-36418.21818120904;-41.37937240747274
-28870.883705319142;-44.77025982947004
-18026.662529611745;-41.39942731125898
-9674.308026579594;-44.77111779326839
-3364.5740964673387;-44.89455733475484
2574.1695061050195;-44.77068881136921
-4000.7645409595934;-44.91986726680594
-41417.167926712544;-44.770796056844006
-38242.01242811907;-41.36875510546825
-7825.153112747888;-44.76811491997419
-9856.904828415638;-44.88737188794373
-23526.304299197414;-44.76725695617584
-24624.05888166412;-44.900348590393655
-42188.132201131404;-44.76897288377253
-19105.577759508065;-44.873108239796295
-4046.4137414186043;-44.76929462019691
113877.83377628883;-69.2650604039657
77600.68754649305;-68.96540363846246
82618.92602945131;-69.34834692965465
86682.12653331668;-68.9683157547453
114524.05707950739;-69.28690127608694
73071.40563366917;-68.96365636869277
116877.33928547586;-69.26622525047884
68542.12372084528;-68.96190909892307
105241.03073482134;-69.21963138995356
75233.10836478966;-68.96715090823217
80322.83172642253;-59.77942403590242
81992.71849226166;-68.97064544777156
120014.09576171816;-59.71768717070642
81718.21655815112;-68.97763452685035
126972.43385190559;-59.7523413544721
67581.3669514584;-68.98637087569884
-20371.82945605704;-141.69803166072953
-29008.272146692223;-143.66343257283657
-7095.571203020569;-141.70499112121672
-30506.891970347693;-143.66330939654475
-39762.53041324446;-141.7059149434053
-32710.527523850928;-143.66349416098248
3780.4960639765713;-141.69741577927047
-34187.00025651642;-143.66355574912836
-40302.36575612528;-141.71133470024492
-35707.76717116187;-143.66324780839886
-21637.904824317695;-141.70234283094283
-37235.91644947064;-143.66287827952343
-13601.279181327867;-143.72237242846725
-35803.737898785126;-143.6624471625021
-35827.730580690935;-143.7071601564288
-13333.66849853225;-143.6612769877299
-50293.2512190714;-83.18579881731947
-66191.17786366142;-83.53852254774593
-41558.44352615389;-93.14273782841224
-70825.11169077072;-83.55065406040032
-57245.157733247244;-93.12908987667605
-33373.458686402286;-83.5515639238494
-44078.24143127279;-83.26192405922578
-37578.93299744694;-83.54549816752221
-36431.010162544444;-93.12908987667605
-75052.71301907694;-83.54580145533856
-34420.1336544413;-93.2637496671398
-53595.540916439844;-83.55186721166577
-61148.22947505064;-83.12453467841479
-37427.396454989015;-83.55186721166577
-60803.584418310056;-83.16790483615424
-34246.47009472182;-83.55671981672752
31384.462857930863;-57.29141459079535
102377.69104136903;-57.03492336766227
40963.34415681411;-57.20678174677238
32333.519812681916;-57.03547894431888
40746.68599344663;-51.1606261851488
39480.88422377244;-57.03696048206983
44590.01341318295;-51.200998088862164
39657.50772651768;-57.04251624863589
91574.22012345213;-51.183219635850776
45443.693676451585;-57.045849708575524
38710.805751803215;-51.12155062696752
56910.09147467226;-57.04918316851516
29803.093763351848;-51.203220395488586
66910.51420010749;-57.05103509070385
88612.8327274237;-51.13284735231851
64116.33038667786;-57.052516628454796
26012.534651800495;-114.18255019390932
26532.438668703937;-109.30910862446427
26808.560677681384;-109.13399399813761
26351.026662805758;-109.3133611912788
25131.901023168793;-109.19322617876848
25518.81063574824;-109.3188287771832
25459.64383382457;-114.13440506247346
25309.4938289428;-109.33219398717169
26292.629860907124;-109.11166802236136
25977.422650658915;-109.34024348864205
25956.386249974967;-109.1086304746367
24869.88541464998;-109.35740563328638
25196.242225260696;-109.12852641223323
26487.50146724291;-109.39810877279683
25879.170647464485;-114.11283847362837
26192.129457639592;-109.41967536164192
25547.005679572103;-31.254649633949
-5650.867752420265;-31.014978384190883
43144.40217139791;-21.440340941624694
27638.544403865024;-31.027190931949256
62382.99953392216;-21.448584411361594
52419.4456241524;-31.037876911237838
36222.33978347296;-21.384163221936166
40918.72025667259;-31.040319420789512
14307.722652628916;-31.40700116723473
4637.093668905407;-31.03207595105261
31.054528037813725;-31.410054304174324
23981.08925248368;-31.01131461986337
20256.56250588614;-21.353326538846268
53128.48820215222;-30.980477936773475
15557.444416555241;-31.397536442721986
5061.424169252801;-30.926132099248704
-71157.03106563722;12.569951400214906
11508.616699680715;12.116553424744748
-60641.21549787133;12.491377938483877
36001.4020448832;12.107241014465515
-80961.13743444481;22.05551430807743
-115710.02692042489;12.10986012985655
-49923.124684085735;22.064826718356663
-27665.355946138166;12.130231027342372
7982.534633262898;12.500690348763111
-16218.075356577785;12.14419964276122
-83907.863240658;12.513785925718281
-70630.11653588215;12.148855847900837
-12402.315160057653;21.97403071813414
26521.934959810926;12.154385091504132
32410.392121718294;22.05493228243498
-44002.203593804836;12.161951424856008
-46136.910758752136;90.26262531390533
24186.18244799455;90.12806445934456
6999.621271496479;93.77353780999496
26787.438733376955;90.12827889895343
-42200.226915489475;93.7705356554709
39728.47125680944;90.12999441582431
-46739.375634212774;93.75402380558855
52669.50378024194;90.13170993269522
-25798.827544194617;93.7122080818605
34351.961610099344;90.1312810534775
35158.873049795715;90.24450516695651
8165.401680330062;90.13085217425977
16467.2371663707;93.74362348455874
-15378.577658519811;90.13020885543318
29854.137196913056;93.76227973052971
-10021.642682853555;90.12913665738887
13580.749292828914;95.31395178388064
13745.210272843224;95.50416664363125
12645.128074411994;95.27557510165026
13749.071866425611;95.50717003615362
13959.78615623784;95.29059206426214
13180.38785152614;95.51067399409641
12572.101049109528;95.33213899415504
13492.576239364418;95.51200883521746
11765.88612229792;89.86529718286646
13903.449796530356;95.5065026155931
12723.475517539082;89.83809979502492
13429.589357376157;95.50016212026809
12343.623428818319;89.82308283241304
12952.725456546768;95.49148565298121
14375.89431803768;89.82174799129197
12254.034457706948;95.48597943335685
10701.485420407966;163.70801632085704
16420.77692500528;163.56288266511558
74748.72225855009;163.65292309176536
20260.962731289474;163.5620603781142
33610.18005789643;168.18769885647683
27061.055298607822;163.56301971294914
83560.34072439825;168.2064744096747
33081.76040179361;163.56439019128473
53197.01938709177;168.20565212267334
26928.635098391125;163.5658977174539
81923.3748207671;163.69951935517622
16237.910934229842;163.56685705228884
38452.97595153561;163.69047419816118
7866.431991006696;163.5669941001224
26533.896787268972;168.21634185369115
4076.691975281244;163.56672000445528
-40212.75915626812;192.33599948792832
-56558.67595422796;192.46939413445722
-10432.072763279364;192.31947674193782
-53307.096686214405;192.47242583096923
-20458.63845198675;192.3037119200753
-46946.32418501274;192.47515435783006
-62501.35128044221;187.3850874989733
-17942.28889107181;192.4804598267261
-23556.18191868915;187.40570303525502
-33243.609960812326;192.48773589835494
-66683.61744881474;192.3031055807729
-50221.20298599773;192.49228344312297
-15833.68115715697;192.3034087504241
-47900.31061834315;192.4956183092862
-29919.543256887642;187.38220738728685
-44571.066240424814;192.50046902370542
-72891.33990287961;61.081765863279635
-52198.58384209438;58.46843898848982
-63367.74604755499;58.5679213037554
-57091.919860897586;58.46689062560631
-63272.416006385996;58.5644374872675
-56993.725827075454;58.463174554685885
-75367.05698062027;61.096475310672986
-51969.464429842716;58.45976815634216
-55857.948169199386;61.11087508548964
-56297.366470553454;58.45643917614261
-62878.00330386708;58.531534775992895
-64159.43544524598;58.4552004858358
-51452.30918504612;58.55863112645434
-67976.31936827401;58.450245724608564
-75232.44932592243;61.10475905209977
-50490.00765358917;58.41138181623244
-231.10529667638377;-22.961063905795047
327.8913862863051;-22.65788113470971
-3518.297987402837;-14.46910074332208
-3468.207432115577;-22.678058827665904
-1393.275749556498;-14.542050864009848
-3309.703290732047;-22.686336855545367
206.83921100875955;-14.48436335722484
-3004.5219446300357;-22.697719143879628
-2171.302661541489;-22.947870798862155
-2697.021591338799;-22.710136185698822
53.08903436314131;-22.939851459353925
-4719.659661780854;-22.712464381039922
-1829.9448032875675;-22.96365078950738
-4639.53796339313;-22.71401651126732
-4514.427525534441;-14.546448566320814
-5379.765058193753;-22.71556864149472
-112624.26657316001;-159.99585247467635
-68691.0380685026;-159.88494675670316
18565.025516156213;-156.0569457975215
-65205.5406330111;-159.88506770077944
-72883.98795377208;-156.02574222583442
-71986.7311882;-159.88615619746622
-13641.31588654124;-156.01304309782222
-73600.06787244978;-159.88700280600037
22009.54247437399;-156.0310637651919
-64912.20669042024;-159.88712375007668
-49164.919081185435;-160.0150825828091
-63074.55581477744;-159.88784941453451
12105.2081774823;-156.01376876228005
-73306.73392985892;-159.88905885529758
-60820.62956472259;-156.02997526850513
-83676.95154733611;-159.88930074345018
-39275.29457681318;-199.98428689279865
-25361.43424267067;-199.98916601365613
-32482.613020158788;-200.50147370369203
-24966.169294025218;-199.9890380367156
-28962.08426810177;-200.4968985280683
-24141.4543200947;-199.98891005977507
-36292.64664000748;-200.49649860012917
-24171.366262154355;-199.98879807995212
-46260.80133138786;-199.9846708236202
-27215.974650369346;-199.98865410589403
-29784.66267474231;-200.49678654824532
-28942.321020669497;-199.98862211165888
-26867.71418210335;-199.9777600688319
-28062.05529719962;-199.98870209724672
-38127.42380027388;-199.9701134466356
-25030.26631272448;-199.98879807995212
26473.687023386723;-208.14451877595042
38218.39076006826;-201.87257268415922
-39784.3255447554;-201.68632438776785
39518.40853566947;-201.87217598917223
-42541.089127280306;-201.63812594684867
32952.32890763288;-201.8731677266397
-29314.89305241363;-201.72024180915543
19767.37705153528;-201.87435781160067
-3453.118115453428;-208.141940258535
14488.117049093795;-201.87475450658766
18734.621813557664;-208.13222123135375
21054.196677130385;-201.8737627691202
-5289.310735052604;-208.17169238255917
33698.02438297773;-201.87415946410718
-3695.6341218155794;-201.64744827904292
34758.82568971832;-201.87574624405514
-85960.24942539369;-148.1792107356036
-57893.9088356688;-148.5200911023144
-120692.24629033211;-160.21890068653755
-59815.6215244067;-148.52630221296187
-78315.52151966203;-160.0976013491871
-69415.07732502164;-148.52703293186158
-105755.71164800905;-160.11258108663097
-83213.15658302131;-148.52264861846336
-55613.58270086901;-160.10600461653365
-70977.03811231337;-148.51753358616546
-74250.09734224316;-148.22488066683493
-70290.54951556635;-148.51753358616546
-121105.50559484151;-148.09408198378836
-67527.51829781345;-148.518629664515
-77444.60315065461;-160.0862752062417
-84608.90288420182;-148.52118718066396
85356.96005919875;-114.22115226261536
-2627.3922631048335;-114.30071786935268
88782.89130260628;-117.14095801211627
16323.29586318029;-114.3043181230512
81551.64716803134;-114.21773202160176
32616.013172432446;-114.3070183133251
40143.86477707421;-114.18676983979448
113477.18764770482;-114.31277871924273
66571.82028829979;-114.18974004909576
5213.161790599639;-114.3277197720916
53495.79949550878;-114.19514042964354
61674.34810812661;-117.30773976470029
-7984.720986017259;-114.19739058820511
114304.9294246355;-117.28730832496117
55503.07330456567;-117.19991216642956
-9228.632934126974;-117.28460813468728
39079.94465790181;5.172490562980662
36566.516607791375;-1.4777831562955086
38016.10456034749;5.168232343855145
38252.858364551226;-1.4997129847919197
38707.31843805553;5.231466897869073
36188.24667389971;-1.5058874025239195
37056.249894079316;-1.8069434946979719
40687.415510877465;-1.5012033614858513
38035.57537380406;-1.7664904130055596
34894.70741469838;-1.4860866835902655
37719.95066581612;5.23721549368852
39805.86737698895;-1.4703312728258524
37893.918151264996;-1.789484796283352
37257.44829979715;-1.4328589445213034
38795.21928431234;-1.7560577761480438
37356.21329559131;5.555943195233468
89653.1836196192;7.132871873509652
89678.1107978063;9.161409285295019
89760.95149524006;7.116469244468448
89884.72361341059;9.151934842527536
89740.01722889073;7.117653549814383
89919.47009519867;9.145302732590299
89978.07626241722;9.065362121739662
89873.64124586093;9.142578830294648
90062.05779180463;9.063289587384276
90073.86540252484;9.143111767700319
90045.8090852649;7.122805278069202
89799.99239445364;9.145006656253814
89910.70198675497;7.133582456717214
89819.48432326158;9.144769795184628
89797.5396057533;9.078271050010358
90055.18835368377;9.14453293411544
105284.29578038689;20.246235936271642
86935.83059485344;20.329655641573307
102249.09768188078;18.263081084748016
93011.26446505822;20.329655641573307
75253.46646135021;18.262360396149298
74331.57226711516;20.325331509980995
49988.27598245758;18.291908628696756
67290.16456224059;20.321367722688045
121683.18144040689;20.238188246919286
107248.98832547799;20.32094732100546
63101.33930264252;20.232602910279216
73983.97281682982;20.322388698202897
72748.48346635906;20.235725894206997
51013.44247713973;20.32497116568164
124764.97801594401;18.28422128364376
90239.28479086238;20.32731340362747
-48408.53389116241;33.18709570379185
-32418.846395215653;32.90254945688355
-29477.940770010606;33.09812636679135
-29883.41885998585;32.910071645726156
-19800.38938137074;33.21355305765205
-34388.613492018456;32.9142218188807
-47616.60927736461;33.21900015991739
-38283.212043319116;32.920965850256835
-24908.778929520366;33.18657693214753
-43441.82377992722;32.926672338344325
-41615.322083884894;41.70947627664416
-39679.91753707999;32.93289759807614
-23368.80803499901;41.7572032679214
-41589.94666234798;32.94171671602954
-23319.643155771242;41.71232952068791
-36869.06094725162;32.9476825899392
71786.87079249893;176.30828403574534
76188.70512277025;171.73717537686485
72158.0816448809;176.31852862475998
76127.09659895055;171.73852334910362
75287.97290743164;176.2687884491495
75595.23567179823;171.73987132134238
71258.24069209304;171.89825805939742
75596.34974998665;171.74014091579014
77006.43851307147;171.88262158142774
75862.2802135628;171.73946692967075
74419.32614391956;176.24762528500085
75726.25126675658;171.73906253799913
72010.46628491508;171.81724492784755
74922.33244599178;171.73960172689462
75594.9014483417;171.8336901891605
74453.75115994179;171.74000611856627
-107125.42410499703;211.47308529918928
-58151.228427288224;211.354922303319
-65253.49360017319;211.49023992701612
-59240.940954134974;211.35516222818373
-82195.06109531407;215.40425420748244
-62029.00143252214;211.35408256629253
-64252.160768229565;215.42368812152404
-64789.72798465062;211.35372267899547
-98533.45995101304;211.4670871775715
-68599.1661742378;211.3546823784543
-101571.17028922963;211.48832052809846
-68067.97687394377;211.35420252872487
-83013.25662132443;211.450052512177
-64844.39583716802;211.35228312980718
-84187.70431957314;215.41121202855908
-64317.76219125044;211.3516833176454
-34585.33256252241;200.55828690710047
-35525.13982955174;200.64984586173594
-21888.460594047556;197.51267355823626
-30907.57872118385;200.65031062800313
32616.571348221914;197.50988496063314
-12674.180877185412;200.64984586173594
5284.474923024216;200.57083559631445
-6989.862729830602;200.64956700197564
19595.693245347837;200.5548476367233
-10370.137254790927;200.6500317682428
65650.03887521649;200.56962720401978
-17159.107895448353;200.65068244101687
3734.5508415121367;197.50430776542692
-17159.107895448353;200.65068244101687
70114.1233936058;197.5359118715955
-14892.959727369569;200.65049653450998
-12741.887247936182;170.5392279177163
16224.884772837384;173.6609936784402
-60773.46219507717;173.5659906136621
10126.50981134316;173.66062580597253
28240.414204482597;173.55063193813652
7538.518300138094;173.66182139149248
-58594.743928366384;173.5929372719196
8542.357651061851;173.6638446900647
39535.13404134686;170.54842472940825
-28147.66519740707;173.66522421181853
-13698.894337052137;170.57491154708114
-40548.03364999466;173.66632782922156
-12285.781741634113;173.56479502814216
-45601.845554645304;173.66761538285843
-72727.90606784265;170.55587414687875
-38519.99309518722;173.67019049013217
13292.82534230204;88.00776031407526
15294.004167415722;92.17163722562474
10716.724517223407;88.02403310524933
15838.908485003967;92.17408426189152
25773.093702672468;92.01735158900439
4759.465302213117;92.17591953909161
30678.48329773238;92.01869745895111
6904.061943126611;92.1837500551453
12893.006489534535;88.06942562799806
10391.116045887202;92.19145821938564
29400.230323191015;92.05173244855261
14580.66729871374;92.20124636445276
29956.391271670527;92.0639676298865
7419.365490593385;92.20601808517297
7360.5808626056705;88.04740230159706
27982.72865540216;92.21360389759998
-75630.90264082862;12.684302695252205
-76907.41589349136;12.731167199479456
-77054.796135403;12.68180037169096
-75968.80320770993;11.723286876200568
-78754.67786008504;11.671232367549994
-78313.62014898755;11.713833653858089
-78950.52300702212;11.668390222270556
-75940.91558079585;11.710744365510875
-79774.51664367446;11.678893802651087
-78866.49912140072;11.709755793239765
-77691.24773733864;12.679112690828884
-80073.69943726729;11.707778648697548
-75374.76967907403;12.677135546286666
-79818.55923893036;11.706326683174357
-76329.62758441706;12.681553228623184
-78541.32397650933;11.70509096783547
-31858.626669159807;-106.74855533070962
-51231.715419786866;-106.74925115130537
-29278.678224816984;-106.76693068599302
-58950.43287656503;-106.74926119522736
-42380.30904181179;-106.76692231605803
-66518.90765778546;-106.74926231121869
-56244.89094562317;-106.76693626594968
-64481.241370533804;-106.74925338328804
-32260.056317915605;-106.76683582672977
-51137.81374756329;-106.74924557134871
-59247.396914972094;-106.76705958299192
-39719.37040517613;-106.74923999139205
-92257.35601426836;-106.74858602047127
-43400.31595634041;-106.74923441143538
-32936.14835792537;-106.76709362072755
-49194.04913253521;-106.74924222337471
-29040.808220255898;-97.57064563470534
-61185.400726507425;-93.73586938515587
-65155.55007652278;-97.55120428394244
-64374.211992653625;-93.73586938515587
-31104.545528072736;-97.55760423170912
-67499.56432813025;-93.7344203403785
-38221.86122098238;-97.5669022690305
-63237.239484823716;-93.7341788329156
-46281.806446546354;-97.58078894814686
-49450.1257663305;-93.73490335530428
-29293.321881878586;-93.58239139248724
-39947.15089856148;-93.73635240008164
-53495.63259651598;-93.57574993725768
-38958.24922896059;-93.7380429523219
-31669.065598820842;-93.6001421910099
-47546.35784624322;-93.73997501202504
94157.64917852756;-79.32234852967468
102946.24002450064;-79.13108604674002
103910.49432379566;-79.29621673694815
88315.19323962562;-79.13349536096304
94660.82862068736;-73.22455956308895
94041.71331412892;-79.13386602468965
101861.89870453696;-73.25273000631188
95944.12893045023;-79.13349536096304
94780.02610786958;-79.3119699453294
95915.66385888432;-79.13127137860333
103308.28015347949;-79.33828706991925
94943.10724704924;-79.12978872369686
86417.22529073649;-79.31808589681859
92240.70451526117;-79.12793540506377
89205.02323722228;-73.26292325879386
89016.44213809817;-79.12719407761054
18200.697262078414;-87.16350515918998
-4416.250656744014;-87.18160483259908
9706.481883420009;-87.16934685272413
5987.121303415737;-87.18166867624427
12020.872852438715;-87.68445334296408
10714.855824451573;-87.18170059806685
218.0286470155297;-87.68617712138399
8812.76728459297;-87.18173251988945
-6217.030599723279;-87.68588982498066
2167.237464492431;-87.18179636353463
-15692.918428762881;-87.68802858709427
-714.1675118664534;-87.18195597264759
19658.284516404412;-87.1612865925199
15591.019219985046;-87.18233903451868
15445.731697328629;-87.16532470307766
9672.712351126898;-87.18329668919641
-6064.581287897789;-12.914946553035314
-6551.799234998725;-20.35405949864923
-8039.236507808688;-12.94187895056275
26245.614725961666;-20.249963644713823
6708.886314290336;-19.924637382517336
26672.37497159752;-20.229443722788158
18724.85448047483;-19.947936043870435
7113.419463799328;-20.22452749149347
8375.91852380539;-12.907892829873365
14259.875410509718;-20.223031247186388
11406.805351665025;-12.901907852645047
-573.599460716483;-20.21448127971736
17358.332610595025;-12.945085188363635
42806.57950816799;-20.20828255330232
45564.51759558969;-13.087228397536213
47006.61159230085;-20.21255753703683
-15312.608539779329;25.353144649503637
-12041.664376409992;15.396926384229454
-9481.94339252737;25.34610754862861
-9583.337786861322;15.31535998772348
-27684.187067670595;14.935676408693716
-23195.53522619446;15.284332770229053
-29263.59974864178;25.357302936384333
-12424.330720410726;15.269298963814226
-3079.472357997882;25.395047386532195
-11219.297341595673;15.265460545155122
-25017.70948590751;25.38161292122533
-9397.123081882623;15.257783707836913
-26964.676846339276;25.32723532355468
-8789.73166197827;15.255224762064175
-19415.66919895663;14.927999571375508
-12326.836110474233;15.256504234950544
-142046.19946182516;-72.61435506801296
-139527.93159371472;-62.04815336911902
-139185.65255630665;-72.59049297568745
-139828.45082228308;-62.052186398807834
-139992.84064378796;-72.62645415707941
-139387.1341717658;-62.03605428005257
-139593.97769621495;-72.59418991956886
-139699.0080311365;-62.02798822067493
-141335.02108590578;-61.63140696794123
-141774.5714605205;-62.022946933563915
-140223.59197420423;-61.569231093571965
-142231.0276187742;-62.022946933563915
-138559.94931781595;-61.67879506678483
-141362.6506875248;-62.038742966511776
-138609.78353078174;-72.60494466540571
-139366.94816145053;-62.05756377172626
43543.458179330104;-30.143542069091016
28429.933576702555;-30.285683268873818
35970.47788027971;-30.15661357492313
56052.75717930053;-30.29829772904747
51523.81259101907;-33.1718351929524
56245.174101599456;-33.31772416713462
51008.6850018931;-30.142445159510697
39807.27131092019;-33.29423202028949
50834.410246553794;-30.17398130994482
46191.11503016326;-33.284177015803245
53635.45087259095;-33.14139595209859
40974.96714795707;-33.28125192358907
50078.486623236604;-33.139476360333035
55807.5630440282;-33.29130692807531
60536.0714688654;-30.174621173866676
44566.01668069008;-30.304239322607522
-81160.58916846837;-6.614581737189027
-11499.978681986642;-2.8129847235746857
-66861.397046911;-2.583798599839082
-40840.31297413961;-2.7558736183072376
-21673.652883814357;-6.62335855206779
2381.1487060569343;-2.744006375654261
-39333.442286309626;-6.606423007865105
-91014.97217272237;-2.738814456993584
-41460.518897484275;-6.596780873209562
-91933.7957628626;-2.728925088116104
-3065.1781244993035;-2.631267570450987
-110333.23815542075;-2.724845723454143
3359.6958295562654;-2.6240977780148143
-36712.49799543462;-2.7269472143406075
1894.1722032825928;-6.6244711060665065
-35426.14496923829;-2.7407923307690805
-25290.5250669619;8.275717561186099
-31747.293463334634;-0.43106802868974814
-30075.911962117232;8.402492756322154
-35157.04756029551;-0.4116239803559969
-37259.3948124733;8.378122882410521
-32135.347868031768;-0.4043648689780639
-26236.735687802564;8.300087435097733
-34344.51041378569;-0.40021680533353
-30390.800977861923;8.452269520056557
-38049.087069605564;-0.39710575760013
-33820.31281698718;8.432047709789456
-32389.11136895543;-0.39503172577786305
-34613.709650775265;-0.05022393532601477
-41784.535197557285;-0.39917978942239696
-31226.491728470624;-0.03855750632576438
-40387.90979831319;-0.4147350280893978
-13834.27952206822;24.50130415563781
-15278.749219036112;24.662447019714342
-9109.33027786626;24.44298289286176
-10818.178295867889;24.684013736678402
-9776.33844687252;24.45209559017052
-8580.425773203127;24.679457388024023
-14498.034713970039;19.454692386047782
-10152.353027626881;24.66518082890697
-14196.690744022188;19.483853017435806
-12733.29463481027;24.660168845387155
-8884.283407277138;19.462590057048704
-11306.71631191681;24.660168845387155
-12695.885398109189;24.450576807285724
-17013.02960349065;24.660168845387155
-15434.152807071043;24.40607646876129
-10187.84005058443;24.657890671059963
-5917.803482555333;13.694682037775419
-11727.709686114447;14.69218858815558
-19100.07923915657;13.695118838191583
-14697.483410023506;14.690645226685133
-22941.937638301897;13.703243325932235
-26067.905632402526;14.689043625159197
-5266.473375856485;14.656662154307563
-18512.268135668957;14.688810664937243
-17907.275662460277;14.653837511616368
-16083.967881757346;14.68974250582506
-4398.553881158659;14.65337159117246
-26276.16465932462;14.69137322737874
-37464.36023314681;14.647285505373906
-35051.67940625435;14.695508271318428
-25773.739756875068;13.694128757248276
-33235.14004392638;14.702584438060287
10358.4045580817;1.4444267166273148
7902.842990665806;1.3292035309109378
7851.767310063555;1.4454210914770784
54241.58162526665;1.3219321648220403
15128.087346630331;3.470341176164777
16069.71335568208;1.342192552385977
4589.471915699293;3.48705910332643
71643.9827494386;1.353254972589599
16474.38990199222;3.4829573070711546
12874.20923595153;1.36145856510015
20941.547505435214;3.4848217599144617
18694.217558936187;1.366181845636528
65361.674035361764;1.4217425403670787
47311.004657392026;1.3684813374766067
69290.5725432272;1.4503929657258974
45679.20214379192;1.3689785249014887
-61272.048941436886;66.07902634670988
-40684.74505016003;66.226586927765
-50607.57194047174;66.05688617708743
-30245.19472209798;66.22756012203412
-45076.46004966172;66.07306553181154
-21970.67217607225;66.23047970484147
-39905.75190114816;62.08686180550153
-28254.723933318488;66.23047970484147
-62440.10444357843;62.075791720690304
-40667.376195109595;66.22610033063044
-67832.265493985;62.078711303497656
-57598.53609827055;66.22184260570305
-19960.227203984763;66.17695402003994
-47064.32551018365;66.22013951573209
-52099.55658930384;66.11041186188896
-35525.32665742925;66.21965291859753
-7296.644759846377;74.45698978345955
-8322.297976931659;74.60984976490224
-5470.631787296763;69.50586554741231
-7128.621274813948;74.61648929025611
-1350.5066120649353;69.52518053025996
-8222.903802687122;74.622525222396
-11221.058072934797;74.40206280098657
-1214.667907264071;74.63504978158628
-12618.019526662165;74.45351912247912
-12848.9926553828;74.65753362880736
-1143.198762926333;69.46240683600512
-452.645904722629;74.75742830572251
-12623.225888170213;69.46617929359255
-2258.7800424233355;69.78668729022064
-12416.39134462325;74.4218304787447
-5709.177805483649;69.78487651057867
1117.9129016194129;-11.298905817936376
18146.07901164615;-15.564315800453326
10020.17603512883;-11.285708217671491
18255.04184069767;-15.570846571718423
-6456.365752824571;-11.289245718773419
163.5801238431559;-15.579146093534485
9180.254227856676;-15.75370816714116
-6370.557524946496;-15.581323017289517
19094.509636182112;-15.754116340345227
21166.16542352419;-15.579826382207933
1721.7485792799343;-15.750170666039232
19591.198531941973;-15.574248015085661
22134.572566719602;-11.29196687346721
4260.128484392702;-15.574248015085661
18492.49000567245;-11.308021686160576
10188.160396583262;-15.578193689391657
-102230.07044697218;-34.69579809057697
-106458.8654410306;-32.72280277013888
-92533.02738595137;-34.682029239818576
-110144.14372215186;-32.72105830035953
-109373.69796069598;-32.64965964439067
-95767.84841408658;-32.717756268277206
-96475.53314441264;-34.692994478431594
-103953.37087809382;-32.71513956360819
-91911.29125983268;-34.67237235354006
-102788.42720667897;-32.71327048884461
-106926.94524955557;-34.69330599089219
-102359.92085620631;-32.71102759912831
-97288.64404033116;-32.641061900478185
-102692.58523795854;-32.7094077343332
-94260.34699640644;-34.68327528966096
-103441.38926454207;-32.70953233931744
47007.080740963786;-106.64297134092534
41994.913289612785;-108.10363138960058
32331.49955855453;-108.15932235510547
44293.27936181625;-108.10316807042
24207.640200289046;-108.15603278892341
42819.51791093769;-108.10261208740332
37195.78958541261;-106.63597522129868
39878.26100174385;-108.10140745753382
39585.63914903965;-108.15631078043175
22479.479451342173;-108.09992483615599
38391.34096648246;-108.15774706989153
22629.86327286039;-108.09770090408924
34044.62192534958;-108.16015632963051
39917.11015563605;-108.09413334639882
18978.669406249286;-106.63148102524713
49136.265013959244;-108.09190941433206
3576.365376774833;-37.5974480805371
22546.13548537305;-37.447162281623946
51252.510460457546;-37.60477165246383
37641.07110800786;-37.44960347226619
-59803.382088519895;-32.50390380549468
43071.616564374024;-37.45631674653236
-61350.839950326364;-32.65800396478634
43236.67873630005;-37.4587579371746
8039.233850224693;-37.63406594017076
-11844.568035413875;-37.46119912781685
71173.45133477947;-37.602635610651866
-16676.763118548202;-37.46333516962881
52358.427012361906;-32.63237146304278
-9088.02976424928;-37.46516606261049
1651.3277966875903;-37.63849059820983
-9005.498678286269;-37.466386657931615
-49975.2529315353;-86.8032793142894
-14764.674237412786;-86.8034710496565
-18579.066449673308;-86.80347711554553
-16537.22935729807;-86.80347123126994
-61106.010192466885;-86.8032774194558
-18219.58808833964;-86.80347132813044
8288.999873425666;-86.80347746666486
-21437.899817806887;-86.80347138866826
-54183.11055020104;-86.80327916294486
-2073.1272912724744;-86.80347147947498
19992.308124408708;-86.80328048266922
-2920.189029978712;-86.80347153395901
-54858.92986950834;-86.80327953827931
-2197.3107251877373;-86.80347159449683
-18601.28874837394;-86.80327976226923
-3799.930619715291;-86.80347161871195
-4075.9690984817407;-136.01274043086772
2031.2865578065866;-136.2496136111103
-3654.6520236185843;-135.98161506612087
1519.0363452946422;-136.26014130801
-1613.600552341807;-136.0230392647913
782.6524288978335;-136.26838037514887
1986.3047071999363;-135.99099844814012
-5618.924129204699;-136.27593285335948
3587.232036765088;-136.05782643715543
6125.216624873098;-136.28211215371363
-3243.6109749716034;-143.46429006905015
6098.072404679429;-136.2885203170439
5123.013237865435;-143.5372973584196
-5669.334823850084;-136.28783372811563
-5069.253670282911;-136.0749911603614
-2851.7647677472887;-136.28508737240267
85035.04680824076;-39.351629159352086
54422.332532063505;-39.53875134785582
47548.584794248025;-39.35614548092719
-15917.76101861248;-39.577689363597955
95096.86825970108;-43.38238513376197
11213.466947023684;-43.56218355754932
20549.478290372164;-43.35662989450934
-1358.6622778824822;-43.55449360459711
84168.53592266991;-43.38897652200672
55693.787118614;-43.547780153607086
-16326.136445871613;-39.36945032016197
-2178.844858680226;-43.5468036516449
51544.83004671239;-43.38592495337489
11285.53319889294;-43.541799079088705
21017.908927522352;-43.366272851385915
66067.89566150776;-43.53777100849469
44420.82949008861;38.66044766192696
2789.796308023316;32.455645963590996
20217.57036749814;38.65826229547513
18744.92382362844;32.46238417681745
34158.915640867985;32.70459562522773
15144.150078380266;32.46675490972109
31453.237149040124;32.68073870812868
13307.347613672358;32.470761414882766
27729.378702548638;38.65170619611967
15884.114909523498;32.47367523681853
46231.412728496165;38.60818098095421
25437.381336792972;32.47913865294809
17563.6020164293;32.66289154877213
34126.14160799255;32.4838736135937
45965.578906284274;38.640961477731544
19348.694340378184;32.48733377714242
-10680.449154732658;165.13118106549712
-568.5387270348215;157.94348401700543
-7202.641930172935;165.125879309199
-731.9806796972753;157.94454436826507
-3710.696128393276;165.12184997441244
-717.8421024773397;157.94666507078432
-9995.293702654584;165.0255700800385
-1058.8645850221828;157.94666507078432
-10244.980976358645;165.0170872699615
-1414.0256447869615;157.94454436826507
-15491.241439587895;158.18269926117677
-2118.6923334285448;157.94115124423428
-7728.597002754534;158.1882130877268
-3343.375892219354;157.9364856986919
-7370.325456001368;165.1036119327469
-9600.827398218385;157.9313960126457
-8097.626949667825;108.35483112126234
10550.2529462879;108.4864053915086
-14371.568652459982;108.36383865076574
6718.692650773359;108.4864053915086
24809.789012907422;104.83942826756785
4770.347417585719;108.48554753155588
-1633.8546269279104;104.82849055317085
8570.931168422594;108.48468967160318
7190.489254325523;108.37541976012727
15204.677351701503;108.4827594867096
23986.130632632012;108.34046196705451
13288.89720394423;108.4827594867096
2948.291174237802;108.35107798396925
7628.926502070968;108.48511860157953
25349.098598449375;104.83771254766245
7628.926502070968;108.48511860157953
-99839.85309343242;116.38207047752609
-133789.50471999744;116.20779498878512
-115689.67456718555;116.41291420522396
-154818.79494446586;116.20509826942356
-155917.51098606735;121.88506342471419
-157827.79396882726;116.19903065086004
-153794.2253841994;121.90141228584366
-144632.41652686964;116.19431139197731
-118666.318763328;116.41139730058308
-123266.09684178728;116.18858086333398
-111368.95688211464;116.30100035171911
-149408.7980426906;116.17897380060842
-110961.82529369296;121.92939074921988
-168568.2488196728;116.17020946268335
-126236.00044871746;116.39235172009204
-165289.62622682023;116.16953528284296
-40573.863377410125;20.918168181469635
-35172.94047801344;27.234110882711043
-16034.854762212231;20.88363969859727
4596.942572018318;27.2606996609657
-41129.66304938384;20.921861067338337
-15641.41504876345;21.187194917004593
5963.786874018878;26.98114820070494
-6596.077452430465;21.160606138749937
-12893.378355404315;26.925016335500665
-29500.914206010013;21.140664555058944
-18431.74084759885;26.911721946373337
-25509.879876687937;21.123677280062914
-896.8653269065844;26.932586751531506
-12340.599333821767;21.115368286858335
-6824.136556963156;20.889363671693758
-13153.1542890442;21.110567535229023
-141302.19835052226;-77.83789772981109
-79979.33577739703;-78.04152089188023
-135430.63882226212;-84.74087186461712
-53066.952939623894;-78.03769098914539
-54626.18531435018;-84.76959613512844
-66739.48184112922;-78.03386108641054
-87222.6351954472;-77.7593847237468
-92007.69981099982;-78.0300311836757
-96217.46697277366;-84.79363941340829
-119226.16012418173;-78.02577573619254
-148505.43527179118;-84.72810552216764
-129065.50933365696;-78.02109474396107
-88176.12261884098;-84.79512882002739
-83238.82051551962;-78.0164137517296
-85658.59532110718;-84.86576924824783
-79437.69082091452;-78.01471157273633
15354.370134130639;-138.530783715165
17305.276756026542;-138.5192372639353
17698.92517351367;-138.5356069163116
18117.37664169613;-138.5191398255283
6725.042087915482;-138.0030897823125
14502.798726924402;-138.5188637500418
9015.990533860228;-138.5360616288776
10023.581130924167;-138.51857143482079
17969.89183487338;-137.99885121160793
8101.744751241066;-138.5184739964138
5703.04971948006;-138.0033496180645
7477.134592870567;-138.5182466401308
15487.986568521595;-138.00203419956998
9093.333380114473;-138.5181492017238
6272.453087593219;-138.53615906728461
11033.83872268653;-138.5180192838478
-21963.534775662727;-84.81979937787263
-15027.772098142757;-84.99659709946137
-27224.032433352226;-89.33907158574809
-14417.946543850328;-84.9971436148295
-20951.50519625309;-89.29330092366754
-16537.2909455278;-84.99687035714543
-15322.40409908585;-89.31693771333899
-18071.88485682289;-84.99441103798887
-14930.982351449962;-84.86201769006036
-19599.206999584065;-84.99277149188448
-12586.46387586024;-89.31912377481149
-20801.305563431888;-84.99359126493667
-25778.956500216013;-84.86270083427051
-20493.88527989467;-84.9941377803048
-20184.458991244646;-84.84206987912376
-19886.567231993242;-84.99441103798887
-40977.381317808315;-74.78309812122885
-30320.01082010805;-69.48789852539439
-27149.77183430965;-69.29401095865862
-29272.98823320719;-69.49056823371433
-21069.590948183268;-69.27048415408913
-23860.604007735965;-69.49056823371433
-33536.02618990297;-74.75189590523954
-14136.263925023652;-69.4919030878743
-20813.332955418417;-74.71885826478025
-38072.8248744211;-69.4873979550844
-39939.334492475406;-74.72736796005006
-26542.561564238124;-69.4828928222945
-20181.888129113442;-69.32754916942788
-24896.406892676896;-69.48122425459454
-26428.569392325215;-69.25763618279942
-22230.605706997034;-69.48422767645447
-30628.74559615524;-42.56582629633702
-29883.497180852686;-42.887859520042085
-26035.215408104;-50.992491026940726
-30672.174136707665;-42.914631266856894
-24695.89387689024;-42.53828228759486
-24433.67344849143;-42.925700354482245
-24547.650462093152;-42.624260782173195
-21681.7332712075;-42.9151461081418
-29314.34508399266;-42.85851356680277
-27876.98866165845;-42.9130867430022
-26110.161708044678;-42.53416355731566
-30543.537700134664;-42.908968012722994
-31842.179332603115;-50.97987741546068
-31442.160328274254;-42.90484928244379
-21610.818312583928;-50.932512017249856
-29732.871609822763;-42.88837436132698
27475.116271408257;-42.585187240890704
27358.895001425786;-44.03599892893145
27442.274455757222;-44.09889029938479
27802.548493494312;-44.03368163451534
27850.026335685485;-44.10704717572951
27335.870032844352;-44.028398203246596
27318.182709249682;-44.10051240547607
27531.450524548804;-42.50727980262094
27400.43173876704;-42.562292372059495
27414.413308835872;-42.516409942620434
27764.21604303205;-42.58356513479942
27415.195256827563;-42.517058785056946
27506.555680335063;-44.0783127249697
27808.549094387075;-42.51664167206204
27395.519065514894;-42.54875937266939
27831.752551097044;-42.51594648373721
5276.364316733496;32.0802119003281
72736.46833954989;31.568788065648253
38565.10671392903;32.07856465794654
45068.10521411119;31.569506862323838
47148.28709608276;32.076138719166444
40688.058690670114;31.569986060107563
30403.794993820004;31.586862807053105
68824.94876335662;31.569986060107563
-22704.998138609342;31.584152344588915
-40059.936138945995;31.56961168683903
67083.03944910753;32.07079266889177
-40293.227564961504;31.569252288501236
47377.69033166467;32.0763783180583
58824.52296815871;31.569027664540112
26523.380941095464;32.077681137032805
25804.065710880997;31.568728165925286
59638.59138734879;29.731369216117518
63412.44284038152;29.868799510944985
57085.732134571845;26.708363287201564
32305.887065927847;29.8759842046424
103759.93846228675;26.70550783201413
113608.63675919299;29.870365405725188
109870.3747649121;29.741685699375342
29847.476761376965;29.86143059433225
62588.40998774253;29.753291743040396
99285.2484369099;29.858667250602476
111248.781878878;26.706244723675404
92682.03501310508;29.858667250602476
31579.04081218814;26.721351002731506
35853.88233841999;29.856732909991635
97519.46375268348;26.73406238388847
78721.38540502354;29.85599601833036
79059.12344534422;20.04860077551295
51750.702013458664;10.963795951801991
77286.24428123665;10.512928456452766
27651.259449770347;10.89458895931639
58719.44622459811;10.558482426190123
79507.41182356201;10.883200466882052
38651.22000674268;20.020567563366882
84851.95542819376;10.878528264857707
60548.64302416017;19.999542654257333
43501.29477208396;10.871227949194669
67427.27901857242;20.028743916909484
65505.72129686499;10.885244555267702
51451.09219284074;20.09298669474422
63730.58942733925;10.920870095703327
82317.6618327414;10.535121416068401
87315.28880297346;20.52779349563476
-69171.44444462989;46.52006265169519
-76493.23317667165;45.96952657128841
-94973.86717081019;66.93229451629027
-73392.05050169569;45.99945378743737
-100341.9992890141;67.10375252547698
-73996.25810123372;46.0050651404653
-76853.88422445791;46.70523730161683
-73967.63500220305;46.01192346083276
-96282.20300650236;66.93728238564843
-73326.99800389874;46.01504087918161
-80517.12048039949;66.7701887621501
-73952.02240273179;46.01566436285138
-81579.29766442801;66.89987336546224
-75497.6697503872;46.02127571587931
-100479.39016436125;46.586151920690796
-76426.0989989452;46.02439313422816
68307.34359061232;179.55446745063125
67046.80384442618;175.9965207688441
-22761.83776670316;176.10705196846175
59442.90279485172;175.9978892503632
-9362.450074221968;179.55594119995948
59507.1068566269;175.99852085721815
11544.53257517091;179.56520476716554
62120.21217087695;175.99883666064562
47798.42612422559;179.52425558940243
58334.31266153352;175.99967880311888
31541.957682748653;176.10568348694267
50569.9014575211;175.9994682675006
-12760.985077521778;176.07357680514897
45279.48676724582;175.99820505379066
14185.459649523531;179.56373101783728
49011.88289177659;175.99683657227158
19215.668955654222;175.27295874623786
-2501.225933979642;175.49633522323575
25611.203296010943;175.3800512007603
-581.3427763582167;175.4995415841496
30824.6439724394;175.2594920303997
19464.316243583962;175.50274794506345
-6582.506213318182;175.26227087652504
25700.879367067573;175.50659557816005
13809.628535706419;168.3070327822121
25762.022142788002;175.50916066689112
28307.5997052818;168.30852908397188
28189.390338888974;175.5078781225256
10788.156368855289;168.39381828428017
32972.793492750425;175.50232043027492
15778.425913904186;175.33580342014923
10489.575814087202;175.4999690989381
-22570.45359815611;134.2216196530804
-30533.221703261857;134.0975848293488
-43135.046413526754;137.70204106204352
-29981.59536140114;134.09779758204814
-26104.397059756197;137.71055117001825
-26625.325814295822;134.09801033474753
3270.4033167659145;134.16715496204216
-22193.7104810337;134.0992868509437
-17196.515357128552;134.21534344844903
-22207.66392981601;134.0996059799928
-38341.57164184336;137.67810638336462
-26671.83731023686;134.09907409824436
-2222.6043538707017;137.71310420241068
-29462.527066699156;134.0987549691953
-20713.714680189863;134.18832385562928
-26662.535011048654;134.09886134554498
-12592.736868457592;147.43636603103215
10547.70382430304;147.65494750656177
31179.81353971555;138.3502124883354
-5027.4688725508895;147.6560500612933
40712.11565466018;138.28433484312532
-10968.846293527022;147.65990900285374
45516.12527216312;147.33878993729004
-5269.119255725076;147.66431922177995
13727.822866875402;147.292482638565
4219.685790248201;147.6720371049008
23986.687133897103;147.36938583109054
13676.270785131579;147.6808575427532
10942.399450154218;138.30032188673277
50239.584761941325;147.6888510645569
-28836.47562542677;138.38852626525673
19205.231552157093;147.68774850982535
-41272.65449074502;65.14032525865181
-43396.10178848301;64.68450904753288
-63155.45406962834;65.13846511205173
-26270.32955120386;64.68436184168684
-33074.205310709425;64.70177227856966
-29163.714043175583;64.68361243010695
-18616.759000933675;64.70307036648482
-14937.643731256747;64.6822875774925
-28119.758175711988;64.70174551387038
-24547.249594467423;64.6777375786146
-21718.61879472869;64.69715536794355
-29534.863254754928;65.11803026415006
-53759.85126245596;65.13692614184303
-53285.25407913855;65.11883320512852
-50347.64755344673;65.14019143515542
-24072.65241115001;65.11817746999611
-56862.83734296081;0.4328096349867936
20881.14090199124;0.18183656559147066
19617.86898171417;0.395155488893562
7827.806330730993;0.13517816717159636
-1613.9393307529244;0.41119942940285226
-35626.75158606839;5.470606954903875
2644.9695020547515;0.39777490775222146
-18114.89410881899;5.493035728881148
21333.12419626645;0.3571739154429978
-19624.83199095603;5.46389469407856
-24717.842486700603;5.801472299488317
-26063.811665867142;0.12158993184229949
-4320.135837170397;5.787392923123022
-50003.24229956015;0.17332345430082663
-54758.334685704656;0.4143099892975104
-6758.279159601312;0.19313280941944022
10154.5938791076;10.69233786459863
24546.340776591158;12.344011512329324
-2460.7413348891423;12.274853715149488
-34232.26269772657;12.343190504960567
-36027.42278948237;12.273936118678527
17230.94622513457;12.34618476712897
-5217.929125947507;12.267512943381796
-8400.47142960858;12.350627865830466
-28505.795747066884;10.686445929364034
23170.676319854007;12.350579571279363
635.089580527856;10.688715773265887
14022.62486010363;12.35217329146577
-30404.07208430214;12.267512943381796
-11690.817080816356;12.355215848185274
-43162.36391134994;10.71518118727046
-20108.852393592926;10.773038059492137
9521.430988172648;-2.198610918815184
22389.552092622012;-2.350131397106593
-14353.876320879239;-2.197606960498268
-220.52020170350443;-2.3276581763202526
14122.872098387146;-2.1980703258753063
19964.45857714364;-2.3278126314459318
-7872.862287938084;-4.737080909354747
-17472.160918080215;-2.3203987854133246
4375.902979274117;-4.722098762163853
-3230.5608967947446;-2.3114403881239243
15149.39705084503;-2.1884168805203488
9280.570384802642;-2.300860212014891
-13423.40887095582;-2.215523755077069
5453.324071134593;-2.298388930004022
-18836.32082347641;-4.722948265355089
137.1864681823099;-2.2956087377417944
3763.441741804588;-76.35364664949562
-3828.9175860466985;-76.04315455830755
5068.580911199841;-76.35340293513832
-970.7422969672698;-76.04607913059505
-11335.307900258595;-76.29296177453028
-2722.508157084967;-76.04997856031169
-8879.891551791101;-76.20035031875992
-6572.565661750365;-76.05923970588873
-902.4381491441936;-76.17719745481732
-10519.19109954494;-76.06728227967932
-5852.722379735613;-68.31326628812563
-9770.789617793815;-76.07361885296886
-9376.863110090038;-68.3705391620889
-8488.320359529498;-76.0801991406157
-9587.958256594977;-68.3783380215222
-7016.542622600362;-76.08872914312087
7143.235741895431;-260.19504710594526
-6842.355357762761;-260.02104319845654
24371.920271109273;-260.14139172236804
-75792.99487789735;-260.02121034918423
16998.17094203963;-254.7029756473899
-17616.76538633572;-260.0218789520948
20119.598504926835;-254.72236513179786
-23590.35998751602;-260.0225475550054
-37992.806269693974;-260.11732201758576
-21725.4815394013;-260.0235504593714
-8106.882562152852;-254.64296853616182
-13859.08517644467;-260.0243862130096
6365.3720041791275;-254.7237023376191
158.4182816839384;-260.02472051446495
-20909.721876001386;-254.67238706422907
-58743.81736507958;-260.02505481592027
-29024.48980795036;-295.6893754358909
-32297.24088441329;-295.792413684364
-29651.909319732888;-295.683089282801
-25747.51605389831;-295.7937802393836
-32278.942614860465;-304.5129478860426
-25476.560908596824;-295.795420105407
-32925.18823089446;-295.8260309378447
-25886.864414339074;-295.7981532154461
-28107.11310171533;-295.54042093876126
-27993.2767517088;-295.8011596364891
-34974.59442081115;-304.6184459335509
-29962.62801233186;-295.8033461245204
-27389.43385646549;-295.5338614746675
-30795.903056583702;-295.80635254556336
-29913.011550659772;-304.5102147760035
-30078.7516460325;-295.8082657225907
-7407.901290041834;-197.37277425575704
-7274.01049957429;-195.03931827808856
-7299.903606468231;-197.3889071910743
-7298.387688323643;-195.03946561083117
-7956.388036902243;-194.96587290589082
-7310.086288954612;-195.03983394268772
-8177.895833666136;-194.9689668934859
-7407.105050208313;-195.04071793914346
-7544.196112314433;-197.39362183883824
-7565.572089383588;-195.04167560197052
-7279.783238367321;-194.95614894487767
-7613.7139747026595;-195.04233859931233
-7613.024921000573;-194.95268662542603
-7479.639436581226;-195.0427805975402
-7382.957546026323;-194.99010914205235
-7377.613551759035;-195.04322259576807
6472.054644642953;-155.30942516377547
-4569.189925357208;-155.12052546802772
4606.9000989407705;-147.37514856491998
-2438.9921199658766;-155.12395111017858
-6054.894048914495;-147.3898298884237
-685.7023553315357;-155.12835550722968
4565.268603713817;-147.35997786396615
-658.6895530850397;-155.13251521555574
-2571.8315474839383;-155.2609767962132
-447.9896955623699;-155.13545148025648
1698.7335888503494;-155.41488600427712
-644.3886577780704;-155.1347174140813
2421.7232960359797;-155.34955411468562
-2000.1135328786859;-155.13251521555574
-4007.3236386300887;-147.3905639545989
-3539.525463255475;-155.1315364606555
-39246.39338427262;-217.98576232018854
-73715.2571484244;-218.05221672382913
-3380.2931050699844;-220.49572969118182
-67056.205344551;-218.05244854151627
-66474.0234632798;-220.49356605943538
-70362.62879088169;-218.05213945126678
8601.564470425776;-220.49928422905097
-77040.16255923989;-218.0520621787044
-64514.93522789101;-220.50732057553773
-73779.94402412119;-218.05275763176576
1079.404925112227;-217.97571688708007
-68383.21039455963;-218.05422581045084
-45759.4376687161;-217.96095782766687
-71920.65839695033;-218.05584853426066
-45214.2197164145;-217.96644417959533
-61877.55889591007;-218.05886216419321
27036.318020720875;-76.90911846595714
21613.31325956517;-77.39474599660544
16084.608351467607;-90.31614225064337
-3637.277398766768;-77.41326569057084
-4268.542165225066;-90.34741995600714
-1998.925121168024;-77.42808144574316
13202.811289705653;-77.01776733722082
37807.456605615145;-77.44125100589633
32807.986461025066;-76.90953001471192
4154.438294203974;-77.50833345292656
-505.9105456143225;-76.83092420254766
20034.417314621216;-91.04087960782273
5693.696684044735;-76.84327066519126
-658.588535641451;-90.94540029671222
16815.7010344821;-90.34206982219493
31279.004474359208;-90.90794936002663
80006.8931019168;51.7613607597485
19556.66757326111;51.7135268728934
27343.03903523004;53.30118985277517
19268.33964931371;51.71465237611351
-3761.473897137359;53.31530553899417
10193.597621916677;51.71512133578857
39103.78330150547;51.76750413149165
25016.6879435913;51.71624683900868
-10922.629018757201;51.77580471774004
37979.30439811062;51.71718475835878
41847.451125173335;51.76862963471177
52515.584311227045;51.716528214813714
65743.7659588558;53.303862922922946
59760.20277925271;51.71605925513867
-5385.215363577969;53.31704068979185
65326.44922682668;51.716528214813714
11593.05050015523;95.96057664642628
24995.677778499616;95.93215280122402
10817.663263857672;95.94239099546628
33366.25670117566;95.93196580224243
6625.444515332;95.97993104102123
37572.33402407663;95.93159180427924
2941.8354463795263;95.95940790279131
34292.00946944513;95.93075030886207
5009.534743173014;95.97904279585866
24305.5207746101;95.93018931191729
6116.834835758803;95.97109533914092
22634.176704949947;95.93018931191729
44286.120380186585;97.5246361284765
26798.678304725036;95.93037631089888
37060.259700909606;97.51753016717593
30120.5785824824;95.93065680937127
50689.18831109496;69.74623704475395
48681.99782776164;75.45637572872907
54990.97494814834;75.25076511939655
40484.17373537734;75.45972989853874
47314.707616436455;75.2232609269573
36347.222703398715;75.46442573627226
46319.35415502354;75.24489532222964
40315.111576326315;75.4731465777774
40008.2637576487;75.2562994995825
46448.68670669757;75.47180490985353
47649.87334675512;75.2562994995825
47578.021929158436;75.4630840683484
46274.97533827264;69.74170891551091
39683.2417568731;75.45386010137182
32695.48006789653;69.740702664568
41271.5807411575;75.44916426363828
-6118.010294095908;113.34721465469785
-10695.690216922227;113.02611503213399
2719.259675023175;124.40087663561627
-10038.77352196236;113.02845882499942
2653.3458240069085;124.4115911172868
-8935.271971240596;113.03080261786485
-10786.414337703043;124.36806353550026
-8064.320411744762;113.0348205484913
1399.8717470964511;113.406479131438
-9398.520441023456;113.03381606583469
-9302.982387303251;113.43393499071875
-10935.646258824141;113.02912848010384
6027.91281451947;124.33658974559306
-11118.20540798717;113.02176227395535
-319.07261479966473;113.28627604019668
-4804.917509243769;113.01205227494141
-43097.36417928098;96.49713308974829
-7538.2993146925655;96.80263962982724
-3301.4069379778084;96.54059100473397
-17073.691010224655;96.80107826761218
-47304.061148959896;87.95205791379206
-22982.45539755604;96.80628280832904
-8475.946164753223;87.9799022066272
-25026.207684298417;96.81044644090251
17185.38211987289;88.10923504344086
-64728.400240595525;96.81877370604947
-33469.79703069209;96.47605469984506
-42046.881860823196;96.82918278748316
-55115.136179549925;96.45523653697767
-27158.956960199095;96.84375550149034
-33279.08919678144;96.47839674316764
23176.786568565556;96.867436161752
7859.790990173042;13.484232808809661
-7663.65556881733;13.315470727830949
18985.111795737714;17.50723565690383
29937.940420478306;13.320633151284047
4674.208793574711;17.48658596309143
23449.515332928328;13.33046633881376
-15322.138454371014;13.445022973534927
1062.9192935632673;13.336612081019833
35298.793468848235;17.52296875695137
-5238.568455162587;13.341037015408205
14369.458957134848;17.474663223211653
-5374.522883398311;13.34497029042009
17859.239186910614;13.490624380703975
-10685.242736356318;13.348780650587853
12755.849837012087;17.518175078030637
-8678.215489526428;13.350009799029067
-77501.33118781855;161.7399459067243
-113856.48368577046;161.5897753208482
-122054.72104300106;161.71402114075119
-124955.39105231874;161.58784475316935
-116352.80984095566;166.26423126210457
-128060.22156503447;161.58591418549048
-43405.20140279045;166.25513001447572
-115036.37230930461;161.5843973108857
-111077.7796914698;161.7378774413541
-98849.3609684596;161.5802603801453
-119193.82256031936;161.73180994293486
-98544.44593091706;161.57391708634336
-44209.91195839184;166.22162087547858
-101476.93316154354;161.5684011786895
-81808.58752249548;166.20190150561606
-59951.482200913844;161.56040311259142
51980.221829269925;28.52807795664911
10798.360693494978;17.1454109128941
-13670.33810264519;28.559643459221114
-30978.92791528062;17.055852975364235
11897.46738107795;16.67266245576923
-6822.9221631376495;17.029426042978372
63473.09550624485;16.50455780253694
65946.55365666581;17.019515943333673
69281.32198815691;28.565149070134833
29814.5915607738;17.019515943333673
21102.2518379057;28.519268979187157
43515.04068010021;17.025388594974977
-44696.228755541015;28.642961704382095
-25000.31181059164;17.025021554247395
67530.61542446;28.67856465495749
-24700.725660654203;17.03676685753
-109830.83536337054;-3.6589616313747246
-111151.76353293232;-13.074673079476968
-110237.11615869243;-12.681331740609094
-124009.41641838587;-13.051292650243564
-124209.463307453;-12.742120856615948
-129066.2717997528;-13.05569367221691
-94181.8065567587;-3.6716145695480957
-73501.7016070618;-13.078799037576982
-126832.75859501364;-12.682982123849099
-117126.35979713297;-13.153066283377209
-90348.94940901383;-12.63099505178894
-73961.60321800993;-4.105115233922762
-86936.80943002869;-12.676380590889078
-103991.32230776676;-4.054503481229272
-78800.88182827807;-3.6551107371480462
-98769.47980139602;-4.041300415309232
-59705.378525754;-16.928340179299465
-18944.05121104241;-14.068106728957542
-43448.14268968781;-16.923685831768516
-17065.786289054086;-14.06947565470194
-50920.58636539245;-16.939930417268688
-34555.04116332982;-14.06801546724125
-37660.812233277844;-13.920445271995312
-3189.551348809713;-14.071118365595215
-58323.53153124938;-13.92920639675945
-50471.102496507214;-14.08042706065711
-33993.63761624825;-13.94481215024557
-8735.893465877598;-14.080518322373404
-26626.795572390147;-16.9146509218555
-17713.8373289328;-14.074586310814352
-12825.474610293313;-16.9027868987374
-4285.281101473731;-14.069658178134524
75256.8961109405;-19.031020970603137
77201.21081804865;-18.96122297770766
54711.8746191147;-19.0404580604329
42944.37467383343;-17.463552262743978
44400.80907823134;-19.033619589541768
74830.9917403323;-17.477502743361885
49807.12817857429;-19.024592807965476
75249.6896072077;-17.481651415702505
41810.79163666475;-19.028741480306095
61916.21640079005;-17.483794136581725
48662.735385806416;-19.028012043411042
68938.23363802567;-17.484341214253018
72777.85882685895;-19.03371076915365
67805.37125123027;-17.484250034641136
40491.28080318995;-19.025550193890233
64277.78767402703;-17.48361177735796
72104.68169063482;46.73080434906009
64273.87524176382;47.165163496232076
76102.35523628478;46.75821832048048
61717.961406006805;47.23126162732346
66992.8540191208;36.76491193870027
78554.97001401467;47.27695157969078
69435.87674146245;36.70368740252806
69959.01268532842;47.27725617937323
55998.88284337615;36.75577394822681
92883.28721279222;47.23217542637081
99113.69611265717;46.69882138240296
64644.27614983253;47.19440506574716
100939.87588849396;46.71922956112703
98762.47931536492;47.194709665429606
72512.71296984199;36.780141922822715
98525.62933231701;47.23248002605326
67610.38215855748;8.67445740579129
77877.54834632596;7.087915763458574
75755.63871291405;8.687432977115428
85913.32853112865;7.089352344569461
38163.385344046124;8.666950110953753
80705.68789313443;7.095191351665322
40599.77121549024;7.160439938895269
68178.15666340063;7.0973693939947315
49796.8595557566;8.677284226686906
47492.48930642157;7.095145010339165
84895.84227292202;7.146444858395665
32174.38395080464;7.093291357292859
38247.102567822614;7.1659082153818705
18832.21973586111;7.0929669680097565
22383.761959917752;7.15946677104596
65288.83914537087;7.088610883350938
-64972.031249761574;4.9322560343077475
-60979.70589574686;4.847541939296542
-57028.66451503227;4.977786411105301
-59819.62624601352;4.8511291811048345
-62159.932124450665;4.9897438837996075
-60299.0157439745;4.849565511598656
-58184.946039222006;7.988402093854208
-57119.15898450613;4.848829667125161
-56667.01690892323;8.013788728189812
-61905.457713028736;4.8480938226516646
-57267.94642427976;7.981779493592746
-58213.18427695929;4.852600870051826
-59932.414061069445;4.996458464620257
-63769.67681136891;4.854808403472314
-65000.93003107166;4.982845341860584
-65395.9350876072;4.8511291811048345
-82170.43143230041;13.703137458303928
-82774.58568178827;13.756115559477735
-81976.62524772447;13.704139910906415
-82711.18529551454;12.770552764476031
-82561.40849215674;12.711408060929356
-80497.41108003097;12.758098050323932
-82909.3175109962;12.715205229878167
-82581.16403329284;12.757581635346895
-82018.20321142937;12.70912975956007
-81853.66983598209;12.75667031479918
-82658.16738341452;13.703988024148462
-81231.923060811;12.753480692882178
-80829.55411956961;13.702499533920529
-81015.42924748508;12.751536542380387
-80326.05218915468;13.70568915583753
-83095.57717499218;12.749896165394501
-34659.515825694965;-31.62928646644827
-40214.92596275168;-31.707523772680652
-55426.06167698375;-31.61936220114409
-65586.41856082101;-31.711420416726465
-48912.74521002457;-33.615966079181746
-27610.307705643492;-31.711846612168976
-43363.289424668874;-33.62850840220421
-47514.96114820885;-31.709472094703557
-49179.94674260808;-31.61790095962691
-70950.54514948228;-31.706123416226685
-29666.04763042252;-31.63403550137911
-58794.73615183888;-31.704357749393427
-29985.349740390007;-33.61176500981985
-58690.534997070936;-31.702652967623383
-51997.843685118365;-33.60732040020509
-69239.4133294001;-31.69899986383043
-44740.92666035593;-66.41043994335557
-74049.68157210737;-65.90450521728673
-95558.12553505742;-66.4084774099642
-35382.73792659154;-65.90468072840302
-52361.52066901818;-65.88451290558454
-59292.04134399701;-65.90455308395481
-56278.55563503415;-65.88625206119151
-49831.582749269466;-65.90493601729946
-60871.76317693273;-65.88773592790206
-86223.76667180871;-65.9051434395278
-36519.62133244408;-65.89397455030873
-76563.73291151228;-65.90488815063138
-63624.11322149452;-66.40662656546505
-81175.80576756912;-65.90431375061439
-75400.0409013296;-65.88768806123397
-57544.51750618;-65.90397868393782
-73854.60525583572;-79.73652660986777
-77889.40706446272;-81.64830054250749
-78639.43636330473;-79.74503483371943
-63340.149579559846;-81.64997822045007
-78483.06321360858;-81.7002486416581
-53335.077097503774;-81.6520154008089
-69333.82940713504;-79.75522073551366
-46541.74056429678;-81.65297407391895
-92411.50993055609;-79.75629924276247
-55664.75611812666;-81.65411249823714
-86782.07654149468;-81.72092003059346
-60252.013964602345;-81.65501125427781
-88200.67128275018;-79.75300380394668
-60863.46107089926;-81.65561042497158
-78954.05539502873;-79.76708431525049
-58614.30954053907;-81.65573025911034
-19039.523711242684;-188.76605647722133
-19361.93916245408;-188.85080999656765
-5702.344823631625;-188.76697190677322
-26097.330437760596;-188.8518779977115
-6682.841127315587;-188.78459392564721
-33487.490078027244;-188.8527934272634
19194.31131991123;-191.26983258745096
-33553.73982827616;-188.8537088568153
-10537.472429298388;-191.2554145720086
-12212.486948091828;-188.85447171477523
-12190.403698008857;-191.26098343511597
-1592.6519831904989;-188.85492942955116
-39951.2573773132;-188.78520421201515
3667.578186573479;-188.85584485910306
318.65331149074336;-188.75621560953846
3479.870560868214;-188.85843857616678
26254.85473940531;-45.56327337786047
-7628.4840841800615;-46.27141548290853
37213.60060659114;-45.6203207778011
-19717.71110398085;-46.41144091912642
31459.88286799362;-61.00567451550627
29947.22485721868;-61.74634778250394
30931.25503531564;-60.96984309075018
15264.010028489509;-61.73503259573886
17882.071970215366;-61.04433473695364
-16641.23755023633;-61.73078940070195
27828.701171040513;-45.53734274152383
26427.386024453917;-61.685528653641626
12106.286276553488;-45.49302492669392
-7765.907258899006;-61.627066855355366
-27084.39574000948;-45.56327337786047
13391.243114618941;-61.6001932867883
57285.037422070505;94.06384191170498
68255.08516604334;94.06795725838602
50476.0422706391;94.06436357536879
83012.97873822533;94.06800878072319
68751.00393712614;94.06451814238028
36159.30343346941;94.06803132174569
19425.84796748515;93.95904869805811
51989.15230429052;94.06798623970067
23256.288045971363;93.95880396695658
61611.396271639525;94.06788319502634
24213.64452838889;94.06404478090758
58952.29807577221;94.06774794889128
38002.011832359916;94.06396749740183
33692.893512664945;94.0676867661159
24032.111890303364;93.95857855673148
26288.593006170937;94.06764490421696
-48865.60956550226;180.47458833973923
-41334.89030622463;180.30147704905826
-41807.4141021979;180.65865604122277
-52739.10999413234;180.30768568184638
-54016.40731707492;192.6248827061211
-50639.94259885613;180.31206824616743
-48559.10764378987;192.52116201718988
-49410.22722746971;180.31645081048845
-48010.576314811304;192.63145655260263
-45529.10544729167;180.31827687895557
-44978.92625851896;192.597856892808
-46150.142607212954;180.31827687895557
-53564.89373347709;192.61502193639876
-46711.23886712193;180.3190073063424
-51738.24115165887;192.62816962936188
-53835.142739718125;180.31973773372923
40314.74053187086;258.55470139366133
43195.960523592716;258.74510196852617
51981.19339817881;252.08936013411997
44711.21352442053;258.7474671930587
49623.22087127483;252.20446772803413
45167.53109478477;258.7484527032805
49990.46445571192;258.56928694494496
44869.95431498344;258.7488469073693
53207.57796978477;252.10749352220236
43377.094215645695;258.7500295196355
46227.710575331126;252.1786473602212
41731.71357615894;258.75081792781305
51181.518004966885;252.09822972611678
41431.64869619205;258.75081792781305
50279.33288493378;252.07615429714696
41885.47816639073;258.75140923394616
26661.711173690615;195.8430500445551
-2460.321178373295;196.10474856258455
-19182.442109785094;195.82771329419614
834.2178002604087;196.11059113414984
21321.526135825014;195.85376142575817
28576.91534719812;196.11667714619705
19488.28882294162;187.99891083716443
27663.82214712735;196.12495412258124
26618.524333146728;187.86453169116234
24554.369627967448;196.12933605125522
3814.991161881382;187.86014976248836
20302.669244626362;196.12933605125522
1801.0742099878516;195.8306345799788
16059.78250221259;196.12982293221899
8594.62863676918;195.85424830672193
12888.634496561426;196.13079669414654
-91078.86904269159;87.46618714115606
-88357.49191402554;87.52178053064684
-86158.18077400661;87.46047949324551
-89021.46755262536;87.52276925705654
-84551.31357911542;87.46429957255572
-95181.26935016556;87.5247017677664
-97722.08663966414;87.46632196748465
-93737.9443738174;87.52631968370954
-89284.51958668401;85.9934342118001
-88879.55790267266;87.5259601468333
-99304.72535773415;85.99433305399074
-88919.93869737464;87.5247017677664
-89285.38488942763;87.48533247981658
-88679.38453464996;87.52258948861841
-94891.68136530275;86.00215298104928
-92891.10142206718;87.52142099377059
-34102.43235105209;95.99072200558491
-22364.31625300923;95.79844338879265
1089.1462610146773;95.94322506370851
-18196.77444533354;95.7981379422211
-27717.261508629763;100.99027148875514
-17378.445871839605;95.79874883536421
-11.388371972527239;100.97759545603571
-13259.203389749557;95.80058151479352
-22456.774961987467;95.96170458128744
-12475.374334531083;95.8027196407944
-9319.358402691912;95.94230872399385
-19125.50147730895;95.80241419422283
-40724.26988884408;95.95238846085508
-36482.20912169339;95.80241419422283
-18365.8220848833;100.96537759317363
-150.76642580539192;95.80256691750861
-51721.13511116367;115.71801725331633
-38770.736413123814;115.73525600379214
-7274.385257139904;115.25176985351793
-38700.62767376715;115.73531322786012
69792.6464806794;115.24895156817044
-7167.03125;115.7351701676902
-53747.71585819241;115.24903740427239
13655.264338930938;115.73491265938434
48963.77819743377;115.25022480368276
-32835.59344696074;115.73485543531636
-48899.25835205771;115.25049661800561
83358.687546195;115.73501280150327
56561.81282521285;115.25506023742618
56912.356521996204;115.73538475794508
23459.533358340224;115.71682985390598
57240.9912377306;115.73581393845485
115931.64583913503;43.9045728203302
89780.32149199271;59.33804256047925
-5081.69737214176;58.79299437263012
54011.42244149983;59.34168532196863
16379.149101992865;43.73791648219087
-24977.408034736727;59.3676399975805
31739.663082331303;43.86495778913314
93726.43556171701;59.374925520559266
83549.35561550112;58.765673661459736
27416.437549354145;59.37173810425605
38125.910149574076;58.84809114015706
65869.48289711734;59.430477633272375
92466.93257006859;58.74108502140639
67405.04133899006;44.63175908264855
7582.3464068985195;43.81441447346794
98434.16690036375;44.502441049775406
23302.514592377614;-18.712051253281388
-15159.935115145383;-18.63361113649243
34471.25164472115;-18.71323258034146
52895.9728988781;-18.637450449437672
5294.423159817325;-16.780817775471363
-12240.978169341248;-18.638218312026723
15738.198840636396;-18.716126831638643
18286.393468138915;-18.64010843532284
49189.6238131757;-18.72410078929415
42617.829868846704;-18.642471089442992
20742.853089051336;-18.692323091378142
51243.46868294272;-18.64388868191508
55969.09561964615;-16.760794281803097
37325.22962752397;-18.644715610857133
58614.12164299375;-18.712641916811425
18643.140715989262;-18.646960132271275
66157.34293434514;-118.87422952219191
66974.86374534592;-133.47924832057578
70044.62264912107;-119.03561852315698
66489.21829377212;-133.48747778804707
70354.39649683275;-118.96703962756276
66424.7947383467;-133.49250690705733
70254.93969411393;-118.90851896998902
66571.86384023941;-133.49662164079297
66246.57190983402;-134.0018195050038
66567.74919710093;-133.4934212923319
64329.736013462476;-134.01507809148535
66631.58494636371;-133.48793498068437
70839.33658101139;-133.82900068810633
66902.79870980617;-133.48290586167414
65173.943224247145;-118.95972454536604
66614.53856764713;-133.48061989848765
-6264.299966757473;-169.55811204362237
-3435.688706106992;-170.97022748660694
-6774.917637278453;-169.54533837702866
-2875.8098498072086;-170.9704508024565
5843.759765356771;-171.02141147932164
-2864.9384157042987;-170.97062945513613
53.36217629517705;-171.02096484762257
-1788.6664395163662;-170.97036147611666
-1367.3983680286656;-169.5468122616356
-2088.989806609212;-170.9699148444176
3917.8172675634023;-169.5593626123798
-5642.929561313114;-170.96987018124767
1584.1959909109682;-169.5589606438506
-8901.64193365991;-170.97018282343703
-2866.6370772828795;-170.9981419677995
-9439.777921753877;-170.97031681294678
-73263.32223850407;-165.77737868637294
-80827.69254860788;-158.8651523669835
-74143.79825989658;-158.61975044778796
-65825.61689989881;-158.86688665616506
-44721.99689241701;-165.74811255643354
-87860.68785632745;-158.86862094534666
-63499.30656969332;-165.76437151751097
-82843.51922916443;-158.86948808993748
-45103.53650168711;-158.60826078195993
-48461.70294117367;-158.8664530838697
-68661.67650564737;-158.67611484618976
-44810.04449455626;-158.8651523669835
-126207.7356301333;-165.71949678493723
-48432.35374046059;-158.8651523669835
-86050.30558076248;-158.65638730674914
-52189.05143173535;-158.86428522239268
10229.129862415914;-159.74211373606968
20065.70012606795;-159.68862632979412
19397.40758423155;-159.7466556834182
23011.45156381544;-159.6889849045848
24301.19371231279;-159.75042071872028
24623.294657043014;-159.68904466704993
18284.330219824467;-157.77562982154822
24878.92324614332;-159.68940324184058
23950.98700647729;-159.7441456598835
24863.30893441817;-159.6898215790964
5332.48170540903;-157.7949330977795
25645.809013444235;-159.69047896621262
19668.650485057005;-157.8050329543835
24538.53125053506;-159.69131564072418
9266.842136954556;-157.76959381257188
22897.69014981792;-159.69203279030555
-111448.99727669988;-227.68922887849797
-93285.19804462188;-227.80933087240348
-107170.41160742896;-232.26358426979684
-89521.97422187339;-227.80919298262862
-107596.68828823588;-232.216150187244
-86781.5646615688;-227.80781408488
-90961.90687706;-227.70012217071215
-87808.54178222374;-227.8062972973565
-106479.37714440214;-227.68674686255045
-102328.17493638798;-227.80450473028327
-110217.2075320635;-232.17740316050757
-89453.7033472129;-227.8036773916341
-87562.51686195334;-232.1798851764551
-103485.03323322626;-227.80271216321006
-112359.83065326777;-227.72370132221369
-104129.02739846874;-227.80160904501116
-16274.232828391083;-307.08582729416787
55825.95916021407;-309.5506363457551
11361.292398256537;-309.62767128695987
20833.68805836355;-309.5505590790137
-14942.64621575847;-307.0892270307907
60573.56372860844;-309.5500954785651
51460.18014891364;-307.08799076292786
57707.470631805874;-309.54970914485796
12043.295280109847;-309.6170084766427
54829.37044201292;-309.54947734463366
17696.2346599785;-309.6198673460755
52331.89510001488;-309.5490137441851
12001.270454643534;-309.6128360726055
41787.26603586736;-309.54839561025364
-148.70694231715606;-309.61206340519124
44007.37752978774;-309.5477774763222
87752.83325854709;-241.30668666447386
112860.81768683527;-240.35257586856005
92911.50632698771;-240.32357262617705
112893.31419568468;-240.35290545085988
104772.1412114084;-240.31955771452485
110458.4394144404;-240.35350469140496
101227.06751874504;-241.30596757581972
107673.19318323789;-240.3541638560046
110193.1497331061;-241.30608742392874
107387.81475097849;-240.3548829446587
90783.28042015882;-240.31949779047034
111707.48704548879;-240.35533237506755
109321.0616047109;-240.32144532224194
110609.1050463786;-240.35593161561263
92970.5908885321;-240.32884594297397
107140.84128372296;-240.35689040048482
-43477.500099781224;-104.75602256213065
-43550.99068267521;-102.8413083113178
-43434.72314436733;-104.74952212031077
-43511.07794564415;-102.84045778621989
-43488.672012810144;-104.76076120196196
-43492.979300403706;-102.83887823960944
-43505.404308975114;-104.76616811151307
-43488.354172249805;-102.83814921809693
-43588.448375378146;-104.76537833820785
-43484.35011185749;-102.83948575753654
-43491.379137582684;-102.76846691185959
-43498.22549631918;-102.84167282207406
-43390.934213836044;-102.76391052740641
-43521.058869906745;-102.84434590095327
-43557.23789368877;-102.77873396482744
-43440.37486099773;-102.85029957663876
5359.89569089748;4.741059793232525
1739.6543943557836;-5.6894144433009
7486.991981105169;-5.272963743066935
3219.338234859779;-5.672036925062733
3078.3441272437212;-5.219611713388352
5813.977948594298;-5.65709835675273
4388.835038608448;4.696853825784556
2607.6675013254244;-5.6503912444502795
2599.7764730802455;-5.301011667240818
3741.19049983872;-5.643074394665788
6236.61213784342;-5.243086606446928
4051.26149206103;-5.627221220132724
6949.009526036819;-5.245830425116113
5194.068053215712;-5.615026470491905
2958.3540801038007;-5.223879875762639
3564.222586987289;-5.606185277002311
-8164.061071978143;123.7365320619965
-13171.04458787018;106.17885734308271
-6051.138711096053;123.69390120427559
-12978.482259670911;106.19393410983767
-17056.2300353365;123.75628782533059
-13223.677080968944;106.20901087659263
-8738.118229465694;123.84258931779002
-15710.290142852255;106.22564730887396
-14275.237994811137;123.70273930892503
-16050.404943083577;106.23240585948825
-15596.676554301132;106.77101035459647
-10328.889960536944;106.23604507904979
-8571.327673749267;106.75385403380633
-10548.675992063161;106.23656496755859
-14003.363944252698;123.79112035541964
-16385.982459427072;106.23656496755859
-75655.82762460374;314.3660978686949
-43481.65401043614;309.7278067541977
-61280.37645377185;314.3622136674984
-71736.51298556618;309.7278067541977
-42481.395228496614;309.87818082909047
-46426.04321903754;309.72739058978374
-70988.77051377314;309.8763774499635
-73674.92297801761;309.72669698242726
-35249.13197672797;309.84946548453064
-72907.56758893165;309.7257259321281
-56746.523739555756;309.80660054989795
-70940.55542542803;309.72586465359944
-53373.10196517147;314.4217251786875
-69001.32822808938;309.72697442536986
-37963.069407137424;314.4188120277901
-42015.58844278948;309.72822291861155
-11474.113199395424;346.1711799672108
-10743.892652275441;343.6847246774083
-6059.303370688904;343.7414343499772
-16912.927768797734;343.6846503528047
-15717.45503368838;346.13736227255964
-16578.69382201057;343.6844273789938
-8048.764971713157;346.1959300602192
-10072.676124270298;343.6840557559757
-14206.6223082168;346.1886462490636
-15575.991981649076;343.68375845756117
-6266.000679886229;343.76276551121873
-9457.53173865379;343.68346115914665
-16529.035159960502;343.7704209453925
-9835.194109447839;343.68271791311037
-9852.602127509672;343.7337045911998
-16216.97353091525;343.68197466707403
4796.8864104504755;260.8072542153356
-74230.55156425541;260.78172952841334
-83157.43142501352;260.8040056188182
-76996.75588052039;260.7817604674278
-17596.559225906356;261.82443619344866
-23835.00567455025;260.78185328447114
-29349.115270809452;261.8239721082319
-19267.871205303498;260.78197704052894
-79223.1386267976;260.81418455457265
-17444.067256983253;260.7820389185578
-2415.9837196120206;261.8215588651047
-71540.59323245198;260.7820079795434
-22883.455788470128;261.8201047314255
-76138.22609548336;260.7820079795434
-10310.49295076076;260.80709952026336
-26662.206778384476;260.7821317356012
-62380.629966529785;299.1588108087076
-60522.19556785409;299.1725429588814
-55346.358540032656;299.1721486262662
-61018.88924570643;299.1725437812643
-66521.96629171023;299.17212806669295
-79544.34114090586;299.17254583722166
-70238.27950329219;299.158657434291
-79360.44225123123;299.1725483043705
-73053.9881826609;299.15875324190245
-60301.62801739841;299.17255077151924
-58079.840525528736;299.1721498598406
-78333.16416359256;299.1725515939022
-68864.31589554182;299.1721531493723
-79200.98913541062;299.1725561170083
-62105.61501067194;299.1721728865627
-45425.81904145177;299.1725606401144
-71390.8683845766;233.1625922809577
-37164.28579415838;233.11336101136507
-42573.62489634436;233.171232617414
-78448.28253320795;233.1131745292833
-39288.09384370136;235.2201734107382
-76205.54123289057;233.1128015651197
-57823.27462807951;235.22067069628963
-80218.12257449378;233.11249076165006
-79946.27514415227;233.17651627639808
-40675.648436069445;233.11230427956826
-67673.49636185987;233.1732839203137
-40225.40112956633;233.11099890499574
-67866.7628943683;235.21619512632665
-38856.96080964414;233.1095070483414
-54738.08946811006;235.21290060954837
-39785.06492729442;233.1082016737689
-9079.734173705245;122.29395146349124
-11414.510252654512;123.10008558407837
-20997.912456835977;122.37664714080609
-27678.59408170997;123.19705965172096
-24066.544003648603;122.44387456193255
-23639.984501686085;103.86828367846978
-5731.218038231764;122.3641535492693
-8659.907290713956;103.65886728699623
-15745.50785657153;122.41174818369512
-18180.311417378973;103.59937399396397
-34369.85553639589;122.29216666470028
-27973.38661237854;103.57736147554203
-17355.565593404102;102.913416325302
-25097.59650895596;103.5714121462388
-11439.998024474145;102.97826401470716
-22772.91935846353;103.57260201209945
76376.96243850997;-78.59348636969119
22437.76499576436;-78.66654248373966
75144.95751582074;-78.60096692967633
74821.10643044069;-78.6699208011523
17747.921500075347;-78.60253543418935
-17118.331861371582;-78.67215290372852
6817.518994046739;-80.58880509153497
15775.685525088833;-78.6733594456616
-3396.6414289719833;-80.57969569994015
19805.832365374037;-78.67408337082145
63719.354143787714;-78.59589945355737
7372.692283269702;-78.67432467920807
73117.88961103445;-78.58522155744954
20640.305797014713;-78.67480729598131
74613.7731958852;-78.61647099351651
56550.07932246405;-78.67510893146458
55259.18104545446;-42.3033013204836
48730.88728238872;-51.944233717886235
55147.73189405976;-42.23434776857745
44667.6073933235;-51.95158876342289
51713.03941620476;-52.25927483503967
39485.57678707331;-51.956492127114
53394.71482801389;-42.14639368236827
38349.78925693629;-51.95587920665261
53065.33644427416;-52.16794968629286
42949.72875399125;-51.95220168388428
40695.900373875586;-52.25896837480898
46990.29289245373;-51.94729832019318
43583.28523564581;-52.324857324408185
41236.109317897004;-51.939330354195135
52991.51025481525;-52.259581295270365
43621.263131184765;-51.92829778589015
38741.78194310396;-49.3847402412032
67001.5198512473;-49.36136961499885
65817.068484787;-48.382848954533266
17505.944148177136;-49.36096560151393
46746.070640544174;-48.380704575267174
41236.3755201558;-49.36084128967242
2968.6889875389024;-49.40049676711491
31583.318690876345;-49.36046835414788
28673.205970284747;-49.407116372675446
-16492.689831417432;-49.35910092389125
58296.319858298746;-49.404661213805575
34373.65543058994;-49.35673899890251
56481.935555368924;-48.375234854240624
35272.71464508165;-49.35599312785344
16766.586241522768;-48.38772819431263
-14069.074613404402;-49.35847936468369
65595.50827333247;-54.23903629992062
59988.66361034027;-61.96326447330672
20225.933765953072;-62.275596806435985
69179.2450351839;-61.96374908515021
69988.10755445468;-62.28286598408834
64560.16424866589;-61.96229524961974
50451.69870665597;-62.18230902656418
25676.71554287422;-61.9572068252631
16909.597436942917;-54.1748252306582
58240.56896575156;-61.959387578558804
37273.90086328936;-62.2029050299125
27892.047242712273;-61.96520292068068
21368.808925534482;-62.21235496086055
25749.037368126657;-61.97295671017652
28004.336392446334;-54.28022830661726
32758.544799830765;-61.97925666414189
-22724.65544441864;-125.47017643029454
-2452.526131056493;-133.60722085813813
23105.977385486447;-125.49772036429579
-2414.051791877595;-133.6097950575775
-21760.48850459542;-125.39681174627253
-8852.347710074639;-133.61365635673656
-1601.4737484192374;-133.78767223883784
-16253.271594527745;-133.61520087640017
1398.7552207513472;-133.88214535826268
-19071.901682773925;-133.61288409690474
9022.060785658494;-133.89527377540347
-19114.223455870713;-133.61005247752144
-10785.298510422544;-125.46451319152793
-19175.78239855695;-133.60593375841844
-5278.85108713845;-125.39784142604829
-19221.95160557163;-133.6028447190912
-73187.8304396382;-114.14622282183676
-79570.56398288961;-114.34473359059105
-69442.56588362053;-114.12501145049484
-73836.028177406;-114.34381135705443
-75131.3250127081;-114.07774698174381
-69437.80510927533;-114.34150577321293
-79433.60016711269;-121.62069507763843
-68127.49352411534;-114.33966130613972
-66999.9224311283;-121.60916715843086
-71259.3506164262;-114.33458902168839
-65190.828179957156;-114.17342871116661
-69285.46033022934;-114.32997785400536
-65942.2980996744;-114.09665276924423
-70400.58016723667;-114.32859450370046
-79605.3542569506;-121.79476665767267
-71283.88691497449;-114.32859450370046
17343.492706851117;-153.57819319631406
-21340.404800966862;-153.56906515697676
765.4504802611991;-153.58366677150389
-20574.03970088523;-153.5689514625366
41486.69182808494;-153.58579448174086
-25442.077167600975;-153.56898394666237
49791.229136187896;-153.05599463273037
-26262.411640927807;-153.5689677045995
13571.033517012635;-153.05342838679567
-19753.7052275584;-153.5689677045995
-17856.681757990125;-153.5879546761036
-14865.429245875712;-153.56898394666237
28593.40855981008;-153.58646040631885
-13278.729672467249;-153.5688864942851
-23186.15736595221;-153.05420800581382
-15732.986920792071;-153.56885401015933
7143.071328253747;-144.08654080076977
-8445.872905756703;-144.10333317333965
23229.51661810329;-144.56302617419666
-4796.087285306465;-144.10336200144707
31497.22144676034;-144.55707317001526
-3750.815032097489;-144.10336200144707
13602.784514958956;-144.5602154337236
-4783.086386634706;-144.10331875928594
8625.173776833635;-144.08540209052683
-3742.147766316317;-144.10333317333965
-608.9311864237461;-144.08541650458054
21846.22099942873;-144.10354938414528
2854.5082197313604;-144.0912541963323
24878.030569681625;-144.10389532143427
3647.5630387083147;-144.56123883153688
13336.699455477068;-144.10403946197135
38323.22838586173;-112.99701417182608
51037.75396299535;-112.93360783691666
64732.0818514173;-112.98337514185035
71012.99640793567;-112.93385030856068
60349.69333183682;-112.96864498947656
74018.57180957595;-112.93324412945066
36114.21953859352;-111.02074903729786
64709.177381802765;-112.9322742428746
34076.9942134343;-111.01135326109237
53877.90819519734;-112.93142559212055
49638.03637544061;-112.91481628450566
52292.40990965806;-112.93094064883253
22879.253512996365;-113.00471264652349
56781.68595410636;-112.92984952643447
89493.08597526069;-113.00519758981152
50452.41751729065;-112.92803098910437
16748.349132463685;-53.90026881639713
1973.8770191987678;-48.47182339169914
235.25812638764182;-53.77582343952494
14567.93569699388;-48.475191331533296
21031.657963596426;-53.82667933102075
28641.24839756963;-48.47805408039233
6423.295935631937;-48.23472042737432
454.40687050329143;-48.482095608193326
10954.895631108473;-53.79990420933918
24406.31548601561;-48.49270461867093
1754.7282750831182;-53.74365961410872
24015.811074958467;-48.50112446825632
29040.495444695214;-48.250044553619745
27148.006157079482;-48.49674614647192
1319.9278412791937;-48.243308673951425
12676.029251782711;-48.506513171990974
37355.49499460681;5.1247573124499075
43791.36860065004;2.527232848113954
45935.26585126614;2.605871459819081
48012.95041046203;2.534430539935066
32623.029997310558;2.625320541974
45094.713158079205;2.5426236572207994
57617.97252058569;5.136319562077439
41620.289297766714;2.5450739352875615
40351.79352529555;2.639256498478707
34756.47261243925;2.548136782871013
43338.334396196056;5.157453210403256
56387.81041156832;2.5515824864023964
53509.99774973678;5.164344617466023
57109.877235898064;2.5541859068483306
55028.70779820637;5.149336664307109
57852.8533312026;2.556329900156747
-3910.746161829895;101.5493521899195
-12624.96109976742;101.6602661601282
-22622.829399807168;101.5450296720092
-10878.090133008993;101.66247340331644
-6342.020256139109;98.58695592591239
-9120.619221063924;101.66523245730173
-4289.164204992976;98.53352224706391
-16697.460040474874;101.6680834797532
-14684.177118025536;98.55531877354773
-15838.157817344516;101.6684513536179
-9802.90235957738;98.54455846300509
-17535.56237323195;101.6688192274826
-18695.549708156694;98.54382271527567
-1155.46707631569;101.67111843913702
-9089.526048516444;98.56028507072125
-7085.783076735082;101.67295780846054
28760.91039074183;27.177624591622845
26020.80669465826;18.77801267796667
29702.385944760066;27.2600408378663
26552.019960386737;18.637001492533514
27761.101336978943;18.23203927261965
28539.0717325942;18.60578736604928
29865.17710683815;18.224646453189177
28869.223633229747;18.594835040967094
25569.489617686526;27.217600578172828
28309.093516342662;18.58114463461436
27110.15088756409;27.17050558031942
25687.941607988076;18.574299431437993
25461.10497556612;18.229848807603215
27227.888881540737;18.566632803880463
28357.645266436124;27.23840999582898
27743.108629591366;18.565537571372246
58948.03813716926;-49.05396150444688
57879.55841731487;-49.01453677515131
62190.19481287862;-47.59855051820947
65093.21515763764;-49.011991803951034
64469.017383152255;-49.06641846874299
64194.470501059084;-49.00699115878557
61763.77093218072;-49.07418732819647
55961.4019942773;-48.997391706012586
58114.04982724855;-49.07360689616834
60266.53076241913;-47.5391678568696
65196.024202846995;-49.07548213810539
60899.90791594106;-47.54550796056152
60087.95011570807;-47.6135971023234
62570.22110499178;-47.54872266102504
62058.011754752304;-47.610069861537056
57726.17933850415;-47.548008283144256
-20350.79772561404;23.634827769540813
-26679.43873918858;21.985057869985496
-24630.98860622444;23.611996584104205
-21459.206498576837;21.984672533522435
-24155.732770781437;22.04651903584438
-24145.26245989677;21.982697684149226
-25571.029966225786;23.623267675648858
-24715.834228910517;21.976532300740182
-22884.733308103903;22.056248781536773
-23701.297208706786;21.929521252246243
-27312.832373510315;22.061787993193335
-20752.40033966147;23.55785681104356
-27543.419909774886;22.035970450167973
-20766.481102575333;23.562095512137276
-25037.4051563108;23.630300066099796
-23418.839511622784;23.562818018005522
-85828.282660885;3.345896835064041
-85587.84705923166;-6.048781189115374
-86000.97049813837;3.305503209349501
-85839.84705219809;-6.044659390573074
-85703.87998858417;-5.64676843795639
-85585.04142708842;-6.055925639922027
-85482.6594306009;-5.723983463982142
-86104.53133166085;-6.156497524354144
-86001.48918643376;-5.628357737800784
-85832.12566961901;2.9436092973355716
-85622.79957731864;-5.606649598811338
-85514.7945281743;2.976308899104483
-85800.75681611834;3.303304916793609
-85770.96760424455;2.988674294731384
-85873.45569606521;3.3665058277755406
-85540.74073131409;2.9870255753144637
26044.066000315077;-21.548965882610336
67225.83606575821;-19.705122575356206
11390.236324489004;-19.621860596092198
70071.22762480639;-19.713548946930693
-226.235739481368;-21.56481688927843
15662.743934014092;-21.64236307803387
48520.51232804727;-19.629874487939265
62551.715266806874;-21.63063686864
66804.01592340485;-19.607600582658446
23207.5149831725;-21.624980003806776
39821.41909292791;-19.619032163675584
35089.203304311144;-21.622151571390166
40997.21116637391;-21.538653889424772
28718.9613940408;-21.619558841674937
39576.40978868674;-21.541894801568805
7345.056935393863;-21.619087436272167
4679.157196349473;61.343892735361266
2625.8335722521833;61.276658563220685
4825.009864657414;65.37927803833294
3252.801238126094;61.280299402867286
-474.1230161217901;65.38898694405722
4304.67550027258;61.28539657837253
4003.571974372916;61.392194541339514
2324.3685775339122;61.28915877934069
5193.527325227291;61.433214668024554
2635.9546991731804;61.29122192180709
931.8099538502911;65.39748223656595
1757.7662043673772;61.292071451057964
5650.604646355893;65.41605051876363
876.8666934220214;61.293285064273505
-330.8006295440989;65.34056377675742
969.5834453947268;61.29546956806146
54950.823655528526;199.9944218543501
76673.51758027083;199.95685380435125
78984.26258316294;201.47494660695122
74005.90419834551;199.9571702620528
81188.21405616979;201.4891419952781
73495.96509314344;199.95771276096977
54210.833488031974;201.47747826856366
75398.66981726566;199.95821005164365
65517.59846463286;201.4821799258439
77576.36788084239;199.95884296704673
76460.37549354152;201.48751449852725
66605.55755033885;199.95906900826213
83148.32030260532;201.47580556356974
81460.53755737719;199.95920463299137
56272.83856089969;201.48163742692694
66337.23880650217;199.95906900826213
6695.591463808982;235.97756822403107
-3700.975107461514;236.42371556657523
-3441.84258014864;235.96057589831858
-3671.8293221809245;236.43240931461418
5543.008136803866;223.121490726255
-3956.9280945619594;236.44268374411476
-9535.166435582341;223.0215126238071
-4260.574184848824;236.44742578849963
5607.393826105532;223.04601318646232
-4734.59063818495;236.44900646996126
-4168.1025570040465;223.0815785193489
-5845.045057375394;236.4513774921537
3141.395429683327;236.3391491083782
-3126.5381757495397;236.45928089946185
-4615.887803587642;235.96531794270348
-2455.655190927253;236.4687649882316
37389.27969516539;60.32978236471166
-44705.7312958493;74.34928122278964
23811.434787548256;60.34086789359259
39120.49068970878;74.36447250310796
46619.22554853444;73.76995969497533
186.52515494103864;74.4157943960752
4593.244050142384;73.76995969497533
-4534.959375631828;61.2063602965923
-54056.496281987216;73.85700162544778
32375.285685257368;60.926348048562986
9108.064274663244;73.76913854468785
48628.63849353246;60.89309146192021
-53913.42099318198;73.78104522385625
-32261.36062065589;60.87872133188937
24177.0716367172;73.87999383349711
-24433.552597578164;60.87050982901461
-106257.90163610206;-26.69361534314236
-105598.07533482143;-27.269360838437873
-110062.55828093528;-26.765407568717105
-109902.95189162304;-38.89794176817486
-109643.98490502068;-38.172629136265286
-107146.12243251118;-27.38901454772912
-110117.58876558828;-38.29932129904425
-110072.53930021057;-27.231705112278572
-109886.85637405298;-26.684817276282708
-105846.61170668565;-27.180676324492598
-109385.10783751088;-38.16101568801055
-110666.81458300748;-27.161672500075756
-107625.30127681814;-38.167702218823884
-110379.79283952319;-27.153578278564876
-108913.66203516495;-26.691855729770428
-108628.79834990234;-27.14442828903084
-29960.502753222565;-22.319331869853624
2760.4356226348173;-14.738009558586372
25652.51545130677;-14.292478588090395
35633.42471322138;-22.741516239275576
-76474.88127513009;-14.309015763851162
-36187.073379848625;-22.6675853358745
-2180.2740214049118;-22.28723029337684
1468.9431320955628;-22.635970146920087
-68951.18665001182;-22.300849144003354
-571.5399161837704;-22.639618053337905
11701.393082574505;-14.361545616267719
-24644.35924565397;-22.646913866173538
-12020.395584496211;-14.358870484894652
-14806.114851880317;-22.64132040966622
1386.3476821192016;-22.35119025256922
9221.65241396641;-22.63937485957672
-19906.526715788452;2.985590100826829
-23110.23848244417;3.3194286566951092
-11406.170023176186;2.9691007958488225
-9190.37747201417;3.2340475944784837
-15738.314679301728;2.9716161135573325
-23732.822145599934;3.1967370484689264
-5370.927580165628;7.558856914515069
-8736.410217629757;3.175496587819292
-18324.126571934212;7.541249690555503
-10565.24972814982;3.1587278030958954
-18991.02608611322;3.0374335935966625
-8028.797767144846;3.1481075727710772
-5020.363978168775;7.580097375164704
-17334.405899081845;3.142238498117889
-17636.690443866388;7.5546647183342195
-15549.521948113288;3.13860526142782
-53087.818429054954;-106.44950745763292
-64318.1775416077;-106.37583239623434
-70023.974104091;-106.44227896104287
-63423.94504921825;-106.37694447263281
-65183.8322156724;-103.45209087162621
-67103.61046693081;-106.37916862542976
-69501.61499445899;-103.44578910536822
-66649.25933002096;-106.38009535576181
-62240.67867275956;-106.48351846081943
-65971.35007001375;-106.38130010519349
-70182.05646621648;-106.47740204062785
-64442.61766190785;-106.3813927782267
-51024.06585256556;-106.46109158678364
-63348.34044124519;-106.3815781242931
-57117.652557379566;-106.47703134849502
-63773.75201529454;-106.38213416249233
85828.9395923657;-175.0261300988319
106662.9647727587;-180.89750473544484
96537.06734922426;-181.10077151198024
103796.24032032752;-180.89897635011658
104811.05142339043;-175.04250181205512
98185.55082309374;-180.89805659094674
59684.69317912505;-175.08867372238126
96093.96434454586;-180.89732078361087
85358.94643173057;-181.09083811294593
99618.91304930934;-180.89732078361087
104275.58657868672;-181.10242707848596
99653.98716577463;-180.89621707260704
77671.86923975055;-181.0829281840853
95535.11675553196;-180.89272198776166
77286.05395863217;-175.0226350139865
97685.16009485535;-180.89161827675784
18032.399833602594;-165.25178580476646
2758.3032129552957;-164.30390995067663
27031.1732794475;-165.24451818305238
7982.668399347094;-164.30402860572502
-9270.775896743486;-165.24172978941513
9031.018551558162;-164.30402860572502
8474.680162325087;-165.24537843215322
7978.322005681206;-164.30405826948711
2667.8982247049207;-164.27270367294918
6877.815129479546;-164.3044142346323
-2531.2578784247526;-164.27338593947744
24563.290955958928;-164.30503717363635
6275.404967388109;-164.2738012321468
21209.61360336333;-164.30646103421708
23570.57464267117;-164.26691923934
13732.077940577597;-164.30741027460422
31972.647708572564;-60.35683366799553
-6914.551147591326;-56.03213650312874
89325.04192897485;-55.84968877016951
66767.0695176478;-56.02953010694361
34066.734884456455;-60.36067467289994
5219.52065489145;-56.03172496688898
26016.13307494726;-60.35258112685137
16490.363188204312;-56.032273681875324
-11253.965128728501;-55.8555874562727
77991.37678038547;-56.02953010694361
105040.0028022191;-55.86971686717104
-23564.87095939703;-56.034331363074116
113027.78199645175;-60.35079780314575
-17301.22353997543;-56.04201337288292
107313.25076981747;-55.924039650819054
5286.996797225489;-56.04365951784195
4145.80014059972;-31.102687586731594
-2505.650096586309;-26.302755514979562
-17523.33373337218;-26.08233326553269
-3795.2456172559323;-26.305667909096037
-23328.61846570101;-26.065625320338174
-3121.6810362750693;-26.32038316357928
-19624.013270306255;-31.09042487466223
-8990.112448070853;-26.395185707202415
-35879.37182464446;-31.078008878691996
-56025.969093690874;-26.392579880887677
-58819.85884521775;-31.10881894276628
15301.713513095296;-26.33494513416165
-57826.351088270974;-26.10532585066275
1134.4051597977814;-26.387981363861662
1311.2158623052528;-26.052442904863604
-63797.2204467576;-31.33935792967038
-15908.178472489293;41.11493600087508
-2059.2413182142336;33.84197682004556
-8773.68284947389;41.04841893267965
2194.832406278969;33.84794630052464
-13786.494890936265;34.11124302879821
4762.97959767604;33.8496518663758
-11279.731984825507;34.133841776326136
-316.2131243866497;33.839418471268814
-3618.4735415624546;34.100583242228424
-1995.0019498913498;33.83430177371532
-2041.7539346152262;34.02468556185159
573.1452415057211;33.836007339566486
-14141.595843609985;41.12282424293672
3134.1547253113604;33.83856568834323
-10013.145772725977;41.06142387229479
4841.494381181787;33.8402712541944
-12733.938851397746;51.72903384219943
-3984.550291284868;51.69622228905742
-20427.86274139426;51.73405072290831
-21296.328560246402;51.696337619648425
-58020.02604313695;52.675177178188015
-47641.589797972236;51.695299644329346
4376.45603927923;51.733733563783034
-73843.00576549482;51.694722991374306
-31574.073116268846;51.73667449385376
22382.287736971455;51.69498248520407
-19670.87700694964;51.72055704376028
26647.299998497918;51.694751824022056
-35616.12520898026;52.67901192033906
9333.723663658846;51.694867154613064
-62200.529208419015;52.668343840670744
18512.849968503942;51.69648178288719
-4541.350017977311;86.45969472967731
65847.10548698957;80.29463887119343
-28115.58855803858;86.4015065485766
28075.712467478712;80.30186721667178
47597.294344347974;86.40403646949402
41088.12251488731;80.30439713758919
-27530.138888782923;80.44986759034097
13823.177613910339;80.30295146849353
49980.628301959674;80.48094947589787
13704.505383655815;80.30078296485003
54559.39851928007;80.43107389209726
3945.6923157254205;80.29680737483693
35188.134800733205;86.3402463206476
-5912.014277417067;80.29102469845425
10700.120087712108;86.41361402725283
3372.1098694952234;80.28632627389332
57156.08062240652;56.02257911464891
15689.990118090245;62.827826502471076
49835.84233319906;62.7978097835495
67163.90487288951;62.83319373035771
64813.523298944776;62.55707967352284
25621.887552882858;62.840151247988544
18801.872990576703;56.07008902075657
27247.614665312096;62.88110120890142
27434.081992081105;56.0476261781199
47485.46075925432;56.38238216927175
57085.73666081103;62.56284447384553
12446.351888964607;56.344811574065275
70829.60687158813;62.59425269629327
29596.879668437854;56.32075844168441
56338.750782916;56.05418612331468
27305.67634789885;56.30644583398671
64690.35395581873;-77.62048785378784
70370.11407288344;-77.3680310218041
71806.74554680109;-70.60129011033507
73781.23839801906;-77.37102373615446
71292.69574089165;-70.6277970088668
74921.39246344217;-77.37230632801891
69171.5983128748;-77.56148862802364
72697.11155939808;-77.37487151174778
77440.28320175405;-77.63032105808186
70998.55280018054;-77.37401645050483
64279.95451949322;-77.6095858229401
72096.68644550204;-77.37145126677594
53887.8377348137;-70.62822453948829
75447.1146082687;-77.36888608304706
60460.298332258826;-70.58290629361144
73190.15115525672;-77.36845855242558
-83785.23887576487;-92.50333601638171
-66643.13070290803;-88.63193006914528
-81935.57221633046;-92.49313516896518
-62346.78162170591;-88.63045524783206
-70152.17652048936;-92.51931324727506
-56944.7809927385;-88.62947203362323
-29476.64490641308;-88.47375548330106
-57969.26725559442;-88.63119265848867
-73659.4186650727;-88.47178905488342
-65429.2587752636;-88.63537131887617
-49703.9357423246;-92.54205007585406
-42142.03669826922;-88.64335993432285
-52165.949384575186;-92.50481083769493
-77154.03509867015;-88.64766149648644
-42834.64712949576;-92.50517954302325
-50906.98563198111;-88.65159435332173
-66298.63474136517;-14.99628168905673
-65664.95781221389;-15.34357022882603
-66249.2701057371;-14.986377614147004
-66041.72574279191;-15.28995904072773
-64999.21382865192;-14.982502106573634
-66622.924471696;-15.278117212031319
-65089.587037596895;-7.916590576413153
-65749.68934851566;-15.262615181737836
-66046.96824048394;-7.8903232473047495
-66194.210574139;-15.254864166591094
-66422.6450928621;-7.90238038197746
-66380.91800463309;-15.245390703633966
-65950.20823232025;-14.980994964739544
-65673.26065119823;-15.242807031918383
-66594.47660350925;-14.973028643616505
-66328.20029941518;-15.246467233515457
-33081.90510459474;39.09176339776303
-26561.302162749012;39.220708500641535
-12424.528489781129;39.091866968126794
-12287.85984697143;39.229097700105925
-35795.75386895871;39.0898991312154
-29670.5137866696;39.24608323976221
-13157.125662764272;39.07840282083827
-22762.09138438337;39.280572170893564
-26751.218328731316;35.70615177688322
-7174.3227049618945;35.89516769074126
-12162.284438156028;35.6715592753881
-31125.502357361136;35.87072508489442
-10029.277405733272;35.68636983740547
-18934.038197632563;35.877871439993704
-29928.32054469698;35.7118481468899
-31421.91356968866;39.26928300124396
-17352.382961307536;-8.675880037272464
-26947.868643805123;-13.40423690594232
-23326.41373999923;-8.699894882417755
-27779.231591974203;-13.418283324800885
-27500.943350404228;-8.679504919558546
-29700.676978624644;-13.42794967756377
-20168.42926071772;-13.58955901281825
-22707.42323968999;-13.432027670135612
-16523.079881691898;-13.57007527053056
-24744.42725218851;-13.426137236420729
-23720.672581127976;-13.513738558334374
-23340.420846162633;-13.413450148419443
-16418.850532887747;-8.611840450218352
-27974.50713084048;-13.399403729560877
-20010.02536895805;-8.671499971176782
-24818.170546401725;-13.3664777154623
-51536.930061113315;28.401486838191715
-47694.89008949553;27.950284620154587
-35557.78362567522;43.358174808425474
-51356.46072458571;27.97323488556848
-14214.566669591357;43.58905447848923
-49871.393774605545;27.98792305543337
-12474.016020310068;43.57666133516574
-32191.92178296762;28.00261122529826
-45028.07513466292;43.511941586698555
-34082.50115779595;28.00903729961415
-29284.843434324168;28.31289881369409
-30777.52053704947;28.01133232615554
-31346.10766357921;28.475386692824447
-22954.283515045623;28.00766028368932
-21985.619787057098;28.461157528267833
-15141.918139820551;28.00307023060654
12341.958544702822;128.24225252785797
6810.116513023058;128.33533524374036
10267.463236774638;128.21292367212743
4204.997247492716;128.33658328015443
-2390.2745413223;124.82689687773296
1064.8903404983485;128.33741530443046
-13652.069852010263;124.80963237400505
-1040.1507544628548;128.33741530443046
-10396.32532267661;128.2065794870226
-531.3452161699934;128.33658328015443
-7075.125535415061;128.2214519209569
-2623.2952595456172;128.33720729836148
-6637.011675684329;124.82741689290549
-6290.098808666469;128.3380393226375
3783.0290180508637;124.80588826476286
-4754.518457677979;128.3359592619474
-50976.2597859508;131.60618700369795
-56316.6316542868;127.42865641760964
-45951.12826875887;131.5864327510152
-57741.802706657996;127.42816256129258
-60200.203003581635;127.55508363477936
-53961.29070292949;127.42594020786576
-50486.26663145514;131.52556495993642
-52973.39702727067;127.42273014180482
-53666.08234734308;127.5602691261086
-51969.688618276865;127.41803850679267
-50452.001375896005;127.55175010463914
-50658.6472248065;127.41433458441465
-49124.354512423895;131.60779203672843
-55408.602381969664;127.40754406005495
-60263.46193692158;131.58359307719203
-52818.14906169889;127.40309935320133
31161.238075726913;36.34748588721738
-1116.9455060272867;36.576729688703495
41158.81883631612;36.39977843943276
25659.411068184192;36.600851736983486
685.057996344216;36.31897801197739
15816.443296922327;36.7089792401127
-441.8747075557876;36.34664245895585
48651.01587548126;31.124472034815362
63138.90626977444;30.854743676775414
53785.90923933867;36.69953284358347
4313.019126194275;30.801270324993887
51026.82955655354;36.60051436567887
58385.10125989288;30.775798791495433
35606.905930822286;36.57538020348503
43296.18009018637;30.79823398325235
19501.02326793451;36.56458432173734
73865.37894427893;23.58276244030883
84651.2727229377;29.378393130492046
81278.85378415212;29.130658792642475
83551.36991723762;29.391583081585743
72275.49217629398;29.107153623385756
76142.89236407819;29.395810630013212
79146.0118147164;23.60457659019456
85885.85240557382;29.448908638262196
75253.62519336338;23.618104745162455
70697.3490320864;29.432167546489428
75821.81669271867;23.57938040156686
81240.6245407918;29.37805492661785
80493.78004141933;23.554184212939152
80689.67368059901;29.367739708454828
71948.66962521363;23.612186177364002
77219.80765089496;29.36385036390156
16600.75491094675;17.025074031917846
27636.594540143284;10.395199541803006
10117.821647654986;17.043229878809168
10910.277236577578;10.338809617340544
1219.0783475705393;17.101542187060122
13718.383369760832;10.315527413679908
5402.405094826732;17.06373530588643
-8480.857648260346;10.30698348573105
-18370.388862168635;17.060531332905605
20819.903796180704;10.3024979235579
14093.20525250371;17.00478220303931
-12815.336343569033;10.299934745173243
2132.106010662166;17.041093896821955
-19109.548099465777;10.29822595958347
3962.5298902573486;10.066471913970707
-21251.886692672168;10.299934745173243
-41197.48826861343;-19.376556604088332
-13910.514472091774;-32.67889301612517
-15967.364563742674;-19.341741746064308
-12357.710370642526;-32.49754968971432
-40363.83258630539;-19.426674696408632
-10086.828011390076;-32.45546579539956
-18251.08885905122;-31.996751347368722
-51472.10727482585;-32.44934450168105
-25186.804490679457;-31.935538410183625
-37740.867146848395;-32.47727290427175
1183.041039169555;-19.41137146211236
-39089.27043273816;-32.52318260716058
-46728.08206343749;-19.43164824755492
-35706.490443295654;-32.684631728986275
8086.65183065756;-31.89001128815221
-44528.90051383156;-20.00743243795226
-81867.18034006597;-27.758118109732607
-82744.7304813251;-27.598241056700186
-70512.67785731147;-23.305767843290873
-123211.67149309952;-27.60275426692266
-51474.82151768123;-23.31137516508243
-52371.53214237396;-27.613285090775094
-63340.908908113;-23.30891341405199
-107927.35385811256;-27.62039681597414
-24230.530123437835;-27.781231216629507
-91560.46890912691;-27.62313209489685
-105997.8931763485;-27.781504744521776
-68393.52838955472;-27.623952678573662
-43456.159200717404;-23.301117869122265
-52122.44585773709;-27.62532031803502
-72384.65708877471;-23.276773886710146
-52026.64344056906;-27.626687957496372
-23996.567303088857;-96.7240483612909
-19628.45411317086;-96.74097684848064
-22639.64487032137;-98.66066729579674
-19621.334897888766;-96.74061409518372
-24329.034656762735;-96.69563268636527
-20193.71980656928;-96.74061409518372
-25623.545302223847;-98.66749914955547
-19335.142443548506;-96.74061409518372
-25733.418524744193;-96.67368611190143
-16761.783426246897;-96.74073501294936
-21081.011337894503;-98.6670154784929
-14467.497648003446;-96.74049317741807
-25575.846559833804;-98.64664083498239
-13608.920284982676;-96.74049317741807
-14540.588258232965;-96.67495574844067
-15321.32886750282;-96.74025134188679
2883.9935096011704;-99.11790990554428
778.6208570378303;-99.2023066066279
5257.790708204662;-99.10189100891779
416.99980483353556;-99.20377119146232
5655.387782755182;-99.0832175522789
56.92944324761265;-99.20541884940104
-1773.8159008020884;-102.09687545876022
-496.3569693874315;-99.20633421492256
4345.209279292882;-102.08982714424455
-871.9342371570724;-99.20615114181825
-789.2824271978575;-99.08834359919938
-324.85058699551473;-99.20450348387953
3407.196524239803;-99.15873520780382
-145.5907515117392;-99.20358811835801
4736.913729493588;-102.08451802421978
-150.24282336685474;-99.20303889904511
-35041.230437039354;-99.28096719992645
8476.327349758332;-99.24914010877077
-1624.950475492682;-98.28307444302678
10100.582209830969;-99.24877216552042
-54577.643169361516;-98.28178664165053
-1807.7854466526915;-99.24901746102066
22462.493980820072;-98.24468569723976
-10354.257354364716;-99.24901746102066
29267.073023759614;-99.27796233004857
-1977.8644895922334;-99.24828157451994
-19378.36790766529;-99.28378809817917
-26646.41234261509;-99.2472084067064
-32867.05333812887;-99.27980204630033
-33993.82699760333;-99.24500074720427
-9601.657589357237;-98.27930302471063
34591.964393125134;-99.24343698839027
-33345.613807023714;-13.305693028574698
-19317.891000639935;-13.692329709238175
-8782.414732193523;-13.310828620158462
-7245.863846960046;-13.66934182310132
-8738.714661145597;-13.370254751342033
-28823.361293419137;-13.653935048350025
-34317.35302129369;-13.342375825601593
-28557.401721234994;-13.63755006567801
-33143.5597150817;-5.281942558891769
-18151.146092984054;-13.616029491422232
-19188.20046720738;-5.265068472259397
-20314.534556474857;-13.605269204294343
-16566.66609756899;-5.315446180176334
-18482.890718358623;-13.591574293404303
-34813.56027964432;-5.344058761857312
-9512.158929370155;-13.585949597860179
5392.194471318681;140.10382611087897
-1248.1562225065172;140.07992112949077
-25221.254685708824;140.0807034049548
-16944.279000645776;140.07991123621483
-18198.915060327105;140.08073661809556
-16116.087480934872;140.07988296971206
2603.839921357616;140.08069492500397
-13269.2820384296;140.07986035650984
-9299.56085746938;140.08074933802177
-18307.584325338874;140.0798476365836
-41198.106398461816;140.0804906995215
-20326.19824813324;140.07984198328305
-33638.18321207491;140.10381056430245
-15361.98864191381;140.07984198328305
-37571.68130469787;140.08047515294498
-7345.160591272874;140.0798547032093
-91384.61847011189;112.27775488674838
-74448.80079251563;103.55291425357038
-68176.822948119;112.29878798470337
-75781.50374084206;103.55317392144637
-76952.4206882353;112.29255595567967
-85425.13139464104;103.5484998996786
-95971.51015867002;103.83828924928058
-86382.54992071149;103.54382587791082
-104890.42517815181;112.25023009189371
-89166.15563539775;103.5360358416312
-74331.33972334495;103.82842186999305
-90167.8990932307;103.52824580535157
-93228.53563143274;103.81336113318578
-88467.29921127536;103.52253311207986
-74869.88764425956;103.788173349215
-99388.96239756033;103.50799171102456
102155.19842127513;40.653229492389606
-32941.47751089843;41.678522097353905
36387.09196109082;40.658772424356826
103870.01459625205;41.67693412224978
99146.09319869982;40.65802337949639
-20736.845769645806;41.67612515380051
41522.195438746494;40.671955613900494
-9747.0701741534;41.67684423686653
72458.97444289415;41.643137218146926
-10027.42159240575;41.677563319932545
-15977.880444812035;41.640230924088435
-38856.89243602319;41.67924118041992
84698.65011142832;41.64130954868746
62011.21158935629;41.68205758909516
106827.72205881441;40.66060009381629
-39345.17115614604;41.68906864898884
-42995.9655234425;-7.212742442123097
-42536.50991666778;-11.52751570569842
-58751.46403909254;-7.232867828268089
-59204.84960228183;-11.540385000240116
-45656.512319583155;-7.250802696193218
-54840.02133792192;-11.548599443564603
-61850.921679103354;-7.254225380911754
-44241.25831131669;-11.554349553891743
-54975.89692894981;-7.23204638393564
-48802.19567612923;-11.557635331221537
-39905.379485595025;-11.738763806526467
-53856.20735065124;-11.556813886889088
-46111.298662061396;-11.715763365217905
-51362.820216324966;-11.55393883172552
-61485.3182846881;-7.238481031206488
-47806.70852811732;-11.543533870181168
-42337.82374797815;-22.5989378214239
-56531.30638634383;-22.83584245650388
-64522.173719462415;-22.550508803726387
-52239.30495423893;-22.845058426289597
-55285.08293410911;-28.523180046032646
-57593.2499511227;-22.830240592516482
-63624.853520810764;-28.504386695881376
-58655.19351590157;-22.82463872852908
-44035.164364704775;-28.47005269079732
-51732.16670396044;-22.814338527003866
-52915.98070097678;-28.456861204633448
-66093.71259968585;-22.804219030768564
-48496.21188023583;-28.467884227318326
-48984.18502221891;-22.79608729272234
-59380.02773989456;-22.646282607381913
-38296.93437584641;-22.79753293504167
15999.821533791739;-7.03834968120079
11995.467704070477;-16.97692128323867
13789.072520174403;-7.061741350524198
11926.327781830685;-16.929849158550823
-5567.801042892573;-7.17263519027961
19988.04271499038;-16.90212569861197
2632.1937347467065;-16.598611569489734
8125.936722716811;-16.89288454529902
27046.07644363577;-16.5399880031607
8809.269620853418;-16.891729401134903
14756.455265512821;-7.060874992401109
10893.838276383132;-16.891729401134903
24448.143865475602;-16.781701919502577
12272.027393029646;-16.890574256970783
-6606.628374545441;-16.630666820044034
11559.886193959792;-16.888841540724606
25104.789744040318;66.33281377576459
21563.039085269673;66.39093483835718
-47810.57211929113;64.8391669437498
10565.793880013625;66.39277702734586
-19489.07082320818;64.86118110216442
22031.938113350523;66.39369812184019
-30430.04814509453;66.33290588521403
44526.58748714885;66.39296124624472
5642.354085164763;64.82396888459326
-46658.64350697253;66.39254675372227
-49589.2624324778;64.82502814326175
44370.2878111219;66.39204015175038
8676.130796847821;66.32889912416367
47921.416450454155;66.39075061945832
2685.164214734912;64.82313989954835
-47065.02266464259;66.390151908037
14939.466346309739;67.29887758241559
-3938.1378424212526;65.23380447417033
28179.351432796335;67.29948365558444
27611.92778623262;65.23344083026902
-3746.18759894673;65.26974461308353
7354.154529787254;65.23380447417033
-7426.950560402092;65.3024119568849
-15571.258939628427;65.23204686198065
3648.110316752325;65.31186669831906
-19752.028876768643;65.22768313516488
26308.538815908054;65.28344186669969
33068.93275681564;65.22162240347632
6196.835013033549;67.30366556044956
-13688.273868275915;65.21647078154103
-22793.26980752596;67.29760482876098
9039.571301758675;65.20513721328341
134600.36938840908;-29.98405085149296
111535.79106897279;-29.53210299626317
157217.92289093256;-29.98842710713339
127518.62669616153;-29.54801665313746
110474.61665557191;-17.004076621979706
131513.31654942472;-29.546027446028173
151307.41239375743;-29.89573005584066
112757.29657172231;-29.548812335981175
174718.46891475224;-16.94678745723227
129157.26477882665;-29.54801665313746
148651.07951514196;-16.990152172214707
177776.98825478472;-29.52374832640417
152600.93101290934;-16.979012612402705
174717.11017670692;-29.511017400904738
137253.9847909339;-30.05645799027097
165046.9715081103;-29.501469206780165
-73033.13563200495;-0.8610788059324825
-78701.07959251115;-12.860306722540756
-88314.40659631355;-12.351006393535648
-76905.11078052042;-12.84628606654612
-69689.38660466323;-12.304387712353488
-91055.35640302171;-12.857152074941961
-82055.70386352409;-12.421460189908688
-86844.69509445956;-12.906925403722916
-76147.7277391316;-0.8775530767261799
-93506.170244644;-12.944781174908428
-72535.20483248676;-0.8551200271347632
-71146.66925660726;-12.922348125317013
-72202.34469583537;-0.846006600738253
-74054.63173398064;-12.933214133712855
-82246.4090293302;-0.8758004947268496
-70960.2365079577;-12.955997699704136
42741.902090720556;-4.603063456620245
21997.425219161043;-12.741132827871594
29935.87631473977;-4.569438302112337
-15229.991518238625;-12.767198839118036
47752.95565523478;-4.535031167267034
17594.550805211795;-12.777103923391683
56368.11312961114;-13.04584449934249
-10814.268248995751;-12.777103923391683
-33267.642874607554;-13.104753684759446
6182.625828589451;-12.770066100355145
-9407.318594343684;-13.12977705555603
32694.09725110486;-12.753383853157422
-36456.30046330912;-13.084682856099686
88136.90784310194;-12.732270384047805
78782.94118934206;-4.588205830209774
-45619.67576354688;-12.705422392463971
-71367.09790290156;-21.465530776488578
26176.797362342448;-21.294675822078567
5379.762703329558;-21.453721996949657
8183.083211577192;-21.26797308636442
76512.033369129;-17.963323367287032
31688.05129160054;-17.758318699075264
59543.73040616321;-17.97289805339967
81771.57137373349;-21.230099883518864
97929.08409518341;-21.456913558987203
-68637.96735139395;-21.28073933451461
82394.23708208716;-21.463083912259794
74991.13925595874;-21.287760770997213
-48055.553638664685;-21.44904103929459
84680.87753446684;-21.293931124269804
45357.5508209479;-17.954918920588156
-51685.56223630102;-21.307548455630005
45430.56734748077;-56.69281793677541
28875.11211168177;-64.80059126475786
45984.10776087186;-65.11379354555336
20589.244193585342;-64.81139134340597
27447.207688903018;-65.1083935062293
23929.640321454084;-64.81807710637862
26886.00581650305;-56.599731544617796
54704.76347772185;-64.8206485536758
38544.83106325593;-56.69564652880231
62751.210801790985;-64.82270571151354
53765.27706675876;-56.660931990290486
65581.16222319353;-64.82579144827014
48354.37164174202;-56.64781760907491
65547.64334002972;-64.82759146137816
38039.174768670295;-56.68253214758673
60331.14743736314;-64.82862004029703
-35841.18623025752;-160.83416922768322
-39851.28149547711;-160.92600660154997
-11665.863948982096;-160.85668667583633
-40440.923502337486;-160.92700566921548
-42897.4709650507;-160.87520785332745
-47373.63057102221;-160.92723622329214
-8453.727327777144;-160.83693587660306
-54275.44322317981;-160.9269288178566
-22185.85412527246;-163.35819840752092
-56910.29560413524;-160.92646770970327
-39550.2816087415;-163.34474941971618
-52093.4147187504;-160.92600660154997
-54976.30512953781;-163.35274196104015
-46150.21167654844;-160.9244695743723
-48740.04647913577;-160.84016363367618
-41306.84986271178;-160.9235473580657
-43868.06006418186;-152.9841716558084
-35460.36788120003;-153.3653675241983
-34552.96607778262;-163.04707060140507
-32604.49326280061;-153.3678110874572
-51293.603430626186;-162.98934141941334
-32251.63348915258;-153.37239276856766
-48529.647436469044;-163.05073594629346
-30647.602991386153;-153.36872742367927
-34582.59552442482;-153.0128835241006
-32000.456589208465;-153.3668947512351
-45511.14755979482;-152.98783700069677
-40799.39214717026;-153.36872742367927
-31436.487008234755;-153.1365889140829
-47252.55094653872;-153.37666900427075
-42984.90053528989;-163.01560972444662
-46826.29095279978;-153.3803343491591
-5369.443417312483;-114.92438796823373
-21500.135444863008;-116.8967572301076
-26116.999380331203;-114.92873910271834
-23247.501969479523;-116.89688154823573
-17390.33712781873;-114.9271851261167
-23228.12983506027;-116.89737882074826
-1562.8190039294964;-116.97190753856322
-18588.987945009936;-116.89650859385134
-9432.748611750556;-116.97563708240718
-7573.992314223342;-116.89439518567309
-20210.919899261797;-114.92929853429493
-1207.3403373362253;-116.8929033681355
-3813.3767200860784;-114.94092227927526
-6444.59687758096;-116.89340064064804
-25100.930930041442;-114.92855262552615
-15750.970252589545;-116.89439518567309
-19750.938412098105;-86.64039795420614
-15974.26967937206;-86.91647362418726
8914.324306371502;-86.80237298601587
-57531.20545114225;-86.93183332547956
-35338.938682890264;-93.18841814409079
-63987.603975846505;-86.94719302677186
-39230.28053734511;-93.24726375293793
20097.97138865894;-86.95337680261682
-31124.70145935697;-86.64737963661173
-57071.0041073622;-86.95676790549953
-678.9876403613016;-86.69924356305327
-13881.485207821512;-86.96953441046976
24205.079774787708;-93.19938935929959
-5439.431048971237;-86.98748730808414
-40500.738017551004;-93.19021343385224
-66447.04066555623;-86.98090457895887
-45700.43636807325;-1.4094936956465656
-55662.58449210286;-7.7505780792790775
-41797.07019096242;-1.3719988462380481
-61622.56924208712;-7.7305313281101675
-36443.31439494909;-7.45043366594456
-57609.29849087163;-7.729232001645515
-39309.60230364677;-7.505005377459927
-37867.98166672071;-7.729232001645515
-40124.53302865688;-1.359005581591532
-46375.063381460386;-7.732201890707577
-39985.39851463077;-1.4473597811878403
-36241.04321069264;-7.7305313281101675
-65632.33240051204;-7.449505575612666
-47568.22952905409;-7.733501217172227
-67836.2698705896;-7.444679505886818
-30901.902384640034;-7.759858982598017
-26082.714359626305;4.8766639994269605
-9718.74694683771;3.794283366586763
9807.549918446435;3.842784533401133
-16835.63594809803;3.798514796870634
-31128.732343850133;3.836373275395268
5407.44332718751;3.801047243782951
-98.62175120929896;3.8449964174131566
1887.8853287868696;3.8028103397345636
-9088.65379206786;4.897404419075935
-32611.69217463692;3.805118392616675
-5029.957508518957;4.893942339752767
-9033.289958385154;3.8062724190577306
17325.16762064825;3.8455413743436555
-16771.04480880154;3.8072982203386694
29531.57476116882;4.889165952538398
-5511.095586952004;3.8079393461392557
-38535.77205099404;120.53275423570611
-57099.19237154688;120.2215169991078
-46271.73374710551;129.747817515381
-60004.05507950191;120.22180760343703
-62740.46569743378;130.0799782636834
-62255.96540041477;120.22122639477858
-46505.962367518674;120.48974479498104
-60659.681309242864;120.22297002075393
-50620.47151240196;120.56588312923758
-56478.32609689007;120.22413243807082
-40613.882596486175;120.55164351710562
-55497.56059497742;120.22267941642471
-40741.69227748788;120.55164351710562
-56467.63072609495;120.22297002075393
-34226.07238909979;130.07126013380667
-57448.3962280076;120.22442304240005
9404.17422769693;170.71642261067043
-115131.12250400914;170.29862661789824
-44876.52057382665;182.11688606079895
-130827.65084935635;170.30038058932047
1383.5204373576562;182.14740516354553
-126254.78941233034;170.30353773788045
19993.82217001624;182.11618447223006
-104512.95898583536;170.30739647500934
-60710.442148290866;182.20809257475426
-88933.0852689837;170.30879965214712
-41843.50023294205;182.188097300541
-95250.58148328777;170.31055362356932
4403.579152853868;170.66520664514167
-109409.86105757125;170.31300918356044
19120.20861883837;170.65608599374616
-118685.20018550723;170.3102028292849
92578.2696151312;205.28819653566376
16431.286156759397;205.634447738606
39971.44147756913;194.7852433797485
14435.358438582454;205.63796460216315
23195.93778891253;205.41096704529426
15489.679943927007;205.63828431703197
21574.57165816063;205.25686447851848
23828.877508403915;205.63732517242548
53486.87209048929;194.79899111910817
23889.57035821816;205.6395631765073
71528.25521812866;194.756149326685
13441.729783052142;205.63988289137612
63006.97910420904;194.83703718849887
4989.816926063069;205.63668574268783
-7920.419270137924;205.30673999805586
2933.196358071884;205.63796460216315
117497.0795884579;136.4508032073914
112667.75106194876;136.7068834497192
116340.55791673978;127.98051636252568
114567.19503807183;136.7120515676269
114675.4869154275;127.94382272538084
114569.41869058428;136.71256837941766
108976.04316080203;127.91772372994683
113212.99065799813;136.70895069688225
115332.35386760117;127.92599271859919
109700.06441885128;136.702748955393
115468.88613186475;127.94485634896238
105668.36004855305;136.7006817082299
113339.96121645825;136.4166936292004
103270.37317914174;136.7042993907653
104271.23917498931;136.37870796257866
104383.08889636486;136.7136020029992
-6546.626365420161;55.31268088221751
987.9184296569802;64.56276106804579
-3499.5264706792223;55.36783468230336
-4526.095549608552;64.5671081655895
39125.015931436836;55.28523982897281
19837.210915058167;64.56928171436137
-1413.7809707735214;55.30398668713008
11610.041199257612;64.57797590944878
51108.77632927779;64.3551871603335
29683.50382216018;64.59998309076383
37749.88560993566;64.17695616104126
43194.187340686825;64.74561085847822
39897.47262062023;64.20195197191761
42025.94498251862;55.69930087001148
16354.971662654956;55.28958692651653
19031.022492722645;55.66588255764418
-47344.19437334056;-49.47548488638248
-54589.32263131066;-49.30912160703151
-52506.8329469245;-45.081056459919154
-49215.75289621847;-49.31380978318069
-46312.716212433625;-45.079984876799344
-52919.51167410476;-49.31916769877975
-50118.2234013308;-45.071278263950866
-45796.102503805276;-49.326132989058536
-49540.385720460945;-45.0928438742371
-45532.54788044183;-49.32948168630795
-47723.19991578799;-49.46155430582491
-53537.72802238151;-49.33216064410748
-49488.7826581431;-49.46758196087386
-51881.61957324871;-49.33390196667718
-48474.651289371264;-45.084539105058546
-50236.15243357694;-49.33443775823709
-15054.578439722129;-208.90833750684132
-34211.048100508895;-208.7261529835695
-6963.627028527175;-202.83725162135542
-47198.045800176245;-208.72670955543288
19600.097308267465;-202.84522915139686
-57502.10086128955;-208.72837927102293
1255.3150037099113;-208.89702054561977
-56082.86308872112;-208.73004898661299
-6683.343769789346;-208.93802133955364
-39175.140035611286;-208.7296779387041
-40916.7845624504;-208.90091654866325
-17094.32770417836;-208.72875031893184
-38614.573518135614;-202.8650802145232
-9252.876997293388;-208.72912136684073
35462.83364527383;-202.86749202593109
-24715.440126737638;-208.7315331782486
44415.855799208235;-256.4658246141774
-24615.69434073582;-256.51914947059925
46994.843091587;-256.47319397201767
-27082.062100696305;-256.5199733739602
1892.128102218412;-257.9701348341799
-32943.90876306812;-256.52079727732126
-14067.46738560804;-257.9656491381032
-34188.354596290184;-256.52125500141074
-8749.009967154452;-257.98748257717034
-30871.709366571653;-256.52157540827335
-22090.201326255745;-256.48157032285474
-18466.66787069736;-256.52175849790916
-29690.61202033487;-256.48944317719344
-12952.534014667006;-256.52235353922543
-22701.162289624946;-256.4693033172573
-18827.050374435887;-256.5232232149954
-6057.029848645518;-122.8808449874898
-4158.360931973923;-123.16783862198793
-13150.698691087506;-133.76109255313014
-2785.3748812499543;-123.17320926310134
-2415.7887734924734;-133.7624352134085
-984.0238369136023;-123.17589458365805
-11247.039114296156;-122.7757818207086
-979.5876945849304;-123.17656591379723
-7283.623202523311;-122.78920842349214
-5817.478162897232;-123.18663586588488
-16348.325533373354;-133.7711625052178
-4330.538706105503;-123.19972680359884
-7083.44227994199;-122.85029946615725
-2912.082196512647;-123.21315340638238
-7956.253283108195;-122.75060694048948
-14339.307576276045;-123.22624434409633
46429.48032831717;-24.10178999720805
42317.486949403174;-19.320919004442576
35144.19205095351;-24.070598165200256
32087.536447802857;-19.330656942240132
41772.48521962359;-19.084774012851856
48705.621978786774;-19.40551733905884
42063.748439145136;-19.070775727267872
47339.722561594936;-24.31085134929932
36400.01898763905;-19.106684372896357
32622.5315884455;-24.28620219424926
43825.622883612894;-24.152914170645218
54247.842847915774;-24.280268138403873
52797.95955761036;-19.11946541625565
45627.88106281186;-24.280268138403873
50041.85900675127;-24.074097736596254
40470.19911908799;-24.281485380628567
77258.28971131636;27.867700655044814
74980.36055663854;34.05552890990751
63713.2078961994;27.893502199963052
74668.96240203083;34.045535353777204
74623.9498725733;33.79478794541689
76699.6915998518;34.03317968437974
69519.08628589979;27.860069212181674
69102.16695567855;34.02500313845495
96484.54307222682;27.841717409106028
76361.72867376095;34.01809849967401
75305.04109698783;27.86370323259269
80944.1517545997;34.011557262934176
78568.8184378171;33.85602118934256
87276.89811204872;34.00646963435875
66250.14357283767;27.87242488157914
89115.77062693602;34.00356241802994
17337.91694089614;137.57489527987178
36161.31640005093;137.37936781032423
22682.286042240477;137.41434322828326
35048.521314377365;137.37936781032423
44938.18775571173;143.6963375805317
33347.033637775334;137.38067008652482
11895.739979616974;143.67122225380578
29948.671862870084;137.3830885994688
50833.41810593427;137.5639189518953
24320.106338318896;137.38569315187
31820.861936528177;137.59182487047963
19275.619826397364;137.38718146752782
29102.54160286788;137.5767556744441
18696.15439206652;137.38811166481398
19665.005834817137;143.6836868974401
24213.99403744621;137.38997205938625
-94022.2871076464;230.7337650819814
-99779.11489455854;224.5566976278721
-105039.95646248512;224.75770956755346
-101480.32156685843;224.55651355100426
-91733.23687370296;224.76488856539922
-102518.11409773934;224.5548568591937
-93068.53427323984;230.74499377091962
-103026.69541335414;224.55227978304396
-102177.3950182348;230.7939582177651
-102227.99256159017;224.55007086062986
-103691.62965264214;230.75751099793277
-101180.42797297967;224.55007086062986
-97695.27787293619;230.76395368830717
-101048.39661521118;224.54988678376202
-94233.36355460524;230.77094860928509
-101171.74169944227;224.54859824568715
-4827.171845461272;172.59083446973366
-5258.044730676091;173.02494535493608
-9280.856491090264;172.60145828042639
-6249.567212721729;173.04839100612
-5242.599349129454;160.78228571562872
-6484.088465860905;173.06524256790846
-8504.504151970195;172.64212183169852
-6092.982999800646;173.07952976159865
-5185.344917534159;172.6120820911191
-8032.354816070398;173.08978723399161
-6588.300408020401;172.63113168270604
-8262.437741178928;173.1029754127826
-6872.087102299713;160.58373035716482
-6776.130450277212;173.11323288517556
-4656.0299165996785;160.55259160168617
-4410.3240768232845;173.1044407659816
96851.20085727208;39.39933589269736
36679.66580032645;44.62792569753412
86748.71430425189;39.36908442594201
88618.79469614531;44.63283964137255
104703.3930955091;39.451085863745845
96705.78988989732;44.63145759466799
59333.979381408884;44.418008159186094
71935.86592282966;44.64435669724388
40736.87016871729;44.44641689700203
99055.01133822234;44.68873575253472
74356.60096166685;44.42630043941345
38103.978144693974;39.65271112186652
50673.683570384266;44.39497404744345
86851.21711731935;39.63643368290171
105871.448407208;39.39273278066447
39744.02315377323;39.61616366456818
13684.242763536873;-8.525119092134327
-4191.7621417770715;-14.835396549352216
14365.558386736753;-8.5186905291176
16518.47172919067;-14.817763919363482
-13641.026479694701;-8.486180367575875
-128.0831743231538;-14.803437407497636
9420.241593461986;-8.482690576223938
10715.731881840446;-14.789110895631792
-13726.87885224654;-14.517090843409772
-23746.290997623844;-14.797743537397109
6227.193737399197;-14.494131689778609
-45564.90101166475;-8.84103704609913
-33656.736670146885;-14.529947969443224
-24279.015976022463;-8.760220825317436
9611.758424539177;-14.584682591699917
20837.506471414177;-8.741486155954407
-5057.220078613176;-42.35039788131861
-11378.676004982863;-43.31336108621077
-29958.10632960145;-42.34530267550431
-908.3772428422162;-43.313483862254486
-10148.833459704005;-43.3472779682879
3308.971411100778;-43.31336108621077
-19245.753676586297;-43.35479800096564
3455.117156534441;-43.31250165390474
-25304.93018481163;-43.35120680168688
-5339.072587663821;-43.311273893467565
6379.336937934888;-43.34184512835338
3429.6721383562617;-43.309063924680636
-5948.448151213135;-43.346725476091166
3638.4517746900674;-43.307836164243454
-17225.158258693125;-42.35064343340604
-195.2642974895425;-43.30706881397022
-78461.73938480407;-15.619778773315106
-95606.14617650761;-17.06867443592245
-24216.83629585406;-17.129458938842763
-94144.50145630512;-17.067987863976814
-29852.303657738732;-17.126071850577624
-75531.72664761802;-17.071695352483246
-87228.91838730659;-15.642023704353715
-40504.69507765053;-17.073526211004943
-32642.471821878717;-15.635249527823438
-45372.361947138124;-17.07663867049183
-89846.97015385143;-15.635753013916904
-27558.314796040988;-17.078835700717864
-92587.38592181158;-15.636073414158203
-106898.59544997635;-17.07933918681133
-111639.86433998;-17.14140529069683
-90682.00361405911;-17.07933918681133
-17250.339435684145;-33.22183095831479
-14708.533910787839;-33.57162176476744
-17788.9118369064;-33.222317793118485
-1855.3887953944904;-33.56967442555267
-23902.696062475978;-41.24267776654107
-14751.235389576519;-33.567727086337904
296.23196707023453;-41.15942901510975
-27425.56806254226;-33.55482596404006
-13811.802856225513;-33.3871113741682
-31426.696625041783;-33.54216825914408
-6155.427709414791;-33.20089706175604
-2968.829854809381;-33.534622319686854
-18508.431754495698;-33.21501527106311
-18322.146553280072;-33.54338534615331
2541.7959828700623;-33.35838812075038
-22173.819940019206;-33.54435901576069
13404.378021690078;-66.89001730651324
1216.1010609712175;-66.65695430590183
51236.887956299404;-60.31524004033827
11199.244169414924;-66.66015517114629
-4480.949578415399;-60.30823814761603
19604.952418186556;-66.66535657716852
17182.853044555115;-60.35245009880498
27956.078145862262;-66.66895755056852
-9059.058535335666;-60.32284209529383
41230.54727638993;-66.67215841581297
42455.924874993325;-66.89081752282436
47949.65562329764;-66.67615949736853
-30814.286881141845;-66.78798972684645
6761.685204316651;-66.67795998406854
6079.403690617655;-60.33024409617162
1831.518986327712;-66.67816003814632
-34152.700228483496;-131.63484197086814
-62496.70050887231;-129.73250441621497
-89910.92934368992;-131.62208385061808
-72422.32512917914;-129.73226482710228
-69831.34913413267;-129.68338864811625
-71202.30245189997;-129.73160595704243
-47641.64247005848;-129.68428710728878
-70599.54739405308;-129.73136636792975
-80678.03766305945;-131.62447974174486
-67716.38515908727;-129.73178564887692
-51233.017710391745;-131.62507871452655
-67735.73524120112;-129.7320252379896
-34641.28980185858;-129.67069042514436
-71245.84013665616;-129.73214503254596
-83600.86756635868;-129.66284388170422
-59112.37114715739;-129.73394195089102
12988.565799314634;-81.48232090735482
11044.450062755175;-81.65749017592807
19388.74093041458;-89.38196833870701
26004.53183866971;-81.6750071027854
10906.265365793843;-81.33950929533745
6650.335532369769;-81.69203744834113
8649.24864875872;-81.32734476279764
13987.228192584045;-81.725611558151
17285.39512637956;-89.34717777564316
27738.193870086907;-81.77694588546899
2757.3390697004616;-89.28805814749968
8273.60863920291;-81.85844825348572
2846.682623770288;-81.53024916556166
18886.034532848345;-81.78546105824687
25683.689208943397;-81.33123741321037
24831.947326811034;-81.80054507859623
-28037.272043900877;6.542150252433002
-2469.875177329228;6.434117347796042
13303.898639029452;9.010485449370478
51810.81164840245;6.43160849075662
29085.0571809576;9.03815890277502
-28131.796531189917;6.4354097893011994
51153.571072720835;9.049790876321435
-25412.740576516102;6.437918646340623
48523.131824880504;8.984636619267336
28631.635030992977;6.4378426203697305
7348.855939819885;9.022573578742243
40398.45675336466;6.432900932261777
49530.40839255434;6.537436642237723
-16881.90559868017;6.416099192694734
-32930.39120622263;6.561004693214118
-33763.3882504573;8.914084518279934
-5995.11095486932;-17.34684904774148
-60796.64264953355;-21.66543089117803
-52359.69337603501;-17.392617930359528
-77364.86707263834;-21.66543089117803
-51325.8966199499;-17.36534844640446
10600.589793978601;-21.669952966406758
-1145.539461207638;-21.87454261236109
-77433.55788699616;-21.66433463051652
-50377.963381812064;-21.875775905605288
-8864.669724667016;-21.634187462324988
-34170.36573408579;-17.35000079714332
-70087.07529142793;-17.124308133454917
-80473.12642232944;-17.382614551823245
-69092.77575359856;-17.14513708602361
27222.04959821071;-17.350274862308694
-15950.127225675555;-17.14500005344092
-17746.387735874698;17.262552799862597
-30485.42589402543;17.035712508347327
-21733.08218884949;17.261534818000897
4152.476565003475;17.036900153852642
-21492.383260621395;17.25016735387859
6662.757907035855;17.048946272549415
-10592.701872906619;17.25203365395837
8645.207347402684;17.05980474574087
-3456.073414301165;17.264928090873227
-14037.349920580345;17.06760927334723
-26620.028538740386;22.804955045883027
-14179.49495693552;17.072699182655725
-33204.18662271206;22.838039456388245
-17835.465291990608;17.080843037549318
-42858.67749195551;17.2245481436925
-31254.904357494772;17.08813857422483
-55734.63122112662;176.50372969611985
3835.9155441378716;176.50226549500204
-62745.57294406576;188.8008227840634
3137.6796474444564;176.5088544000322
-25517.213789371257;188.93333298522538
5688.350349985314;176.51361305366507
-44845.962266843344;188.33813523083484
-30206.146857809494;176.5172735564596
-2358.3760072300247;176.790713115211
-32230.078199686897;176.5187377575774
19727.927882914308;188.8520698231868
13577.191007363544;176.51763960673907
-32194.69002558547;188.683320644359
6515.889190510843;176.51397910394454
-49088.45990815597;176.70212894758336
6447.835009546572;176.51031860115
6740.820193167863;218.54989596734853
22428.870421150663;218.7824615367685
-12323.002128785243;218.54989596734853
20185.996824763675;218.7850513537999
8540.910244705992;210.03872127534706
19367.99343673227;218.788936079347
5188.061549515332;218.53694688219153
17125.11984034528;218.7915258963784
28610.949123618084;218.572945338928
14888.278717321355;218.79385673170665
21843.72050493351;218.65426559371406
16986.37295299482;218.79748247555062
-18059.884297058583;210.14619868215027
16932.08069272725;218.79981331087887
-27848.17557596533;210.04726767155069
-15177.56852418687;218.80421599983228
28381.722277808556;110.039906209937
44802.66347585319;110.11363377194054
8809.689488590848;107.51717448609281
36016.76790816599;110.1165280357382
-41319.589494932974;107.54086175033156
43084.92040629673;110.11820366214738
32960.4744996395;110.02414008872344
27579.72965261829;110.12071710176113
-37906.854919655256;110.0230737810085
5548.63200554769;110.12741960739781
44383.655508555195;110.02604420964295
-55653.07471109939;110.13732103617929
-15773.375235326319;110.03396535266812
55649.47153427753;110.14501368469412
-35072.38925852181;107.53195046442823
-23408.420865683747;107.67658748947443
80083.8411938513;-6.8040750230072105
72731.30552146894;-7.32698519312037
92358.56529272675;-7.348878640849426
49717.86886691212;-7.326735267917983
71938.56849351936;-6.800126204809504
61745.28040226197;-6.77744965811297
31927.406189082194;-7.3515445096748815
61135.688353788086;-6.782881365844837
29364.71330109001;-7.3536272196947685
41146.149097581976;-6.78448088714011
79777.70834494666;-6.802358869950823
94365.13911895329;-6.785647204751247
95798.21516273399;-6.80112590561905
90146.1204676735;-6.786313671957611
31383.318549325897;-7.352560872164586
94317.01343091587;-6.78651361211952
39.064776370853224;65.29866091967189
1595.1771585318547;65.24263160214977
503.5640780047588;67.27125244287313
1482.6425625630561;65.24179266049704
237.76487889192208;65.29362726975546
1284.1563460511597;65.2413132652669
215.15407220799307;65.32215128594855
1380.4661604670307;65.24083387003677
1194.9658802263098;65.29884069288319
1767.6609473572328;65.23939568434636
526.2971052653579;67.27688533682722
-45.11464581053133;65.23765787663712
376.8824502864211;67.27736473205736
1863.9707617731037;65.23891628911622
1867.942930514875;67.2800014058231
-33.381470450222196;65.24053424801792
20924.94821664613;57.234296564762325
35622.28007551424;57.36974907334674
13884.27127175875;54.216834307044344
70859.79550536268;57.37420535875596
10342.804267393643;54.19065363026518
38147.95227596554;57.378568804885816
-20270.81321503914;54.212006664517695
-26654.88039867664;57.37773325137159
-26287.56899758141;57.29222827508218
27902.239565769298;57.38005423335556
-23080.9079605863;54.206621986314886
72320.9147513123;57.3869243400281
-5968.4223759327215;54.21729850344114
15906.109249468791;57.39722950003693
43347.196400317975;57.23912420728898
28167.158850630018;57.49368951129066
-31653.846027562977;-44.5856214774431
53067.59498528436;-43.95621344841414
71276.0470870798;-44.53029376743703
-38536.15964136936;-43.948688879853314
90294.65498723707;-30.003892849925585
-38429.20838085955;-43.9522298532937
40706.703051862874;-30.042400936089805
12450.180025170615;-43.972147828895885
54987.37011143548;-44.52188395551612
-19210.06686724638;-43.99162318281802
114484.35633304372;-29.866680129110552
-12493.527707230212;-44.00047561641899
92206.40876884994;-29.93218813775773
20022.32926926529;-44.00932805001996
86070.08019709951;-44.537818335997855
-5849.180648058158;-44.02172145706132
67896.38165983021;-149.936317839439
68482.6951585961;-153.8040620787127
68924.24900373757;-149.9494107549932
68517.11906748787;-153.80527438570846
70250.33388608394;-149.95256275318218
68518.17339854121;-153.80575930850677
69204.85921358569;-149.91376892931785
68327.44491099086;-153.80575930850677
69869.8785254839;-153.9426287683281
68071.82234710704;-153.80515315500887
69202.276102505;-153.95002384100223
68100.97460073206;-153.80394084801313
69162.5805383465;-149.93158984215552
68611.32354710436;-153.80236484891861
68236.35070798174;-149.95668459696776
68821.97889156296;-153.8020011568199
-70329.47764191346;-159.4501773642021
-67408.49055022965;-164.31525338112635
-68509.87022170743;-159.4910219344839
-67206.86231407552;-164.31738705270826
-76444.46578088282;-164.44190203002256
-65845.58034975166;-164.3202827498551
-63167.01333390635;-164.47924128270554
-65636.95922679448;-164.321959206098
-78363.13909746516;-159.44758647728125
-66840.9012380501;-164.3240928776799
-74523.17013174936;-159.4948320623087
-67815.24346593943;-164.32653135948777
-69171.57213544448;-159.49635611343862
-63352.03346390328;-164.32851262595665
-77433.08515266169;-159.4591692658686
-63246.557421290854;-164.32927465152162
-16297.352487771139;-282.1665850665043
13583.797880531241;-282.21599562395795
12986.56018780566;-283.7087195048302
-16901.929506981825;-282.2163706566521
-6325.960041942686;-283.7030002562445
-6945.2157141235875;-282.21702696386683
-8805.734978098204;-282.17225743600324
-12853.373534634695;-282.2170738429536
19984.607991355155;-282.1708041843134
-12152.467855306983;-282.21730823838743
5760.99326321785;-282.17239807326354
-6361.73925855758;-282.21801142468894
-4193.885698019112;-283.73722198958524
-10011.219353277025;-282.21852709464343
-3274.6350557594633;-283.71143849186274
-13911.153964300735;-282.21880836916404
-7987.929879850057;-200.5720199788461
-3267.675428439339;-200.62313815624555
-3783.446938862362;-200.57047655561544
799.7635117422396;-200.62307641931633
-20712.76914681811;-202.57976665421737
2434.840211015231;-200.62319989317479
-6109.819484566215;-200.56868618466788
1624.0527973790377;-200.62326163010403
-28427.738807962516;-200.56720449836646
1620.6773293788865;-200.62319989317479
-21662.625842060515;-200.57399556058135
1637.554669379635;-200.62350857782093
-30477.998071254042;-202.59489220187783
3272.6313686526264;-200.62363205167938
-24624.261465392723;-202.57383990901164
5721.87094956197;-200.62375552553783
-6126.767314187578;-183.16052425355534
-6614.584911911181;-183.26166967339054
10423.291158710317;-183.18865619100265
-7792.7459223516125;-183.2629652231414
-4529.760345804516;-186.19211067057444
-11611.266706589086;-183.26407569435645
-56.63599855489883;-183.21327163626904
-13917.427534901966;-183.26518616557146
10872.860847100837;-183.17838433226365
-9025.457229709718;-183.26638917605442
-390.20792913196783;-183.17347975106395
-3813.0823069895014;-183.2687951970203
5118.118029739333;-183.18180828517666
-5381.873604553075;-183.27046090384283
1060.077550989754;-183.17912464640702
-9982.281977943938;-183.27231168920122
20741.681720676483;-77.71137653862723
30213.850638480595;-73.82573967551598
-28033.09719036588;-73.66459102702213
38355.458016187215;-73.82475631229099
-42000.59039069891;-73.71904476560547
44579.49140963565;-73.82573967551598
-41651.7858948933;-77.69281555775571
46716.55700344955;-73.8269688795472
-6345.964977983756;-77.70289503081177
42510.485229637474;-73.82549383470973
-9580.488619576288;-73.69827121747774
38389.48772309508;-73.82524799390347
-33729.670126742414;-73.66508270863461
34404.60904418412;-73.8269688795472
-20065.041317889376;-73.66864740032517
-15734.761113863606;-73.83213153647836
9270.984496835612;-47.86376185982825
9983.763248371075;-47.89005739314077
11957.951948785649;-47.86363874477277
10532.50772905095;-47.89006409327985
11881.315771828602;-47.890757557673986
10951.429506415563;-47.89009089383614
9845.274369834504;-47.86363036959893
11636.793690584276;-47.89009759397521
11459.165419381543;-47.89116877870964
12311.96237449263;-47.890074143488455
10710.136000253686;-47.89055236591485
12300.634040870007;-47.89004064279309
11264.771214417326;-47.89089993562931
11879.44659678087;-47.89000714209772
11045.964450496354;-47.891201441887624
10919.710172272218;-47.88999709188911
11380.506712246637;-24.05951444162682
45498.34501506524;-22.585796621112323
65126.59010797056;-22.537436357899175
72338.76831718555;-22.583995235949654
62191.93813416808;-24.032724611002536
19281.18398234689;-22.585842810475466
11719.738027959782;-22.526766615012605
9557.8911224979;-22.585473295570303
23528.600929382497;-22.520531050987987
28964.331124360007;-22.585842810475466
27143.722820503062;-24.036050245149
48532.35764051152;-22.58769038500128
36514.73700634225;-24.03762068349594
72860.66264905193;-22.588798929716766
44849.99167201585;-22.523533359592435
40936.78782596391;-22.58838322544846
-8112.43016941826;-2.049655928417427
-6262.038818530744;-7.27698178007568
-7529.43015475507;-2.0433603504742965
-4872.467310325079;-7.262855117374022
-9536.102710699313;-2.0083507950832304
-3405.0287372895177;-7.2504175121693
-12654.250114742443;-2.0309227452695753
-7324.276880905809;-7.244889687633869
-7584.137694448206;-7.018248881681174
-11379.929156823653;-7.248728454672364
-13512.793770993398;-7.0289974293889586
-7632.46268784381;-7.258248596927828
-12739.411518198092;-2.012650214166343
-6897.558071299345;-7.272528810311027
-14785.655861187037;-7.017020476228856
-7603.285333340804;-7.253334975118555
49877.39383361595;27.28508376504743
63384.21090996181;24.66927605514673
73341.74206941959;27.28019297645749
54050.0618591113;24.67623014517305
57776.84278032204;27.266437633548282
57166.35823258251;24.680051073758943
79416.49323812353;27.274690839293804
65381.49033576559;24.681732282336732
56204.568693588444;24.777637589842588
72843.65055209892;24.683107816627654
74879.6226605059;24.764952106937432
72880.50072600672;24.684024839488266
57817.37797162065;27.274385165006933
66942.70937032685;24.683719165201396
81001.66488572487;27.268424516412946
58801.277614959414;24.68387200234483
12699.891643823483;114.70030227397095
15868.053304689645;114.6951853151735
18084.17951929056;114.71187105038257
14421.930265146242;114.69515565164424
15910.327465841921;114.70832625863594
14263.768892507134;114.69509632458572
14968.82722062093;114.71169306920702
13944.779007724044;114.6950369975272
16149.96995035497;114.7110997986218
13619.121274178766;114.69512598811498
15103.651122592375;115.19749268790744
14570.756649518284;114.69542262340758
13789.018060639326;114.70951279980636
12806.177153092765;114.69568959517093
11828.937238506443;114.71197487273498
13276.660561752775;114.69595656693427
-40603.961245426995;193.72195540977162
-31707.36329627083;180.880968105805
-39701.00280972949;193.44064952382223
-31111.815469951667;180.88666255693758
-37808.74114021443;181.31298713173004
-30984.996547712828;180.89083848776815
-40523.976666811315;181.28982969712422
-30977.28719073782;180.89387552837218
-33973.721512998025;181.18581105643577
-36777.22917695872;180.89653293890072
-33400.91628975513;181.1022924398246
-37348.685262730985;180.90032923965578
-32477.72079199824;181.17328326394409
-37744.75347732189;180.90450517048635
-37994.729377236436;193.74549247445296
-31184.668893365466;180.90944036146792
-73002.37272708632;383.8614652128816
-70060.29342342811;368.31649755173527
-74383.8289789222;368.7737579992992
-87753.41604179224;368.3179132187556
-82618.54903680724;384.18848429457597
-104635.20721066545;368.31838510776237
-91814.35189939573;384.24322341936175
-103181.01458629777;368.3179132187556
-85511.95915002136;384.1870686275557
-101568.51338641964;368.3179132187556
-93985.21172370926;368.6378539653483
-101232.64248972862;368.3155537737217
-97218.77134376335;368.7921616705634
-101695.2672120817;368.3117786616675
-83606.90798121013;384.0167166961103
-103767.18417670122;368.30753166060657
-12653.593169671469;348.5791996142016
-20237.33556615173;348.8020624872144
-7629.590175519577;348.60940179589954
-18219.174468238816;348.80303675114016
51236.185404713586;340.58146704781075
41186.53328174593;348.80328031712156
30697.36320352317;340.563686731166
46636.8851538419;348.80303675114016
60714.62879931601;348.6627427458337
-7325.055262702375;348.8023060531958
5086.800102928442;348.65153871068776
-12279.920600971443;348.8025496191773
82035.36496584788;340.5970552706226
-18706.430328746337;348.80328031712156
40854.01407964282;340.6077721738057
33286.733029801326;348.80449814702877
104903.0677618202;278.0734702776876
64152.049865098656;278.52073097863484
80905.41230315561;278.14316178730263
68723.98152366519;278.5251418336738
119596.06950423635;278.08758501381215
74761.72333230652;278.52690617568936
90751.01976526498;263.5899866718643
76271.15878446685;278.52734726119326
123810.27368570132;263.5405850954283
70966.32205086292;278.524259662666
44023.335482821894;278.2005029028087
63363.05511595127;278.51808446561154
99092.17752402379;278.10522843396785
52809.47132285341;278.51587903809207
122882.9244070826;263.65482624093653
51362.3577308153;278.51984880762706
26522.65073798167;227.78688252560477
27379.950147835953;227.90297481899975
29930.86706375698;227.8143249680759
27638.034977877658;227.90432003676796
28056.19402598389;223.36703502643272
27632.899691321967;227.90526168920567
29811.288248245903;223.36703502643272
27896.119807919364;227.90566525453613
22667.664481861277;227.77491008746787
28600.240955941048;227.90633786342025
29507.132561676;227.7758517399056
29656.789484156125;227.90727951585797
30365.752473787463;223.34820197767803
30480.342725215873;227.90902829895663
27868.242538045615;223.34416632437345
29766.684616447903;227.90970090784072
55235.99649847789;149.23917100127355
142276.82241899244;149.44451101099776
117283.90780453657;139.67817099793558
134918.74512705236;149.45200938213935
96955.1470367481;149.24955336131578
140121.68366277427;149.45373977547973
82334.63470536287;139.74104195596914
132610.5787668424;149.4577773599406
152880.36014559236;139.6545222889505
96929.6424360828;149.4623917421816
74697.60084364604;149.1696668687686
76474.95270250938;149.46354533774183
90241.06091160695;149.092664365122
79063.66967003769;149.46412213552196
74477.6236629078;139.68826495908777
97235.69764406644;149.46931331554308
5340.552113396722;53.77980217587454
3019.0733726744315;56.83607204657404
2021.1825322357158;53.77582383511628
1129.4586813408603;56.83751871594068
5845.855723797677;53.74670961411263
1135.7675832264752;56.838242050624004
-118.32381972337578;53.749241285504255
828.2086163027575;56.83932705264898
2734.9756346378435;56.72666767572183
4797.39509168208;56.84439039543222
3117.452811453236;56.716902657497
935.9528313180215;56.86744668846306
2167.4701947084072;56.73552852559251
-148.78398663985934;53.889749047739244
4639.869697725638;53.77935009169747
291.85337943354364;53.877452358122795
-3721.2739755079456;-61.49736684336487
-23434.894295685255;-71.60533601507828
-32987.09166365456;-71.9674000778615
-11342.341189663959;-71.61688101619448
14182.550426710746;-71.94431007562909
-9968.071318299473;-71.62521907255619
-25096.534725652906;-61.46786295162346
2227.9351888189703;-71.63067087863884
-25069.71347351661;-61.498328926791224
5970.138463073556;-71.6361226847215
9221.895983978728;-61.47139059085341
9718.727749741534;-71.6412537963287
-26257.511782409703;-61.416872530026886
8140.1054811481445;-71.6431779631814
11630.699866314622;-71.9879245242903
-3412.1909746992096;-71.6431779631814
-66400.22785470853;-167.06627627787282
10854.198162940695;-167.15255640444184
12066.81204192432;-170.01512724947156
20121.032633048773;-167.15228593382562
5456.246080398152;-167.08412733854226
19269.682473208086;-167.15219577695356
-21182.052341985654;-167.06789910157002
13317.232589190331;-167.15165483572116
-14413.258472462774;-170.0004316793245
9932.835654428898;-167.1515646788491
12110.219698100409;-167.08268482858918
9060.481789986865;-167.15120405136082
4722.516666324911;-167.05762121815428
9344.731925591579;-167.1509335807446
-69532.58033425397;-170.00584109164856
1497.7478865336016;-167.15120405136082
32333.283429033498;-180.3370211345689
34281.702891819514;-180.2820238504629
-8137.443973381181;-178.71230969993792
40494.97836595317;-180.2812925035998
9023.941515687467;-178.74010088073618
-55023.77658972824;-180.280951208397
11749.816986518927;-180.3229305183396
-49887.46886444441;-180.28099996485454
-23154.452850094982;-180.34233558844082
-44776.651500080116;-180.280951208397
24260.804755332156;-180.32488077664124
-39729.56003801462;-180.28065866965176
46360.94767255833;-178.74248994715566
-37167.77876560259;-180.28065866965176
35476.56355992214;-180.32522207184402
-47249.216509273814;-180.2812925035998
10607.769865165414;-169.40159202028747
91393.41507509461;-168.40028206113965
43189.694100581386;-168.37339233962837
93098.47703625218;-168.39993407650834
20733.36128812906;-168.37816921956744
87430.81297542117;-168.40006061637428
36119.402253267384;-168.37168405143822
68551.30008707312;-168.40050350590505
17518.50982505265;-168.36314261048759
68760.86077503662;-168.40085149053638
83603.94904863316;-168.37500572291904
80401.00444282738;-168.40110457026825
-37805.51179731132;-169.4021614496842
84558.87900173955;-168.4014209199331
105241.09008086452;-168.36532542317497
87430.81297542117;-168.4014209199331
-39338.014305193676;-145.93914898488106
30379.5591092267;-147.83859312629286
63758.54598430061;-145.94624625481413
29126.239666444613;-147.83918953553095
49893.33977502375;-145.92238988529124
27911.306730332726;-147.83954738107377
-49905.819591500214;-147.90729947051875
26715.567047555945;-147.839785944769
-28338.360818847374;-145.9362265796145
29020.676773101557;-147.8398455856928
40567.33797949823;-145.94564984557604
34826.635906969575;-147.8397263038452
49703.326567006254;-147.9009775325952
42899.31825971299;-147.83990522661662
35383.2402536875;-147.8762265492152
39427.258731393245;-147.83990522661662
-27766.03622839146;-174.94933413903328
-8384.749321857256;-174.9038573327447
-3274.8269372219947;-173.4723012364627
-7709.875385534608;-174.9037677232742
-33195.75553732127;-173.46867205290667
-8373.368648394819;-174.90394694221524
-13113.419145500804;-174.9440919850079
-11742.047993276865;-174.90443979430307
16919.04005453038;-173.4675071297899
-14469.995422223576;-174.90457420850888
20976.250143890007;-173.4825167161019
-14458.614748761138;-174.90466381797938
36103.44131016438;-173.48395046763022
-15093.656327965247;-174.9050670605967
-36681.655818866435;-174.95305293205985
-13006.440814953872;-174.90529108427302
-108366.45206209754;-205.4487115225095
-9914.560545146422;-203.47328170109054
-96059.6401831969;-203.45637696893934
10403.264693470177;-203.47284665283667
34714.88079780151;-205.4630681148879
10338.176837118895;-203.47253590408388
-98293.45541317294;-203.4161039305791
2462.5462186136137;-203.47241160458276
-77723.08929191336;-203.42381049964806
-716.3446855830553;-203.4722251553311
-36738.56790463728;-205.45219190854064
3967.377457455281;-203.47210085582998
-44655.854751207386;-205.47189337946685
8690.152314304403;-203.47216300558054
27961.364822792355;-205.47469011824185
2423.493504802842;-203.4722251553311
41053.573199837105;-226.01479520910365
42141.24451703982;-225.99386630674
41123.478926849995;-226.0400124389004
42091.96291059317;-225.99354002095703
43062.22350397313;-226.02705423209173
42226.67626740032;-225.99293406164583
41673.76445087187;-224.51369415850397
42361.77584369373;-225.99237471458935
45165.034118859105;-224.51984697612534
42218.565658188876;-225.99195520429697
44374.82904997311;-226.03623684626908
41889.42941199892;-225.99158230625932
42833.118104724264;-226.0499874614078
41931.37284820666;-225.99102295920284
41147.1928033063;-226.04290239869226
42108.4158607078;-225.98990426508985
20328.00752975674;-121.99581992570528
16729.392459567753;-122.0867870282031
63497.4254916818;-124.44644101974959
30367.318496291053;-122.0884193905644
24851.980760851482;-122.0254250430761
44108.06210644833;-122.0888645802993
72074.44208048852;-121.99834266753638
39553.62440915093;-122.0884193905644
64238.727502613154;-124.43486608664219
27305.63964292391;-122.0884193905644
41660.74998816812;-124.4204716185471
21194.975463774055;-122.0882709939861
71091.9630454528;-124.42292016208904
21296.52368444958;-122.0870838213597
42561.990446663425;-124.47396858502421
27470.655501521644;-122.0864902350465
-13484.236267624437;-81.81751366684944
-7614.064975098801;-82.346659963465
1269.02781189917;-81.69267486228597
7683.437161196867;-82.38638140128064
-42776.25618357456;-81.94140672289348
-28523.10275081446;-82.49419673249454
-53220.968980319376;-97.18971010150445
-12762.26280942907;-97.98886760041447
-34998.800169568465;-81.80900193017465
-3662.210256555758;-97.93637855758665
4952.440786223568;-81.70496959303843
-9722.374564395963;-97.9250295753536
-7237.756228637045;-81.74847402493177
-45718.08351747757;-97.87726927512288
3030.446928073594;-81.75745863586624
-4596.240435069965;-97.85646280769565
52342.059579402485;44.93512336234314
43436.629413381794;45.09884228882298
32330.411517363602;40.892154849837645
49387.854380097546;45.107732004287946
44329.19422903331;44.95450788078759
53515.892321638385;45.11847374380812
20028.358948277324;40.948209444575085
52819.56094313877;45.12983282468002
50442.75776648381;40.918083186610474
20870.97343447199;45.13353687279043
28518.13101560354;44.92660405168921
50301.23183302274;45.12415328424407
38061.61717575753;44.94932221343302
55990.8122168693;45.122177791918524
39874.69520568522;44.96524962030776
50747.21691745888;45.13341340452008
-12609.896025271115;7.931345300089142
-26604.131385416946;7.806745871358983
-15472.521806413823;7.908254562933481
-35325.499050245504;7.813265608908816
-45926.85540813023;7.908073459112652
-13310.72021262341;7.816163270042075
-31171.230807404125;7.946920228680413
-20677.408319536422;7.818698723533678
-15356.335785935664;10.90208182505308
-20652.68788964745;7.819423138816992
-8781.937456964133;10.883971442970207
-20578.526599980545;7.821596384666937
-22079.67470498824;7.938408349101463
-27858.693202282164;7.826667291650141
-8763.397134547406;7.931435851999557
-37421.79150483015;7.828206674127186
40144.152972121345;93.51424701392757
55017.01705090583;93.40912799798534
63419.652919310014;107.30751083129078
53755.4080546453;93.41943378386202
35612.40049976444;107.37965133242761
54508.95326185644;93.43262518978419
42821.8311828116;107.31987777434281
56252.14715262307;93.44457990140114
64770.628184654146;107.36687215794052
62946.342679348694;93.45777130732331
35700.11183793909;107.34007711466113
46062.73754618309;93.461893621674
41114.49412840568;93.81022918430614
64332.0714937809;93.46601593602466
43697.28963364914;107.39366720121991
63852.14153018376;93.46890155607014
-105303.84469631223;332.00156762950877
-70118.76939189009;328.932094915664
-78976.8983545278;329.01690382315263
-111276.3802313017;328.93135584021746
-49309.50464000557;329.03187010094473
-112307.38250683805;328.93033961147853
-119449.19591667112;329.0299300278976
-73228.75743244919;328.92932338273954
-60683.27915495201;331.9940844906127
-98732.11489765809;328.9278452318465
-102512.86088924261;332.0610632029539
-95020.50670572718;328.92701377196914
-60201.74044508385;328.9490012665032
-94319.42515836246;328.92747569412325
-61674.25428332049;329.016719054291
-95806.49432284196;328.9278452318465
-20602.698292584766;238.2017471090418
-2990.2477323316907;238.23019242141885
-9753.82813552054;238.20522647128536
-2580.3124609875704;238.23043658719033
-14549.297347470638;236.1672968596532
-1329.4122076064523;238.23080283584756
-1687.3145285569808;238.18648674832448
-2608.4383801192416;238.23092491873328
-317.58226684454894;238.16774702536364
-6010.971447073276;238.2311080430619
-12409.618049528679;238.17507199850795
-6473.642816789281;238.23177949893346
-28528.58230388997;238.18813486728197
-3957.779350461211;238.23226783047642
6055.751008392352;238.16609890640618
-1855.366895368721;238.23257303769077
-45253.129332346805;194.1335525813056
-35789.48700278076;191.55940125157144
-26932.31054815654;191.62774020693368
-36342.441182874776;191.56008540129142
-52988.54210979105;191.62386335852045
-33334.88574096557;191.56038946783363
-19157.259478232434;194.13423673102557
-29176.828859828485;191.56000938465587
-82310.96897176585;194.1173610379328
-29809.05962488222;191.559477268207
-38142.01966146032;191.62629589085816
-34056.30266409898;191.5584890519448
-65591.53720376184;194.12002162017714
-32333.027898537162;191.55742481904707
-61404.74256057686;194.13233631513674
-28234.428456119866;191.55613253624267
44978.829693842126;131.23684427855846
15447.788167926192;131.635920559843
62746.564907505075;118.65317250174148
33312.817368417534;131.66107723086952
-5559.991242022271;131.2052078589342
41256.94861040643;131.6854715785316
67385.78929532284;131.1259262290324
21313.225659581287;131.72778052525805
24860.595306324773;131.17395260099212
22729.393690083583;119.41625818954627
52861.18697593997;118.89482900826907
74068.18740653706;119.24816588768718
28894.434887210264;131.26924302154717
44910.87833796197;119.22987012694061
44768.79823021256;118.74846292229653
54450.322094137206;119.21767295310957
-10419.678415512964;-34.722566266592054
16514.97017483291;-34.7855354050865
-6776.733804625748;-34.729974400532576
2677.4429427705218;-34.78482986852073
-4740.156052061835;-34.73654470980126
-5239.914630206862;-34.78482986852073
7547.011748538331;-34.72538841285511
23099.843361499974;-34.78381565970745
4560.154138023776;-36.1725321013079
14985.53659516494;-34.782051818293034
8391.43141505924;-36.161772668679994
12789.553089227182;-34.780111592737185
6216.989227144975;-36.16574131186242
17905.30838669205;-34.77834775132278
-3967.130468133073;-34.72525612474903
12809.248008562947;-34.77702487026197
7280.37875309119;-78.05296412508791
19868.954900408324;-78.23811512562115
1385.4497184607862;-78.04703564477526
-16723.372267520484;-78.24039531035677
13653.239905973183;-78.04490747235535
17729.299561224892;-78.2478439138265
5297.220208063514;-83.04763278232981
9396.656977794923;-78.24845196308934
16624.730902059186;-83.02483093497351
7121.284501771024;-78.24297951972382
-16420.11914357552;-83.04884888085549
12580.490097071506;-78.23872317488397
12175.93614371452;-83.05219315180108
5219.296493131187;-78.2372030517269
12335.030395034682;-78.08275853896681
-1045.770187427759;-78.2372030517269
-22978.624579178366;-77.00507052419795
-17447.57667481944;-77.51867276394658
-29639.44529625724;-77.53799926760607
-12697.902369425483;-77.5186079642696
-23425.90521229617;-77.00294833477683
-14051.105112705689;-77.5186079642696
-20995.105383959806;-77.00811610901603
-21500.45255270344;-77.5186403641081
-34625.5934641274;-77.53751327002871
-25600.454894283765;-77.51883476313904
-28534.918803374607;-77.53393308787552
-28996.926456397516;-77.51889956281602
-25318.958428097678;-77.53728647115928
-33706.20665005176;-77.51876996346206
-14194.167591783818;-77.00430912799342
-35066.14174528859;-77.51880236330055
8443.482885613288;-86.42341725228962
-73509.84181240248;-86.32952343330147
-48623.776254769706;-86.38151890492205
-54640.65664134624;-86.33046708977372
-64185.81085873602;-83.33482961863926
-35336.983653851195;-86.33405298436824
-24259.48401241388;-83.33803805064488
-61270.475197541775;-86.33660085684329
-82251.96944048128;-86.44823541750961
-48592.74141073837;-86.33782761025721
-107737.39542346935;-83.34728588407286
-40593.510361659835;-86.33905436367112
-96314.63314218335;-83.35540132973415
-48423.98944631794;-86.34075294532116
-94043.27049463947;-86.43389183913152
-58746.95444224324;-86.34273462391286
-41761.9600798822;-213.66128932393954
-53741.76955306597;-213.5313740429139
-53895.861522024825;-209.16264621176856
-53721.582832241664;-213.5330237607682
-43119.18060996963;-209.17639386055436
-53089.40202509384;-213.53494843159822
-53267.71805904187;-213.60478648742998
-45274.11305796418;-213.5363231964768
-40713.596378406626;-209.15426014600925
-44449.14906694426;-213.53742300837965
-54051.635717719044;-209.18739197958297
-44036.66707143429;-213.53797291433108
-57169.47474903295;-213.63681850910086
-44029.93816449286;-213.5385228202825
-50010.927099387336;-213.65207839925307
-44943.05083644559;-213.5385228202825
-13555.833648164738;-281.5712602669899
-382.31156577299043;-276.2711030426477
-13547.041154925304;-281.60596616035247
-9366.210619574023;-276.2734390162394
4799.848680423163;-276.09590502326915
-9187.655372250116;-276.2759418450877
-13687.382873939361;-276.1771635332095
-7994.581674222181;-276.2789452397056
-7715.589100278576;-281.6057993050959
-6804.889704363264;-276.28228234483663
4538.441092958426;-276.09590502326915
-7030.789146053359;-276.28445146317176
3076.8581783108293;-281.62682306742136
-7887.380891264456;-276.2864537262504
-10241.063696897792;-281.6079684234311
-9556.940088306379;-276.28878969984214
10610.935009045876;-145.2084041857052
16977.54007473697;-142.33122270182287
-209.23273480893477;-145.20132133401694
18304.990118798072;-142.33167673077725
11564.636982448996;-142.23478695191335
13906.200864782499;-142.33249398289513
-11287.157768772697;-142.2250707322897
3724.78790547893;-142.33503654503963
-30089.74659068909;-142.2291569928791
-3814.612830207887;-142.33830555351113
17592.1301133405;-142.25676195330516
7984.227124529352;-142.3403032809104
-11174.38895435003;-145.19178672597505
17856.331335702176;-142.34084811565563
-23731.1964403139;-145.23237691449629
-28132.402168924244;-142.34075730986476
42848.09044660232;-68.65501175918646
70855.11100678655;-68.83721991385998
5725.705672326936;-68.58811586467144
71303.19773079384;-68.84756845002805
51889.840413178;-68.58127843898897
103613.45115117665;-68.87510294804666
101241.79213339521;-68.58534393534072
82559.7763617484;-74.97538022383505
98967.75200905821;-68.64983749110243
74761.46705429297;-74.93749718964837
52922.04018812336;-74.67046799745442
83668.79100366645;-74.93491005560635
11201.96556358746;-74.64478145232296
22805.811405647677;-74.95560712794249
44064.325840336394;-74.63646566433077
10697.867999079259;-68.95012983526517
-20516.10443565077;-9.250328251006318
-11635.817096895196;-9.328318737291506
-11018.108029801326;-9.253408547523465
-21641.24983790022;-9.310099111083705
-13641.0237251906;-8.17763137346614
-15599.2735582925;-9.305544204531756
-20052.595425031046;-8.173862925599419
-23906.38504862159;-9.299154227714272
-16965.564824890516;-8.188314103940497
-26757.722831597315;-9.295615163630742
-19181.62261095803;-9.251376862586623
-29360.64402064613;-9.294632090274206
-25377.495999974133;-9.251770091929238
-11701.859557231863;-9.294599321162321
-25228.748990683747;-9.25337577841158
-26815.282774092575;-9.29436993737913
-3526.455226213534;101.54902687867894
-4067.7262335207497;101.31514169712376
-792.4843219576978;109.10106845741274
-4848.414807059241;101.31999504575288
-1623.5218253388748;109.14151302932197
-5487.502018289767;101.32669728909784
-4348.607624328354;109.16023308831997
-5643.111429441087;101.33293730876383
-4661.667504478979;109.14682860163005
-5314.442580579296;101.33825288107191
-1315.5048427718575;101.57676029941672
-5079.107360010941;101.34171955866412
-738.3732304256546;101.55503578650547
-5366.472476283184;101.34426178889842
-5511.435770313555;101.42884872214862
-2575.909054700196;101.34495512441687
-56110.44629278791;278.4931683793119
-52778.93365240276;278.3373039325469
-52715.36541873779;283.9831169711211
-55348.622296846865;278.3373039325469
-54383.857461036445;278.45052142970843
-51730.10753733272;278.33696546469287
-57223.23856473834;278.51076870771965
-52029.04735292463;278.3373039325469
-54788.346409521204;278.4936760810929
-55708.54384520344;278.3373039325469
-51543.481549295975;283.9980095566969
-52718.449323657376;278.3374731664739
-57837.6320093625;283.9724552337202
-52925.86679970034;278.3383193361089
-53885.8565569256;284.06418002215304
-56421.92068966586;278.33950397359786
-37981.52065417617;342.8417002566475
-59893.947275042825;336.7021459666258
-36151.96107113769;336.86196674492794
-42588.60423984354;336.70160050321863
-50063.07462627939;342.7720627616649
-61641.27946109081;336.70069139754
-33785.57405346127;336.82596616005446
-40596.35187847386;336.69887318618277
-48917.764453911805;336.8876035250652
-38096.63900996286;336.69760043823266
-34788.16095819537;342.8355183380329
-55904.15650535409;336.6963276902826
-43664.608463319135;342.8404275086975
-36458.55179420224;336.6948731211968
-62692.02812691933;336.8832398178078
-36092.63987759455;336.6941458366539
-91186.06419607213;224.05271391927238
-33366.48492962324;234.92110246437187
-78946.72363306583;234.64961065439687
-35960.80435468731;234.92691322843794
-26649.1238906343;234.54307997985256
-41898.09357076336;234.93498373408522
-76322.34890133962;234.6040930025461
-48638.67916490033;234.94208577905485
-31977.110071650546;223.98233911002797
-95376.04717483542;234.94983346447626
-48157.79425830604;223.9816934695762
-10964.352263904162;234.95790397012354
-19534.213113523372;234.65380731733345
-95717.58475054159;234.96597447577085
-47138.64613239883;234.53856049669008
-77826.4803847496;234.97695036345115
53068.528531826036;45.80628708881822
43299.141958635024;54.11634895772221
40264.799651349866;45.7683818008726
203.02411427178595;54.12686461824906
34152.37151481006;45.74686137932928
34964.542906044;54.140559431958444
-2631.5561093525903;53.80210189314078
-13902.803603496854;54.15596609738151
5869.268326722573;53.770310361315424
-33957.75030911913;54.26723645877026
37255.245339847446;53.82386686492891
13202.140726211772;46.11637679923788
31761.058980476737;53.83927353035197
32385.133227241775;46.09265542549126
53937.56650162034;45.84199142456055
28535.70329392472;46.075047807864905
-64725.71440737108;-76.11114976185411
-77174.3540485068;-79.9786679363958
-70590.81325193554;-76.12972832081152
-78595.0652332544;-79.98257921196578
-64000.74116489151;-76.10980526087693
-63114.35174358444;-79.98759053378981
-63012.028192844075;-76.044780304526
-64527.90961019519;-79.99027953574418
-79201.85321955969;-76.04343580354882
-63990.477708434264;-79.99211294616761
-72299.52324514995;-80.11800712857637
-81602.56898905768;-79.99296853769854
-70850.82081551895;-80.07473864258345
-82090.23867769259;-79.99357967450635
-66477.6553232387;-76.1397509644596
-62442.87288021533;-79.99443526603729
-79144.93727069393;-190.70404902266188
11076.476060613575;-190.60029246344553
-41125.80129464047;-187.6897785304234
2582.973359963911;-190.60001675956806
-90297.385178817;-187.70236900749396
-10791.563039080858;-190.60075196990795
917.4571281105054;-187.6892271226685
-12379.369181932278;-190.60130337766287
-66020.33332006096;-190.69063143395897
11278.102237483596;-190.60139527895535
-44643.7580264872;-190.71186063252316
-99465.07540837581;-190.60066006861547
-52776.01382691141;-190.67620293103872
-91206.80324740784;-190.59964915439812
18106.08870627985;-187.69611971960492
-113326.87506818978;-190.59873014147325
-103953.59953617826;-164.14627040479203
-1329.1873456565118;-164.30534393504269
-83871.8945824743;-168.6580619727026
3016.1138428546515;-164.30534393504269
-45209.16290476365;-168.63543513434797
-4139.581149171196;-164.30452114092068
-70870.22017224002;-168.73636454664492
-6921.150400854958;-164.30342408209137
-25127.457951059696;-164.1599836401585
-103187.94737816945;-164.3028755526767
-10032.400464104867;-164.18672444912303
-80040.0307234514;-164.30314981738405
-31358.965750006675;-168.6787689581059
-77085.51416078211;-164.3026012879694
-40125.23257558516;-168.66176454625153
-98756.17253416553;-164.30205275855474
-72737.24118718432;-183.52947228424978
-89853.79797986541;-182.5235767735296
-72993.98358217442;-183.52172514017616
-87420.99997258102;-182.52332380555987
-60533.33991998667;-183.52586749068084
-88791.08699921033;-182.5228811116128
-64603.094079087285;-183.53595458847465
-87799.85881994461;-182.52265976463926
-71455.91197228013;-182.48768694282114
-82521.44962735231;-182.5225965226468
-75391.6358787757;-182.48910988765098
-75835.42493740129;-182.5227230066317
-94684.24828375109;-183.52286349604003
-80683.15025162272;-182.522912732609
-63981.789397011475;-183.52336943197955
-87151.74808734779;-182.52294435360523
-62293.95332939056;-197.4908630324992
-43204.787420282315;-197.64016800399418
-28238.47911753107;-201.62984568395967
-42004.38223306556;-197.64166105370913
-33694.7711072449;-201.56614222945512
-48378.26143395031;-197.6430296826145
-10188.407401894914;-201.6025975266618
-51546.870239648975;-197.64327852423366
-7613.716345892495;-197.5546909078133
-45256.788957592624;-197.64390062828156
-47168.42898086537;-197.52619854241968
-35819.0483495447;-197.64477157394862
-56320.209190911395;-197.50417605912415
-36482.09938227437;-197.6455180988061
-50409.31349155352;-197.52084844760776
-45372.01109598167;-197.6466378860923
-32213.2042564648;-112.88344188593209
-40945.98270806053;-108.0365346738074
-27066.347000549096;-112.86930289603052
-39810.14445350827;-108.03499782707895
-17227.06396651273;-112.88590084069757
-36378.58569631734;-108.0319241336221
-15876.272409765352;-112.93661678273578
-37524.04154828326;-108.03284624165916
-39349.94241726503;-107.84934674228454
-12896.259851145376;-108.0376104665173
-19605.97668677948;-107.83689828378425
-17986.373282320532;-108.04590943885081
-16056.121481400638;-113.03558971204673
-14096.536008369108;-108.05712841996836
-13844.07407626075;-112.90603353284001
-36685.86793368352;-108.07126740986992
-5201.495260749668;-1.6595639332673695
-941.3056385807358;-10.518171075506068
11228.147890551088;-1.6184928945492825
3933.8532014691336;-10.491656860637429
5306.935770309832;-10.09992233311744
6413.55002988072;-10.475020490523772
-5873.171577504138;-10.117338533080172
3704.8225885430184;-10.46072360995735
13416.05090922508;-1.5909389065485406
10245.408361529178;-10.45136565176842
-4463.752421035741;-1.6195326676813853
7435.378918320312;-10.43680882791897
23424.57858322469;-1.5992570916053683
6996.036540639925;-10.426151153314908
13124.807653845477;-1.5984772617562903
-6349.401097170218;-10.419912514522288
43690.66316307572;101.15696296339145
36263.42396816294;99.05205050608235
54294.41258200955;99.12464443778055
28067.588824784954;99.05229975563324
31737.3318818762;99.1143005814184
29907.377551819776;99.05254900518413
11365.756787171966;99.11941019721175
34453.894924138556;99.05229975563324
39026.88951909148;101.13995168154287
37228.70785619601;99.05292287951048
25700.525121293194;101.16923850377303
41858.439356793504;99.0540445024895
28809.70755061602;99.07024572329769
47400.5003001558;99.05516612546853
11312.045849828435;99.1221519422716
7630.1989195330025;99.05572693695805
161.06310047551233;150.39062088738683
26256.609822406117;144.1197504910958
6684.298889340833;144.3096422633228
23194.815654493275;144.12197144749612
32648.3655045711;150.2566231845678
27139.21885550344;144.1225266865962
-22517.30263048094;150.3713725985841
37350.40654815153;144.12271176629622
-30700.312043533704;144.29705684372098
39757.40374903199;144.12419240389642
-7127.621230368015;150.36767100458357
38213.488832729;144.12493272269654
29693.31756190012;150.33028490517825
38985.4462908805;144.12456256329648
-9142.781677616775;144.32703975512524
41359.89891089454;144.12511780239655
58853.916861559934;193.7355905904737
50369.782072330774;195.2400567593797
35903.41739539543;195.19496741722554
50475.71338070935;195.23956568733644
-1078.1653714579443;193.73567987629974
56321.19557941775;195.23938711568434
-17819.164142849506;193.741751312471
-58250.25551526688;195.23925318694526
3594.368339931374;193.75474240016095
65718.26564449132;195.2388960436411
-22341.467998720123;193.73992095303703
61082.32638508732;195.23885140072807
-51615.10356319095;195.19496741722554
56436.75700673982;195.23885140072807
-15286.44286070732;195.20291385574382
55275.36466215295;195.23885140072807
20564.409774679225;226.69527384381118
-18894.138577577574;226.68665639763404
-4934.972626416966;227.75876245147364
-20526.07010346013;226.68662448116672
-7003.834821368964;226.71755153800248
-23262.54064990954;226.68668831410136
9335.382041430785;227.74561286693665
-24917.087634853662;226.68681597997065
10922.987267552671;227.76872038927834
-24371.602762288705;226.68681597997065
12654.42681330612;227.76814589286653
-20030.339240830617;226.68697556230725
-27373.126488939663;226.6971249989159
-16775.52237269013;226.68710322817657
1198.3398710795664;226.72055168593084
-18366.74607226187;226.68678406350332
16316.409931218834;198.519859708392
48250.05133168589;208.26023535839488
16184.05026951361;207.95179638682305
46700.44434889166;208.26225696214115
60031.309899505024;198.5366101394324
50402.76884847658;208.26514496749294
71168.25162355155;198.45921159600428
54148.79700994531;208.2660113690985
17441.467055713278;198.5158165008995
50402.76884847658;208.26514496749294
45532.93223856724;208.2683217733799
48871.892006489696;208.26630016963367
71465.4365243614;198.53689893996759
52536.75622445994;208.27092097819653
1670.6884959299496;207.958149998597
29496.185679319628;208.27698578943532
63724.48593716621;86.47329239020594
88685.30914582507;97.68322277531857
7230.675478329955;97.28975124605357
81215.74117895863;97.68723097425845
12858.73810517251;97.35254636277837
-26373.243907265685;97.6992555710781
68091.71635215118;97.26870820161919
27253.746771952356;97.70727196895785
58595.88341357159;97.28039878186051
51698.86727237961;97.70860803527115
27631.387337822744;97.37659555641766
36966.82455218856;97.70994410158444
49597.480252616966;86.28757917265811
17621.882016634496;97.70192770370468
91923.6785144448;86.28089884109164
-401.31853837320523;97.68689695768012
-38088.88706613647;81.99213163849853
-36105.53524864002;80.9518725834422
-42477.58044953288;80.98675632945393
-39949.08039409886;80.95055448056127
-39446.75630099929;80.99319357608175
-39877.18584437086;80.94773435346717
-43577.254475372516;81.99151856739113
-42473.82942954707;80.94148102817157
-36578.00747435253;81.99259144182909
-34723.59696886826;81.94461862767413
-40811.502405836094;80.99055737031988
-41866.94565434307;81.9491247003136
-40422.0214973096;81.98088178367753
-38024.181971381266;81.95209809518455
-35302.03550917987;80.98258744592353
-35441.60471115184;81.95430515117123
37987.265477712426;-70.37777845658778
56850.78884803595;-70.15316228039713
73439.4902905839;-70.36448656301545
58349.19007225734;-70.1514797622234
103342.70503347975;-64.83606834782998
97165.0404706431;-70.14912423678021
34842.69681857653;-64.84750947141121
55170.92034752476;-70.15013374768444
48963.44330358335;-70.35455970579054
45869.426242842455;-70.15215276949289
71243.73624747746;-70.30475716784863
45908.3120877617;-70.15316228039713
31775.8998492791;-64.8663536749568
47484.48500182157;-70.15349878403187
88594.60025044251;-70.34480110038301
36619.77993138581;-70.15551780584032
15113.98023780476;-77.96611717981543
42243.08231351642;-78.10499345585757
11725.639985154416;-77.96473669993429
46292.75317690532;-78.10499345585757
34464.894368941605;-77.92649740722686
49081.30796871663;-78.10720222366737
4263.010809155363;-77.9966257851885
51830.697665137326;-78.11023927940587
3732.603517293981;-82.52294321945256
-13317.641010325984;-78.11230999922758
4294.34288546785;-77.91655795208268
-5219.4182862736325;-78.11230999922758
50269.688863140225;-82.48249515893531
-5331.318558818228;-78.1095490394653
15102.790210550302;-82.4485353538594
-17562.01834794248;-78.10568369579813
-25707.32406353477;-96.32847002980387
-25840.668853846382;-105.47230912814896
-35247.95131785123;-96.1623131460996
-23829.997409383872;-105.47694067891423
-28196.076829691934;-105.81620177247066
-22588.245923752365;-105.48099328583385
-41310.76444795116;-96.25031261063984
-44904.074059839164;-105.48330906121649
-35936.0244353122;-96.34062785056271
-44921.57337615303;-105.48620378044478
-28646.509231610693;-96.32991738941801
-44518.73911460797;-105.48938797159592
-28504.06479681587;-105.68825518257992
-22443.70157099988;-105.49199321890137
-29012.244942570367;-105.7678599613581
-23924.493717478716;-105.49257216274704
-8209.679295432896;-177.17120144230208
-15348.306855936586;-177.2500255399727
-3504.5575911748665;-177.1995817794425
-15668.220072843456;-177.25066638629525
-6525.301407222181;-180.16624250536265
-15670.797939216598;-177.25084948524454
-1803.6813581760457;-177.1497788652348
-15668.220072843456;-177.25066638629525
-4469.19518800445;-177.14932111786155
-15357.329388242582;-177.25066638629525
-7394.042374970897;-177.16488452855145
-13963.477040284924;-177.25103258419384
-14715.956234604953;-180.16349602112325
-13025.649253736014;-177.25066638629525
-7859.08946868564;-180.1366720250518
-12856.025646383297;-177.24965934207412
-35466.23141294619;-198.16869268680173
-56155.78760425767;-198.05016219822215
-23825.49250556009;-198.1606062261805
-61089.27478527665;-198.05016219822215
-8260.872251545952;-194.65991358277228
-66952.18840703156;-198.0509070038057
-27377.930538725006;-194.69002500850658
-67865.25170620522;-198.05186461098452
-84092.57919349057;-194.68289615506418
-65752.77013051849;-198.05367342454454
-77566.95833846445;-194.65278472932988
-58723.164515375014;-198.05526943650926
5906.335713051861;-198.12464275657558
-47804.040150884226;-198.05612064289042
13034.120177568848;-194.62086449003556
-41908.400246004814;-198.05580144049748
-77640.75554483169;-227.62939117326397
-27956.365823465676;-227.88310741834704
-72754.57288964507;-227.8155775697397
-30477.18740272225;-227.88630283705086
16434.495366908777;-227.72631887394644
-41215.76925908688;-227.8875810045324
-51781.17992187262;-227.6515460762771
-48266.59183400983;-227.88608980913727
-41011.11239394818;-234.62735813462302
-36370.9115478225;-227.8854507253965
-66244.9102946562;-234.62842327419096
-13726.810132908111;-227.88332044626063
4050.7871715445435;-227.6587890253391
-2860.3177358317844;-227.87927291590248
-58509.2743633076;-227.68797384950062
-2771.764284569843;-227.87735566468018
14730.1671719904;-246.5848687067421
39483.59196791575;-251.9676410012509
12474.441543970737;-252.06119822416773
40218.95686828593;-251.9681513133759
8901.841988628996;-252.1637709612929
38975.70214921239;-251.96798120933423
47756.24030155149;-252.05354354229272
36997.08252976866;-251.96730079316757
32292.070658783756;-246.5544200832837
24216.291668554208;-251.9666203770009
42851.05035869978;-252.08892518295943
25704.39229371276;-251.96696058508422
-3938.5059848764095;-246.52822406086702
24715.082483990896;-251.9666203770009
2727.7546811340308;-246.47634232815858
24735.7620368697;-251.96576985679258
57531.555343349915;-250.36233198679474
79152.32344207777;-249.9316449413462
96375.84989122416;-250.37057421633594
81622.69885053106;-249.93178072766483
13641.52899025935;-249.9174416924169
78523.76638548906;-249.93199798577464
41682.083855118384;-249.91661339587324
72279.39089096404;-249.93233745157124
15929.848760757774;-250.37004464969326
72432.21131698455;-249.9326497601041
61389.274445415496;-250.36294302522862
82982.13620547873;-249.93292133274136
48400.86710694186;-250.36465393284342
93492.19489588062;-249.93311143358747
41640.88878375633;-249.92208558451424
88548.78633243454;-249.93331511306542
987.3047187933935;-105.22001745508236
542.4737754358663;-96.95488841846463
1074.807832888391;-105.25607573749942
602.1222004781154;-96.96267078157624
1212.8327409534302;-96.62725093146648
764.045165628183;-96.98549904670358
1347.4461530107462;-105.19770801416246
1291.6488497504113;-97.0145532023202
600.856078248445;-105.11002672310515
648.1598115514078;-97.04568265476658
1115.3061592068755;-105.16242796805655
608.6462469671113;-97.08641035505059
729.6312600245033;-96.6326985856446
712.397929676212;-105.55465906888095
944.0279575820211;-96.62673210725904
1412.651447838771;-105.4939566366105
-23684.305618672177;61.25047225293218
-9972.784914963035;61.02282734856155
-19444.529150868966;68.76960399398456
-11701.796983126125;61.025110647502075
-24077.883365767197;68.75202259214251
-11035.786084501462;61.028307266018814
-12427.527048578791;61.22512763469231
-10015.441462697323;61.02967724538313
-19673.45262370964;61.25983377858834
-9323.836635432086;61.02876392580692
-22530.019436982377;61.32513612828744
-9309.617786187322;61.02648062686639
-24852.526272621846;61.32787608701607
-24859.92007422912;61.026708956760444
-15889.532462693507;61.27170693307909
-21089.934385472858;61.02716561654855
-100637.9780305476;109.44131324587151
-115345.1726560235;108.99919844987784
-111192.57654119664;122.36901878775808
-55866.98815929517;109.0039438680817
-89727.15681703629;122.31602828448156
-52925.14898397206;109.00987564083654
-68034.59508852275;109.40730441541047
-110139.91844172729;109.01699376814234
-90423.5922136434;122.35557343618046
-105352.92571562328;109.02015738027825
-66441.59918134098;122.41924113041568
-103577.81595473104;109.02292554089718
-96828.59648617511;108.93236714350671
-97604.0813027994;109.02767095910104
-115646.36095254467;122.14914774431222
-93400.45328391083;109.029252765169
46034.98896791646;219.92086164215047
-21265.37227348113;219.98061853312709
-4314.641220468573;219.92513554202526
-22939.62491285535;219.9812401912907
28993.796580186434;217.36227205528942
-16857.17707375656;219.98147331310204
-9865.80820487743;217.36965424598225
-3862.3345468811967;219.9815510203725
11691.271447717023;219.9118475987782
3951.8016996663937;219.98178414218387
46303.50118366517;217.38589506550647
3980.519583703688;219.98209497126567
-18334.712207475317;217.35963000809411
553.0401238526974;219.98248350761793
-9297.194100939014;217.34711913755154
-291.2656668437339;219.98271662942926
-12833.130510975221;172.71711582034007
-9044.564085055092;172.9588889608844
-32414.64816831721;172.72406903309195
40725.73144319646;172.96484885752886
14040.65173725423;172.7475112932269
-42884.010370213364;172.97100741739482
42649.04581650841;166.22778169061098
-20854.803005703627;172.97418602893856
33660.272792558055;166.22917233316136
-18666.57929418079;172.97418602893856
63250.282981210126;172.76737761537515
-36301.19476042493;172.9714047438378
59091.569260803546;166.2629450808134
58449.25483801824;172.96961677484444
-43321.29222301353;166.20394210403308
43077.25543169862;172.96842479551555
-4538.192024369029;107.19885496139003
7352.233246292002;111.30815341353515
8884.430035363323;111.17997680253336
10908.086171872616;111.31106651833065
-22662.056382946255;111.15509403240517
-18540.736114078187;111.31410100249262
4293.621542825098;111.16067748326321
-9063.08714560381;111.3222334200467
-14292.214602343822;111.18119059619815
-12110.13509971923;111.33607066782531
-1577.2940029221463;111.16565403728885
4539.351216544084;111.34650929334249
2553.2772654271066;111.15982782769785
8097.516891994994;111.34505274094475
11980.045736754968;107.18950875017114
-385.6496322519597;111.3401975662856
-77985.68659302805;51.32197901540983
-59303.10406966708;40.0452973940922
-78645.1525226886;51.43889500540591
-63117.78411647484;40.0513447728851
-70017.8671423183;40.42930594744141
-62372.30089164117;40.052016703862094
-51529.13518996342;40.51396925054202
-60117.151805145986;40.052016703862094
-57935.55373916116;40.48373235657752
-63080.385292486535;40.04731318702317
-61421.74744860492;40.39268570919551
-69081.64991514424;40.045969325069194
-78250.59492961192;51.482234553421705
-69156.44756312086;40.05403249679306
-69441.30193916516;51.438223074428926
-67802.61013474398;40.07015884024079
-46871.20705187384;135.40594349098978
-47807.375334988326;135.0942333623197
-47339.199256540494;135.2931176641766
-47806.372387091054;135.09768721416094
-47335.58864411031;144.85395520264663
-47836.444108211006;135.09826285613445
-47708.33423013245;135.3141285962107
-46841.33592033334;135.09998978205508
-47435.850002241204;135.4312717378254
-46881.069372863705;135.10200452896245
-46958.964992885376;135.39932360829414
-46841.08518335902;135.10085324501537
-47454.97287548258;144.71839151787876
-46780.77458313623;135.10027760304183
-47659.94199408895;144.70802996235508
-47834.93968636509;135.1034436338963
-90220.39624600875;209.52914666414995
-89027.81401519632;209.339412755917
-90253.34222371689;215.96183323613505
-90147.97725727294;209.34000199165686
-76669.65345243023;215.88503617804076
-92211.14140846736;209.33980557974357
-87727.69114016675;209.54819861973857
-74092.4077245447;209.33980557974357
-89812.3012579825;215.98383137042293
-75232.4628776904;209.33784146061072
-78174.9116603595;215.92490779643754
-75060.58433360927;209.33587734147787
-87200.86630794701;209.49123916488603
-74502.98920145459;209.33528810573802
-78036.91152731788;209.51755836126617
-93201.07479526372;209.3331275746919
58540.21482515278;176.94862809185435
53838.42794854102;181.58143315431812
55453.50022763709;176.9157752179283
103854.74672098881;181.58047093625333
86991.11761660693;176.907802553963
98280.49830842816;181.57868395984733
86642.30274182581;176.96251152393185
96275.87365092691;181.5773093626119
84434.83926419634;181.41593164717614
98327.1766979974;181.57717190288838
75786.60672400251;181.4237668514179
102873.6518420424;181.57909633901792
102761.62370707619;176.9823057241216
103321.7643819072;181.58115823487103
105088.75360160136;176.92031138880512
98686.17594868455;181.5821204529358
-88539.99788480502;161.7552701655708
-89470.42793852714;162.7700752744699
-88036.12304812674;162.73761933465522
-89454.8602298759;162.77043656508008
-81564.88602361942;162.7427075107486
-84172.47722270119;162.771640867114
-93911.63575491348;162.7369870760874
-84094.63867944502;162.7734473201649
-86975.1837035451;162.73608384956194
-89440.07090665723;162.77558495627517
-88142.50239057683;161.7570766186217
-84950.34373164122;162.77811399054642
-87632.40047043805;161.74924865540112
-81143.77950460353;162.7809441003262
-92196.07426154744;161.74957983846045
-79248.41097631573;162.78320216663982
28442.93182257373;-1.3118527526330421
34040.63868057009;-11.489138324125303
16958.816947398456;-1.344122666931641
30484.701792177115;-11.518826645280011
4441.703752071176;-1.327019612353384
6364.359257396446;-11.532057310142438
7560.214641702714;-1.2834552280502747
42264.24745728511;-11.54012478871709
1022.378367906771;-1.3650981112257305
36555.501691910846;-11.542706381860977
41787.116637097635;-11.94511221316451
34107.26202499683;-11.543997178432921
24487.927830695317;-11.985772305180745
21767.13811839918;-11.542706381860977
-386.80631118007454;-11.780535650241653
25121.186084286877;-11.536252399001256
58106.137828503146;-109.98659151665011
94691.56812828075;-109.92214664644683
97483.57645971462;-100.16321986623907
88653.63286447684;-109.92430508707565
56365.094185723254;-110.22186154519125
103465.28306799715;-109.92492178439818
71523.31737509347;-110.29987375648996
105101.02577407338;-109.92461343573692
91109.29160197379;-110.2024355795319
80167.19523751507;-109.91690471920542
86804.2212674194;-110.19380181701662
63613.47905202357;-109.91258783794778
55942.86809971732;-100.00873718694797
106019.08636785868;-109.91536297589913
99212.35203219893;-100.15520280104631
86357.45904082232;-109.9178297651892
37375.50819970359;-127.69995096395088
40897.51511870269;-129.1290823489152
35943.89380914749;-127.69787143832193
28078.59425379383;-129.12885631352074
37296.7778195884;-129.18391853560934
46384.41699442275;-129.12808779317962
46860.16382127264;-129.18762551607836
26032.950189262443;-129.12686720204957
36482.894103782244;-127.68883002254384
35890.0610706072;-129.1248780905784
26590.45548777042;-127.69294386672287
27408.713113582977;-129.12419998439503
29233.979404715014;-129.1698591340744
36049.204103916956;-129.12447122686837
42879.90571544923;-127.69203972514507
36600.98967395503;-129.1242903985528
-28645.94820400956;-74.45390145475312
-31915.07901748758;-76.78052966845797
-24742.046270828883;-76.8334778765245
-30944.85974509653;-76.78111880011934
-32300.14967797012;-76.86713202268082
-33166.360174024645;-76.78170793178073
-25049.11034905903;-74.40654999746971
-25258.71582198148;-76.78207613906909
-30152.686030670862;-76.84592328287114
-29708.068360835357;-76.78295983656116
-34363.85053211286;-74.44418078234035
-32555.209368032003;-76.78413809988392
-23041.780663770427;-74.46244386384313
-28452.618913643586;-76.78487451446065
-26032.42996350773;-74.44329708484828
-25326.797902675044;-76.78590549486806
32756.190617775697;-111.96999698631582
26402.10086426988;-108.5376094401685
8458.777502422403;-108.44126590238986
-22458.184176045546;-108.53836805070219
8911.432365022352;-108.40940425997488
-12169.804495269154;-108.54010201763633
-13527.769083068999;-108.39910883130337
-6951.582317539847;-108.54248622217078
6105.606779794172;-111.98852875792453
-8089.565102954668;-108.54530391843878
-4703.114472008328;-111.95168196057386
-13149.146557810163;-108.54617090190585
11802.923940602399;-111.98235150072162
-19547.655713720647;-108.54573741017231
-16412.91502973409;-111.98538594285638
34457.87677180213;-108.5458457831057
8895.553981796722;-59.17210959986539
9973.241532812404;-56.279189252095215
10475.042227931064;-59.19289617025918
7366.891592532121;-56.283512122929324
7872.8779464518175;-56.164495211028566
7278.932962584606;-56.29160600874638
9983.825270066456;-56.15088276669988
8599.687699689104;-56.31460000254482
10712.548467327075;-56.16035629214484
8160.492501208819;-59.32230636735684
10295.118694612183;-56.1713934091681
9900.530659925811;-59.30841799510257
10284.953523238235;-56.15226240632779
10167.456101180542;-59.30179572488862
9177.786975238105;-56.154377853757246
7972.317240539322;-59.29949632550878
79180.43949979686;3.2424918621806675
77578.55980519178;3.776188619529652
77090.43185765213;16.75099557830805
74559.77769757397;3.7444552988224125
80674.86742318395;16.650438042560445
79126.94925403703;3.725085609559553
74023.6970407298;3.327800919146874
75496.21045814482;3.7065401623929866
75942.27669260898;3.216940357195618
75345.87223437929;3.700770467718943
76856.67712728317;16.679698636978806
75208.49420231768;3.7040674361041113
73492.44700079349;3.2519706462880222
75496.21045814482;3.7065401623929866
73836.12772079665;3.2696918513582993
75640.65768568129;3.7081886465855725
-25268.453743551177;-54.592370677904576
-12028.808678286867;-54.7430679749012
-16917.033084865776;-54.54462226695143
-9836.741226181854;-54.74582799865572
-24697.70523934558;-54.556076365532675
-26257.58731919273;-54.74541399509254
-21417.590854034857;-59.0925894096445
-23281.585430740746;-54.74430998559073
-12930.394716953939;-59.05960712577803
-28363.64315602457;-54.734925904825374
-19017.559603572907;-59.07050921960837
-10938.304270359065;-54.729405857316344
-17154.17939554754;-54.57732854844245
-9774.68998944906;-54.724713816933665
-16226.482687958254;-54.57318851281068
-25833.980113972328;-54.72512782049684
-4150.590261591311;-84.24296932864837
6316.367788094729;-82.35933149519789
5365.605931176946;-82.28422441702867
7441.390840060121;-82.36028523587306
-15617.97009424497;-82.29292730068954
-20642.65170274209;-82.36147741171702
6505.978414830468;-84.24177715280442
-15143.943527405621;-82.36290802272977
-16629.22677016892;-84.24821490236178
-10787.86510508858;-82.36290802272977
-11244.284970873898;-82.29894778870153
-6423.209059181112;-82.36314645789855
4683.007674928282;-82.29161590726119
-13982.804165585803;-82.3648155040801
2468.6264269787425;-82.2993650502469
5866.719730407116;-82.36654415905383
-29356.18510453543;-36.364928946182324
-19582.62335664979;-36.35732461704225
-20271.933669032962;-36.380755125390316
-44242.25791657288;-36.35797742488027
-39831.17690656043;-35.79732135275946
-47997.35790403168;-36.35868316308352
-36627.020179768326;-35.80076182650033
-36709.83841510228;-36.359283040556285
-35474.63473445082;-35.79562758107164
-37399.65371672528;-36.35984763111889
-38831.29821167495;-35.8048551080792
-37455.20253310781;-36.360235787130684
-43372.66644556642;-35.80527855100116
-38104.61869554353;-36.360518082411986
-49543.12996718545;-35.79726842239421
-36937.08357303079;-36.36087095151361
-33965.696659993526;-95.15306418655186
-57228.15105243557;-95.44466484305688
-52931.65551821144;-102.6166794335951
-59274.82553700655;-95.45147264048502
-27953.318775249296;-102.63574126639386
-59476.885756820884;-95.45873429107503
-54292.84613878864;-102.65298768654513
-56900.07478155423;-95.46236511637004
-28850.09679383388;-102.61055241590977
-53034.858318654246;-95.46781135431254
-33133.013012210264;-95.15487959919936
-46549.37706977485;-95.47325759225505
-51030.551299528204;-95.17779918387407
-42695.024059553056;-95.4796115365213
-36938.480485380205;-102.59489448182507
-27836.536658958757;-95.50321190093884
58280.44874143634;-16.87400788760554
13192.391974803279;-16.85549860393233
18471.149803441724;-16.883830193346622
27335.972867733733;-16.290380586058408
17590.872097582454;-16.885464377314054
34256.04144088732;-16.294268223707242
19370.816886082037;-16.316751154711785
25850.746606305984;-16.296126032849163
64781.706776119434;-16.31919382969468
28364.579305967964;-16.29674530256314
18085.301205499003;-16.883314135251645
25986.47224377327;-16.29660768707114
64770.07315005081;-16.874248714716533
21232.19705706198;-16.296332456087153
66190.34499926207;-16.316768356648282
18855.05946370634;-16.29619484059516
21284.627967328976;25.963330971709713
-33274.13450699255;26.141628116655745
-11551.636092524492;26.02390697104496
26039.847158059172;26.150205249304985
-3436.1228543461257;22.448100369577677
-14702.006835967306;26.153528888206566
50552.19585909127;22.460429997760958
-4023.2996322162;26.139805475967783
34207.0806305577;25.99463750587943
-4449.230973676356;26.133801483113317
-14545.324949644462;25.988419084708735
58793.967316345326;26.137339550331127
37226.629604837755;25.98734694312758
10876.691402077544;26.143343543185594
-20788.26146876049;25.9798419520595
-15067.090842933154;26.148382608617023
-33803.4359876648;4.758275816157321
-31128.084146802612;4.910909497761896
-28399.45723236221;2.279169168877064
-34635.699696913056;4.875453729226708
-33956.25133029706;2.2642006354656194
-34867.40803127956;4.866230693488342
-27488.045626721432;4.761677755569012
-27808.588234494688;4.870766612703932
-32741.758085974456;4.7290191372167705
-30539.764195517782;2.4116180099722673
-31923.514132931;4.732269879321276
-27993.52156406884;2.3850828825610706
-28030.35528718871;4.7625093407585375
-33041.27105944052;2.3764646360514514
-30461.763370087472;2.248551714171837
-27105.17883000141;2.380698160652668
-69974.028658609;6.79060470156737
-66672.98226373905;6.522765519199371
-79327.95881628478;6.7706494924914224
-82673.23681063933;6.50207800887293
-92700.64572713448;12.790898072798521
-76937.34617747324;12.480951568527145
-73781.10561424938;6.723416061834591
-62258.247381845686;12.52250966449265
-72208.77756590329;6.745202024036773
-81132.5027619251;12.545027927945327
-88597.11174161504;6.816967546585136
-92415.77316378712;12.556378597327976
-59358.97134896104;6.756003467481552
-65632.48654252946;12.563518534520288
-83987.54719532514;12.800234913742313
-74586.22603820154;12.567912342023249
39246.26794011505;-61.05798229094474
33898.27042987705;-64.01376808623564
38264.562876355216;-64.13283514207409
41301.77769805082;-64.01236288888114
46903.56743744183;-64.14407672091014
35640.75990051443;-64.00899041523033
31532.10950696871;-64.10688583092755
43678.89581171606;-64.00514954246134
39208.361982902;-61.05807597076838
40839.50270422605;-64.00402538457774
39078.06025498215;-61.06669451454268
45815.84414960173;-64.00552426175588
43443.168140297406;-61.05798229094474
47929.101264229255;-64.00739785822856
45990.270780839914;-64.1089467870475
45768.46170308543;-64.00852201611215
21866.12579694587;-49.770451097182516
14683.45094107877;-46.923719215957696
28919.7380253669;-49.76475437815205
9249.235048612647;-46.93466053346066
15091.017133013731;-46.79667333916712
6888.521094660488;-46.96703236541157
4681.323739670497;-46.79088619602506
24624.443213696803;-49.90120436254847
29432.365724556203;-46.801104120635266
18740.998807453478;-49.885018446573014
22282.749015368274;-46.797035035613504
8747.475781208275;-49.8785079105382
19211.0584821518;-49.771807458856436
15629.457357692248;-49.87552391485557
21374.78211000206;-49.76674370860713
16166.53902839765;-49.875162218409194
49064.56817787332;56.17873285265464
90225.83346740814;58.25926712287132
52045.82355866802;56.17781340141272
83389.31140347949;58.25902193587348
86393.902037492;56.18271714136963
67272.42984772217;58.256324878897175
71930.99494465659;56.167944624749445
64636.25336299669;58.254976350409024
84468.39008258117;58.18583361701664
54346.11382283433;58.253995602417646
92400.25478997544;58.17381945412222
88713.28478156377;58.25344393167249
57894.486569709996;58.17394204762114
86154.89247423093;58.25344393167249
50084.24803060244;56.200860979210184
50038.99178193762;58.253260041424106
-24430.406734004486;112.14964814942383
-81224.87808427686;111.74071443032516
-57304.90776710372;112.03499383565784
-27454.849144146552;111.7453006028758
-59700.31289554849;124.72913727478145
-31623.43831279374;111.74988677542643
-52524.80867135762;124.69588752378931
-32269.029207167274;111.75447294797708
-69624.69056591808;124.58887683094106
-31740.287343449585;111.75905912052771
-84491.78223302981;112.02582149055657
-32914.62010154081;111.75905912052771
-66117.27216239853;112.12136675202821
-29964.18207748078;111.75791257739006
-29340.01350539415;112.06939012978764
-84962.09958141956;111.75753039634417
28389.47986124092;173.0001188296767
28734.301112125482;179.73915835306133
6900.570400538749;173.0243678437411
-11020.01269093142;179.73975464029243
22906.079695511107;179.5006434606248
-9402.52435752577;179.7403509275235
826.0480904354044;179.5032273719595
-9439.63819079123;179.74253731403752
-6595.3689687199585;173.0001188296767
-11918.16745595559;179.74472370055153
15834.88226298801;172.97467724115015
29036.610153996877;179.7453199877826
-12543.704245720728;173.032517102566
23353.470085602035;179.74452493814115
1666.1703161717596;179.5006434606248
22112.518460598698;179.74571751260333
11224.623951730915;100.64740032482784
81558.38925542228;108.95825394831168
940.7835745030607;100.70487172527862
78442.22556134983;108.96021042151851
6330.296223560945;108.70268963566886
84349.43153679054;108.96265601302706
96026.29212075865;108.66747311794583
87315.53919423028;108.96363424963047
11547.24443049122;108.69168447388041
69168.76249744884;108.96461248623389
22261.245446066154;100.85967766776943
44989.73312803278;108.9655907228373
24246.986997505577;100.64691120652614
23776.811416056444;108.96754719604414
-22963.14306108639;100.69973598311068
20760.685079739138;108.96754719604414
54568.59818334996;74.25075821668864
51098.24802219792;74.28518006813756
56566.427894716384;74.25079960487918
46616.987754507674;74.28517603026532
41583.118688808005;74.2839010721029
44629.912405976764;74.28517199239307
47709.79647033171;74.28381728625375
48084.54465221536;74.28519016281818
62801.89019261471;74.25093285466338
62261.276645460275;74.2852295320726
53021.21082305559;74.25091165583407
53273.93834969014;74.28523356994485
58661.04687160243;74.28389400582647
40353.398661501094;74.28520934271137
42625.87825451292;74.25105600976696
40328.58090111145;74.28522145632812
17669.32764016102;60.1308306660473
32266.675080695233;54.98052195389139
39137.02455696899;60.19309269253756
13815.12450973683;54.97853324051455
-13426.011382033088;60.18238423589304
6971.9475230653115;54.97730941689804
-46234.64738020054;55.17006163649932
-3376.4806222962507;54.97730941689804
29093.214321358944;55.19025472617184
-10018.009133498454;54.971802210623714
8956.969395061147;60.17381747057743
-6311.109499339087;54.96629500434939
12264.862471376975;60.15209460138427
24907.220791580985;54.962623533499844
-347.4630971614024;55.18245285061654
-37886.97254818348;54.96522415868494
-73597.48938814203;34.36266886652067
-86000.05988589893;34.4205563397637
-75601.83337036881;34.36276057886533
-84735.64198450423;34.420522372228646
-93186.90654040269;34.362996653233964
-71471.33444566942;34.42058351379175
-77767.24969672231;34.36266886652067
-93225.66457320818;34.420719383931974
-93669.62022170743;34.41867623669833
-95654.83686306917;34.421210214813534
-75976.32657046343;34.418049535676545
-100322.91473629147;34.365129814435505
-81240.87546802996;34.418217674975075
-79210.35722988257;34.364854677401546
-96423.95730627423;34.41842827369242
-73055.38027994057;34.36471031537756
9609.048651689867;-91.74890846245223
12877.77540528819;-91.67989090240103
7711.177624103042;-91.75403941433274
10780.87814620798;-91.67939032172976
11071.525737653832;-89.69440024239677
9835.022341992802;-91.67826401521941
10736.607321020863;-91.75034763188214
8894.940993236813;-91.6775131442125
8961.732194714767;-91.73245187288427
9359.207212155618;-91.6775131442125
11606.240313174745;-89.71029367870955
11912.671416209048;-91.6775131442125
8110.769941878929;-89.70090779112326
14938.10111312687;-91.67801372488377
10814.947433417195;-91.74409037349128
14715.592096099448;-91.67863945072286
-25194.259384084024;-78.30598683825389
-24674.380800483814;-73.9707674832166
-23695.54136164052;-78.29876714851886
-28705.593736409726;-73.9736281149984
-28003.874213254283;-73.79735870901511
-27965.965344027052;-73.97526276173086
-26975.976237763985;-78.30707660274219
-29420.794221081804;-73.97853205519579
-24188.458022207462;-78.24632223251919
-25212.707015633106;-73.98139268697759
-26087.65182624668;-73.80403351650598
-26190.634208960233;-73.98139268697759
-26016.902118437567;-73.78714216693726
-26437.14321955016;-73.98084780473343
-26850.694520210884;-78.26416712601518
-27152.343704222236;-73.9857517449308
29274.914719020493;-35.333134629908535
26177.79930633276;-37.811375922212584
20686.24735415848;-37.919689838911076
28833.10398989873;-37.81043201008449
29002.57577711629;-37.9272411359358
24874.198637408157;-37.8094880979564
25710.456801407476;-37.923308168735424
35495.417371672054;-37.80571244944403
27480.65992378479;-37.904351266829586
20156.00047406511;-37.80500451534797
36477.83570150311;-35.31488566209877
18870.901091954653;-37.81066798811651
31248.261970617114;-37.907497640589895
14541.599977444912;-37.81633146088506
21909.552438309693;-35.3452481688857
14303.67342901502;-37.82246688971765
-68193.34733187163;-133.37180799155428
-68465.9291305372;-133.03794577476302
-68442.43069961775;-119.05774182263673
-61275.40926918661;-133.04192558926783
-79190.61300217253;-118.97637672609423
-61063.92339091157;-133.0498852182774
-52254.36163921113;-118.98256754865724
-63745.09435882041;-133.0556338392288
46272.20936293565;-133.45007767681528
-63627.60220422319;-133.06005585534524
-52806.57476581812;-133.5429400152605
-59270.99311175782;-133.06403566985003
-14294.996331937422;-133.51640791856187
-52150.96854316557;-133.06536227468496
-67312.15617239237;-133.51994553145502
-52115.7208967864;-133.0666888795199
54045.33089050149;-234.1147286081007
34999.512786540196;-243.27487108341944
55853.56171534051;-234.08003876377848
34119.363552936265;-243.27834006785167
23876.427128713724;-243.57118017033844
55809.79738880772;-243.2803636421038
44169.181202934735;-243.5457409511688
55387.43690417379;-243.28065272413983
40897.97146257096;-243.46364165293954
32416.028177406006;-243.28065272413983
30805.084157889418;-234.07656977934627
56011.94689707823;-243.28094180617583
51122.8464187006;-234.103743490732
56633.678202583775;-243.28151997024787
26700.96286970313;-234.09940726019173
56416.940585469;-243.2820981343199
48607.98377696835;-321.8198513192013
46442.684561460934;-316.9153650088055
60825.66926548862;-316.77990908274506
46772.69333708218;-316.9173592636626
54526.0593665478;-316.75383036538346
55044.38170000496;-316.9215011775965
73496.65677107971;-316.77331270129474
52357.079755773244;-316.92641011262924
67282.92276170576;-321.83810642135444
49669.77781154153;-316.931319047662
73703.98570446257;-321.79607366513636
46649.400095632605;-316.9343871320575
48760.72018055513;-321.7910113258838
45501.73017149256;-316.937455216453
74711.18720923967;-316.8696505513129
58858.497995196194;-316.9417505346066
-96771.06856388478;-80.10161111256382
-95498.99037903988;-63.685999596104736
-100748.76566457869;-80.3920147403041
-98259.73828923727;-63.76458552404163
-107457.31020395902;-63.003186765288866
-102757.14296038126;-63.81350656527387
-96493.36793472663;-80.00897339618788
-98662.27338695372;-81.30121749597127
-102813.9538562521;-80.19633057537516
-99420.43721770379;-81.00404819231589
-104291.9715386288;-63.06772090478671
-101919.18224628628;-81.0633779657252
-102997.09424425679;-80.05997618385553
-107190.82225161749;-80.85572375879262
-101043.09843101482;-63.064598285133584
-101363.22035412915;-80.79379180233906
-65594.72030358287;32.99216421756389
-64953.18825104144;32.71465427735016
-87395.82716462066;32.99354682936566
-88289.3204462569;32.71228408568997
-64770.35484633931;32.9495007676805
-92873.72270691549;32.706753638482866
-94651.01845368434;39.434937697871106
-74213.08644749291;32.70912383014305
-90951.7107670255;39.406495397948845
-97982.0751132046;32.717221984982025
-74289.9669250885;32.92974917051226
-84086.736355842;32.72512262384932
-78087.47488565097;32.93508210174768
-69536.29840283288;32.730455555084745
-79754.29532427824;39.416371196532964
-72736.85206677069;32.73559097034849
46916.28393163519;97.57987388671145
-23819.259242399465;97.36597756212834
66559.42074205993;97.55374914477764
-28804.970874076338;97.36779178031819
43506.07337609341;103.50601760385078
-21869.1210209109;97.37287159124976
-8147.2761727214165;103.5285139094049
-1383.5568998535164;97.37776998036236
16852.159283432542;103.52905817486185
8152.477248629999;97.381942682199
-8501.662661569284;103.53667789125922
-628.2074121949117;97.38611538403565
26260.614295930827;103.45612660362995
-17865.566229755263;97.38865528950144
77105.96265017251;103.479530018279
-33810.93316225881;97.38992524223434
53009.83454247032;215.01318295158347
34224.622348466066;215.15088076755498
32106.225711677336;214.96350504703204
35755.483459087074;215.1520476981988
33757.35978664224;214.96467197767586
37532.757472266305;215.15271451570956
29555.768356287386;209.50193622517048
38042.346059869684;215.15304792446494
35216.560002131526;209.4827652217362
36757.89785180689;215.15138088068804
47282.82990580272;209.5379443707514
33443.47668457404;215.14904701940037
43538.44336777951;215.01168261218427
56348.56174430925;215.14838020188964
53089.03868972117;209.59212329350046
53078.14288110466;215.14954713253346
-46086.25217939114;196.47427240708677
-46879.84526728254;196.62900502210164
-47684.457898285626;196.47360545616
-46819.12154026202;196.63167282580878
-45351.569475982884;192.14229274741257
-46954.65727093951;196.63434062951595
-46483.792658736784;196.52482728733733
-46245.40785901689;196.63620809211093
-46769.23137250321;196.4764066500525
-46522.05883587146;196.63834233507666
-46246.5702580793;192.11894946497497
-46964.607406913776;196.64181047989595
-46536.193608470414;192.13482289703254
-47465.55490685179;196.64394472286168
-46677.262358684995;196.47347206597465
-47414.13037233058;196.64127691915454
15966.924858184302;113.4116489823571
-72279.59671560039;111.26049069455739
-81123.76240994656;113.39435184152903
-17369.686327123614;111.26118510532056
-67929.45771684355;113.38507198860303
1647.1424268437986;111.26118510532056
-8629.987042806504;113.39927584512242
1331.772132416474;111.25998566854781
-75807.80188450604;111.33693900675733
5731.187739677593;111.25771305150471
-80069.24298795521;111.33649710899896
-11302.750288078038;111.25518792145681
-69815.76629038695;113.37819100922252
32352.382718023757;111.25007453310984
32025.18603755541;111.33403510720227
-1676.072050684088;111.24527678601883
-8214.243497799092;18.60230394579302
-22902.68184155839;21.16166530728111
-18847.591501256742;18.591929070844124
2834.1325310978846;21.16331927285267
-5448.659193724823;18.602153585286516
-29532.976657751133;21.171889821723504
10307.175386714815;18.6056870571894
-11034.403352619203;21.181362533633365
-54913.14615227759;18.608168005546744
1690.584363144273;18.71913405934801
-50323.72309420849;21.055886690954296
-31069.97647061664;18.6993616527425
-17742.119298939768;21.05648813298032
12325.20156545648;18.690189661845647
-47822.13215188156;21.046038077778167
-18475.71623687227;18.686205108423245
-23582.163928385457;-60.828403784902974
-34739.08375900296;-64.68374243844042
-17728.842600310527;-60.76392382709865
-44309.16797864468;-64.68472126132929
-17766.640189038324;-64.84916350665948
-53086.165950594346;-64.68545537849594
-43018.08192157411;-60.81788143884762
-48327.64846444212;-64.68398714416264
-39620.94074521432;-60.831707312152915
-38737.67077704894;-64.68374243844042
-33804.09077468375;-64.83178940038204
-34652.87873207992;-64.68692361282925
-21722.787809214493;-64.83729527913192
-32227.201897583698;-64.68790243571812
-40956.455546929836;-60.829504960652955
-30641.029402199623;-64.68741302427368
-17793.618446567336;-99.47939049142191
-34462.49703708191;-104.35660513885057
25247.225798821986;-99.43746910149932
-34445.35680202738;-104.35691338436472
27137.793725334843;-104.53245920466559
-38476.74008684901;-104.35876285744953
10129.538480740914;-99.47784926385123
-36375.34726916562;-104.3593793484778
-62035.99316927807;-99.47060549426902
-24006.953653828547;-104.35876285744953
-62521.06182132081;-99.45488497304804
-19804.168018461794;-104.35999583950608
-65940.53871469629;-104.45354835304659
-21905.560836145174;-104.3593793484778
-72894.3320763125;-99.38106017241229
-30225.43093160612;-104.3584546119354
54390.05891169088;-99.07262514744032
48980.79885608043;-99.2441017536691
68615.8862973323;-99.04713128031958
50758.83557032418;-99.24835073152256
45878.69224825091;-99.04470329297475
63350.79138071459;-99.25654518881137
47104.6071535863;-104.0501509535559
59498.20809188741;-99.2656501413545
63199.980331059065;-104.03391378818733
50836.030378791926;-99.26747113186312
52792.99545703376;-99.07019716009547
43468.27157324824;-99.2656501413545
59617.32325992042;-104.04848171225632
52079.326896629995;-99.2668641350269
68881.2114999466;-104.04089425180372
63217.87316745888;-99.26443614768208
36560.62277787103;-48.004112189866824
47769.866699785016;-48.092728154516
63770.427077750195;-48.00555125254061
50160.76597225236;-48.09424295733052
56858.52002494054;-50.47642186343821
33335.00270048575;-48.09909032633697
62829.10566832734;-50.48270829511845
46049.980161031635;-48.106361379846646
40631.433362402415;-47.99358431030594
28193.427115346974;-48.12915916220511
65696.85228773185;-48.00615717366642
58856.329568296016;-50.58821431114948
24042.6660774369;-48.024107587018435
32348.947108815297;-50.576626069618435
19383.648585905194;-47.98010256525674
59651.075146524614;-50.572687582300695
-85563.98024761002;63.87826107545655
-84861.5661166818;58.759273929650085
-79287.32777284502;58.97109827324582
-86373.07117703215;58.747134998785
-49030.9329887444;58.983540677382535
-65942.96177532845;58.71633246171484
-89470.45455865467;58.96563575435653
-67621.99448401784;63.69754274220259
-81554.58536337054;63.8776541289133
-94442.94560957862;63.717116768222546
-51486.001844223996;63.938803993146166
-88697.42339210372;63.71696503158673
-83325.26996935751;63.91225008187879
-60757.8683724765;63.69860489865329
-59437.17955731948;58.95956628892399
-95119.81740847309;63.66233984269385
-9432.147072273552;11.87399183964931
-17400.51170456366;6.741384629345822
-13245.354159434415;11.868085676507512
-10478.312334770882;6.751076794501595
-16088.08940230453;6.958852585028456
-19136.381851166952;6.754711356435008
-15036.120171638006;11.910488899064013
-15082.31008498451;6.758345918368423
-6857.361693214591;6.897065032160409
-10464.044246354944;6.764403521590781
-6920.479847054581;11.90958025858066
-7591.08000260361;6.769855364490903
-18345.107524100087;11.91094321930569
-11100.546088909954;6.771066885135374
-12753.709689102221;6.9150864017469225
-18693.34561425176;6.772278405779845
35866.05122519894;69.0555168070595
29267.08819855199;66.46096433548196
50222.4791306445;69.0442278531923
17164.07821971467;66.46203220949643
34250.04194816813;66.54326691131122
9744.703573538645;66.46325263694153
46233.63473474885;66.53815637138484
14405.075816799297;66.46294753008026
26670.15198512771;69.0494909465493
19992.869890831957;66.46248986978834
28518.01671985153;69.04743147523568
22798.3984725486;66.46248986978834
32084.248324968958;69.05795766194971
27474.279442076346;66.46248986978834
31299.506775854185;69.03713411866762
34901.40845138593;66.46142199577388
80367.20509815277;58.84801708750792
61942.485884593305;59.0570107834687
51830.625712237634;48.68934386029804
88331.21611843424;59.083742535277636
58931.981548997945;58.61715195824892
83388.52642664495;59.10682904820354
68377.92059614332;48.74462998335743
75729.41939364251;59.12657409215332
64804.25656785743;48.79049923930231
91746.68162560416;59.14024373796471
64931.35623439503;58.62748013508419
72969.7340808421;59.122321313456446
77503.4062287205;48.65866309969914
66447.0873640615;59.122321313456446
53350.41321424041;48.6395255955632
72969.7340808421;59.122321313456446
-12405.123615583994;17.284235818307423
-17264.810113956977;14.009774720166373
-15968.83683603764;17.30904720294289
-9736.391282910074;13.944217053004557
-12228.516328862926;17.318458417804617
-14405.819689791271;13.93127663256968
-32758.473528713537;17.298138749353157
-16651.377074573167;13.926571025138816
-18691.319212496237;17.31418059286747
-32264.485031073447;13.920047342109662
912.9427888405553;13.79930573325862
-28208.489663576052;13.91855010338166
-12266.909217280554;13.778558282313444
-26133.567338428038;13.918977885875375
-37996.11668417557;13.8051877425472
-22995.588591760934;13.92026123335652
46008.66560881089;-76.33643137773814
101268.18708650996;-84.06726668793226
86630.60976721052;-76.18805859079949
87949.11327457408;-84.07168108489904
120653.19767765468;-84.35591920070385
76416.31081182574;-84.07119059634718
44222.39425962335;-84.36818141450043
69941.41910657778;-84.0667761993804
62376.43684596808;-84.32698037614391
78366.71122831994;-84.06039984820617
72113.393763936;-76.2741393316515
101596.4452211233;-84.05549496268755
38830.75439859939;-76.30062571345212
38394.44462800917;-84.0542687413079
87768.57130053674;-76.30258766765957
46600.897993342434;-84.05574020696348
-49552.70853789279;-70.88696571843947
-36857.68813635861;-70.9619011393064
-34836.46920658551;-72.91462639880164
-4060.0625959366043;-70.96388618356778
18862.8126309554;-72.91444030090214
3190.7559141831443;-70.9646305751658
2760.0292898414373;-70.89589841761565
-26118.440569732884;-70.96413431410045
9405.090921911717;-70.87753675819793
-66561.08319166864;-70.9646305751658
10433.964413272119;-70.88522880471076
7335.167921541681;-70.96580919519599
-63880.83730663067;-72.9172317693947
-128.7308974396874;-70.96680171732667
-66163.84061586233;-72.90904346181654
-11173.900907502451;-70.96704984785934
59600.09240724519;-43.344706700042956
108261.00360577382;-43.39100890608256
58433.76243456402;-43.34844128197192
101139.7177402367;-43.39487568560193
65417.235678951;-43.34592952775421
29955.872268265564;-44.49099200645095
45644.75119183124;-43.34887092414074
101070.08610007663;-44.47645027150632
19560.448656035165;-43.35372918558815
48141.335623403735;-44.47331057873419
67291.48732659288;-43.34916836871915
55314.8452190609;-44.47251739319176
62412.920537877995;-44.42661177992337
30849.478316986453;-44.47238519560135
87816.86392294339;-43.35363003739534
76846.97927939243;-44.472748738974964
44765.30245476107;40.076734501110515
-8875.537162126726;39.49173681995097
-35111.401700953895;40.077956904882434
-41672.0745663749;39.49146134867843
10879.870854847286;40.075512097338596
20712.34649940775;39.49158186736017
-29503.084574061748;40.07781916924616
20045.014790151865;39.49123752826948
-24548.445310711806;39.51523796289001
28687.89912690835;39.490411114451845
22043.596456491097;39.51692522443435
-25051.930871403587;39.48946418195247
51658.787809452915;39.51465258643586
54490.254064326335;39.48543541459149
-4228.109427334479;40.07761256579175
-49594.71854173501;39.476913022097115
-42631.04240594577;10.530753758682208
-16011.510054895174;10.273316319215017
-80440.16259737311;16.000040689735506
-19501.82420432524;10.273148498198415
-51198.96999315241;16.040653375753145
-53578.174640739926;10.281203906995302
-84026.41241807687;16.002893647017736
-86367.24279715492;10.291273167991411
-74343.88675916319;10.483428232000495
-40262.30346795175;10.294629588323447
11877.861726832634;10.485106442166513
-27605.771999553668;10.29395830425704
-6424.920067255167;15.97637792639465
-23328.785345679345;10.292615736124226
-42728.72236215171;16.02353563205976
10400.452389217811;10.291273167991411
4311.8139819358985;22.924613119455937
40641.42092892621;13.38453563395413
21826.519841680463;12.859911046546348
48186.78726274242;13.323247714864436
36185.12086831835;12.867265596837111
25972.325519601465;13.300877624396698
-1702.250509992904;22.913581294019792
-25338.63539202933;13.29229731572414
53385.80400011825;22.88845324719302
-38633.440323438976;13.273910939997231
-18079.06502409532;22.98590103854563
-22002.5849507746;13.25828252062936
7048.045729363766;12.923956921995078
-17870.892653884817;13.253992366293081
14690.441557769627;12.982486884725736
-32834.60489223628;13.251540849529494
-15565.846475237326;-89.7993424777913
-715.5416901019416;-90.34715759536259
-19686.912430653836;-89.79820546726394
111.36639869786086;-90.34701977590473
-26865.978110688484;-90.36708973445596
7823.028969546105;-90.34708868563366
3631.0446531690613;-90.36693468756586
9526.487999818082;-90.3470542307692
-620.5110864148264;-89.80109967587904
6098.294430985969;-90.34701977590473
1126.2081440430738;-89.8028568739668
118.45823479391402;-90.3470542307692
-4546.551549189877;-89.79315782961972
-5804.6432726297135;-90.34736432454939
-11320.673388139887;-90.36562540271618
210.65210404260506;-90.34750214400725
8163.492946886348;-97.36758505939713
15298.468242093324;-96.92091282512662
24925.03850729559;-96.90547960345228
18992.229553194717;-96.92085624136246
-8169.954095810477;-97.37037180978196
11604.706930991924;-96.92096940889078
33120.50725285491;-97.36774066474857
5496.34678617445;-96.92119574394742
29934.920441196315;-96.90747418113888
14163.031885762546;-96.92119574394742
14494.62857933835;-97.36928257232191
22860.51543986232;-96.92128061959366
11032.882292224982;-96.90439036599221
23004.241560916853;-96.92167670594277
8816.420182534064;-96.90325869070904
-871.7469916915761;-96.92212937605603
-3531.729729272207;-41.39077503307842
-28308.374536917385;-37.11298892162366
-35703.303864990405;-36.96659357469832
-28442.876707307943;-37.11027286694972
40457.20509696065;-41.38357748819248
36941.318362951395;-37.10932224781384
3974.83640022498;-36.94472933457311
11014.67999846692;-37.10986545874863
-12160.043959826675;-36.921642869844625
20720.356613849777;-37.10932224781384
-1233.0876372975254;-36.987507195687655
37075.82053334195;-37.11203830248778
-556.5417202330063;-41.39050342761103
43671.80696929504;-37.114211146226936
-656.0733263220245;-41.364700908208604
-31606.36775489393;-37.11190249975409
16126.025978881196;-43.26705987089579
90376.88775602168;-43.28822810322371
46132.35296086764;-43.265980470947056
51029.32332465304;-43.29016202813185
67347.95977636609;-43.26842411249766
30001.820364357627;-43.78625124623611
32370.674914214374;-43.758771522541295
76904.88964638108;-43.78115407981154
32639.036414304028;-43.75736230594156
55417.15925368892;-43.78068933816695
52825.08812899125;-43.269773362433575
73465.09714756843;-43.78092920482222
40692.38946839618;-43.7675566387907
43117.675174813834;-43.7811690714775
76134.91786575003;-43.75779706425425
41009.65797083861;-43.780194613190446
-39039.98077140182;49.94575325417578
-33932.54183982593;40.08285093946344
-55558.61380694176;49.81397758090624
-35151.95298876197;40.091539445393295
-56335.757465307244;40.46282826546263
-23930.137131412997;40.0955940814939
-55459.305702009464;40.37883937480732
-7229.054321695132;40.09501484776524
-16169.093256413775;49.830775359037304
-77301.31506008272;40.09646293208689
-36104.61794886826;40.449795506567845
-18221.07584321241;40.10254488623779
-66593.36090848804;49.93619589765293
-44588.532448142076;40.10717875606704
-63438.59645877849;49.97847995984492
-57029.7594544271;40.111812625896306
26370.56087322039;143.53641005892754
-12925.133033759193;143.424678601202
3705.5142485675387;147.51762923009193
-13540.152372957167;143.42371122927364
-5856.234021414457;147.4840130555814
5552.75705955115;143.42274385734527
-3077.1768297276976;143.54233521198876
16146.820206162069;143.42153464243484
3171.332264788125;147.51182499852177
26839.19905530908;143.41814884068557
-17427.99220991203;147.51666185816356
40122.74286462943;143.41573041086468
-7135.430551078447;147.504448787568
-16910.1961765553;143.4144002744632
18601.435579479737;147.49562151872175
-19424.893368089466;143.41174000166018
42442.77738571295;43.95680087590693
47206.24512818489;44.78653581319892
37142.852973444606;44.00822882996155
55832.646702057806;29.681870200459592
74344.11688392429;29.224528751902415
72262.93249043435;29.622177039503335
79262.87471502149;28.91825691838069
43558.04256765811;29.61850361421372
49927.90826040681;29.187794499006255
36737.166904595804;29.646513482047038
48198.912871741675;44.119809123133635
40943.37356348422;29.70896171197051
82542.54194560504;29.03121474603638
52572.297855705154;29.707584177486904
46188.31488217233;44.012361433412366
55664.72536220464;29.721359522322963
-32053.857317980932;3.0273304999986106
-38720.428294735364;-0.1102418186179479
-35131.40610730213;3.044107000635771
-30477.443280515647;-0.11005846888420834
-40330.90185473857;2.9960693703960315
-31926.327628478157;-0.1129003897571701
-30397.90655458903;0.03212924963074504
-37853.07159010495;-0.11885925610370252
-32051.535077807894;0.02158663994072607
-35501.029334844316;2.8962354403748947
-31634.112406703964;0.03927988924658421
-34305.84972578642;2.9112701185415304
-38009.242241741886;0.04725560266425077
-33418.75397968516;2.9156705121512774
-30234.382142404134;0.03680466784110137
-31715.58433277478;2.9201625806278937
-5017.356173805056;-20.607894010058065
-4302.290361391904;-30.16530694797688
11465.504943022479;-20.59549037672455
11736.01371076822;-30.045405159086222
28018.264966244264;-20.655579089318024
-1242.1162394517378;-30.019495347233992
25802.469633546614;-20.793948510060808
20857.820995217535;-30.00516225982637
5215.144733248853;-20.667431450058942
39459.317964854716;-30.000752079085565
14476.050841422726;-29.638290349450585
-4635.7081448924655;-29.998822625011464
1397.9654550589912;-29.605213993894544
27685.546171807648;-29.998546988715162
-3096.5342260911275;-20.68093762857766
10755.332054056926;-30.00405971464117
-26939.446912322586;63.288838424633724
-100928.41257806063;62.911795492483954
-133143.98233385116;63.20337169584467
-22339.301353568924;62.910971054585666
-109883.41803088973;72.27576114122391
-49998.3780841502;62.91316955564776
-94316.093092116;72.07322423087814
-32720.28956884946;62.92031468409958
-18608.04908155679;63.232776647550224
-12831.363809177012;62.92471168622377
-56207.43130782721;72.1957906650901
-139095.27774040867;62.92663537465312
-139565.0621490297;72.25789832009436
-129273.45769291156;62.93213162730836
-79272.59855587546;63.21876120327936
-124309.54102128762;62.93872713049465
-69270.61982270176;130.0145175370487
-54103.31287295764;134.73745140601665
127.41278066299856;134.5716117693339
-52762.6479018167;134.73619292648027
-54403.307349524664;134.58741267906842
-52772.99253893971;134.73633275753986
-63388.65915456337;134.63313743555685
-60289.40587251226;134.73675225071867
-49665.463547190186;130.01843280671744
54194.69316774022;134.73521410906307
44992.1039831185;129.99913612049295
40595.633205843056;134.7335361363479
38853.59631432968;134.61621787734555
41925.95353986099;134.73241748787112
3518.384829582741;130.02108959684978
59443.562043950944;134.73171833257314
-42688.83229137261;174.93426114541404
-44933.50810492931;174.8384137222458
-40893.81489105369;174.94143631564006
-44938.59346019337;174.83744989340948
-42879.363601932775;174.93972284215326
-38014.59974843688;174.83659315666608
-38119.81009845557;174.94347106540565
-38903.2938328053;174.83605769620146
-39266.6142144488;178.46969240916042
-39519.977914493815;174.8354151436439
-40595.700064684934;174.9189469761257
-39522.23807238895;174.8349867752722
-44049.67336003544;174.95268098539722
-39318.93686972125;174.83477259108636
-40664.5218725919;174.94625545982169
-38707.3381432968;174.83445131480758
-53844.61498849834;136.17316443310318
-43721.455617623105;136.13122045070094
-54225.03642407949;136.13220361973924
-44024.143106774725;136.13121920618318
-47346.20703601852;136.1321799739016
-44031.6415581988;136.13121173907655
-47164.49456317522;136.1732727061492
-50053.64789686937;136.13119929389885
-55174.09042598594;136.1732963519868
-50380.08048219722;136.13117440354344
-38929.1953125;136.17332497589553
-51311.88804582831;136.1311470241525
-54571.214931490715;136.13266035776084
-50143.62931395821;136.1311096886194
-46041.226539849544;136.13267778100962
-48975.370582088115;136.1310723530863
34085.16141007197;44.5450135135933
36429.121681648554;51.750027758916474
47152.53212621502;44.52514227752076
36449.90147129019;51.75171892794392
39170.49543012144;51.457666913296016
61651.63034866682;51.74601123247628
46444.46079417626;44.563193580638384
54102.33277186031;51.7434744789351
36458.21338714685;44.51647503625507
47867.876384628355;51.74601123247628
60791.866552244115;44.552200981959956
50342.74933094725;51.7434744789351
45786.26095727742;44.59722835731582
54112.72266668113;51.744320063448825
48207.62594526911;51.457032724910725
56733.054140491484;51.7536214930998
-22531.139036010885;11.922689723871006
-20542.867074486145;5.711221180745948
-24869.13165005474;5.403562826345855
-26844.197377148692;5.678722058802277
-37428.74971353133;11.84331308057828
-16462.140635371525;5.660798300639403
-34877.01174962615;11.816525925521677
-25783.296544541765;5.651344010619427
-22066.964351758248;5.422668370761226
-14917.0112069689;5.639723112469872
-18886.21833311239;5.4405921289241
-11358.175587767419;5.6381473974665415
-12627.441452504616;11.831692182428725
-8418.565627431944;5.638935254968207
-25279.50315699675;11.888417922548587
-9593.431371978666;5.638541326217373
-26051.759241684184;-57.94936059359269
-26478.934296450603;-47.73356969129448
-26277.07153544582;-57.77993015130162
-25974.632689889502;-47.77232410248014
-25502.581023483515;-47.33673733212883
-24730.22228722638;-47.83990410876259
-24802.0467302159;-47.224958080031314
-26372.29085027667;-58.311602238642195
-25539.75044603517;-57.96185168480129
-26218.42037309593;-58.22736744408161
-26186.881024842543;-57.72388038305789
-24031.218499593244;-58.199502702154724
-23738.5639579145;-47.401434778901596
-24688.242704109223;-58.20206497727444
-26314.514262575056;-47.25250253756824
-25613.37869923675;-58.199502702154724
-53802.44123875584;56.225629968981096
-37562.988302112266;54.16749485754081
-46870.21228222182;54.24202595472474
-48353.33575152783;54.166284937131984
-65970.0461051229;54.25152382993406
-47068.96081447226;54.164349064477854
-48355.33322421377;54.240090082070616
-41244.33046228866;54.15684755794311
-42064.29299986457;54.23264907155631
-54882.57459367465;54.14293347324156
-40521.744718152026;56.23046965061641
-58678.77143329226;54.124482187006905
-59932.18554371586;56.21582961366957
-63838.742749231315;54.13561345476814
-38376.45905345889;54.24868051697331
-54882.57459367465;54.14293347324156
46374.80683465894;-1.850961688447669
54140.16532912246;-1.3071428718691172
34807.615057001065;-1.8533315447123555
7588.437344360078;-1.3109820390179097
22316.913613223733;-1.856096377021157
35308.23814200185;-1.312514546069074
55664.83729193023;-1.8511196788653146
10638.81775669405;-1.313525684742007
8569.99026671151;-1.3378562090594575
60691.797876306635;-1.3144894262896463
24575.41817267862;-1.3380773956441616
5638.805826996773;-1.313525684742007
71220.42996209953;-1.8540583006335263
35597.4179364433;-1.3112506227279075
24306.968112605733;-1.8537897169235285
45514.5228583636;-1.308722776045575
37667.019515871536;8.703050355928426
22504.479488819736;10.289657399721838
-28074.775291916696;8.709339675247882
1884.5707249171246;10.283046728320368
-37385.570722652075;8.714481308560138
-9008.134577864636;10.284148506887279
7919.1823398684355;10.21886812679775
-1653.7959248133557;8.795048866265569
70404.62228570046;10.209135749456694
-44960.231084902014;8.774757777658275
58231.84785247448;10.236726121069779
-13524.729616437166;8.769799774107172
-55982.92619611099;8.706493413950026
1598.1525029588665;8.76686169792874
34780.80512536909;8.71783255170116
39281.977644297716;8.764841770556068
22361.46135742754;-133.21065331803442
26847.92012972274;-146.3092710527767
23295.278447065644;-133.15602918948466
26894.43464842677;-146.31878889335735
26620.494634583767;-146.72184875098975
26597.046741958373;-146.32747909562664
25109.63062643294;-146.67177663315246
26131.04370518786;-146.33285874465048
24434.502888767664;-146.66639698412862
25667.423584334563;-146.3361692978959
27409.33511981853;-133.12582039112
25375.278092884037;-146.3403074894527
23804.93650343953;-133.21148095634578
26462.554967590775;-146.34403186185384
26039.444417330127;-133.17713396642432
23279.55120201203;-146.34610095763225
-11421.894223263402;-288.22522251223336
-9709.261535102485;-291.16941309471457
-11320.396806130691;-288.217621251953
-10910.12056092782;-291.16922769812237
-9729.42297622942;-291.2495971208424
-10964.175019300574;-291.16885690493797
-10909.757291718326;-291.20871717226163
-9860.23621856832;-291.1682080168652
-9936.995002534466;-291.247465060032
-10524.65560273341;-291.1674664304964
-10056.873841667588;-291.27091772894573
-10500.752488748683;-291.1664467492393
-9378.468592936968;-291.2278130212585
-10431.767665865715;-291.1647781799095
-9790.197914977816;-288.22577870200996
-10385.232880129493;-291.1633877054679
-31869.826145350125;-207.88384552029893
-56057.81038253998;-208.39016812995942
-36811.88004103786;-207.8852831653401
-54369.275301513335;-208.39015215612562
-38024.92963361576;-207.87469251353693
-56048.45043197997;-208.390200077627
-38428.34350275239;-208.4064933880934
-57195.980370637764;-208.39013618229183
-81554.31570801989;-208.4078511639656
-54448.83488127346;-208.3898806009512
-74358.38571748062;-208.40687676010438
-55624.4446716113;-208.38972086261327
-53080.41010939932;-207.88437265681404
-62416.02479795793;-208.3896569672781
-25927.193534796825;-207.88536303450906
-70886.7800547712;-208.38964099344432
40498.160803099345;-169.7089052141235
21710.332155112235;-169.87421888267096
33622.26265004139;-169.70584384989112
20645.4953264956;-169.8764453293854
43898.02084843364;-169.71558455426683
26808.46617827912;-169.8820114461715
47902.33725837924;-174.2867579648597
13685.966909292794;-169.8867426454397
38644.218610818905;-174.25753585173263
3683.456108601553;-169.88729925711831
32798.380344852005;-174.307074291129
2758.5550685045237;-169.88479450456455
50039.46311736799;-169.73423104550028
7785.479163785691;-169.88368128120734
8630.890051824244;-174.27492996668923
18703.78275798393;-169.8859077279218
-8850.085491047575;-73.37167565740454
-66941.23595051805;-73.82942234539559
-29366.789763472014;-84.14027884256292
-61269.62143171864;-73.8904124370634
29663.60896025823;-84.00449563848142
73121.90364889313;-84.52547942151752
50543.82037341781;-83.94799955356808
9494.607170276126;-84.43945129221765
74201.13602946085;-73.41789972687909
-8032.758876475375;-84.38006620296215
62663.73547569296;-73.4288137432828
-47061.233626462024;-84.35149716002303
68236.00642808028;-83.99454462352509
3423.3605775008036;-84.33576813638237
70742.17367165803;-83.93451753330467
-23582.284828295233;-84.32934812673314
-54442.27721202716;70.73783607633091
-2276.540743789721;70.5435879261132
-39686.239379513994;70.76869423461396
-46944.55658521334;70.54497258706179
-49609.37668840524;77.22220329861872
-39330.27249493553;70.54695067413122
-28379.58342350798;77.26394093578364
-39240.60829227093;70.55090684827007
1053.5877431735103;70.7781890525472
-52082.3153978949;70.55684110947836
-4874.112694983174;70.78768387048046
-9496.302342343286;70.55901700525473
205.36438596639755;77.23031345560338
-17047.821490755872;70.5598082400825
-47208.16934104726;77.22062082896319
-7922.695585579562;70.56178632715192
-28460.2110435995;155.51779403125386
-36145.3233519528;151.9345152081869
-9208.723900236902;152.01019974958655
-36924.00449241996;151.93640995331234
44584.02646431624;152.0628315586266
-37770.990996085995;151.93735732587507
-13921.7939609592;155.4426358079446
-37846.88584408474;151.93630468969425
-31459.57543651006;155.4993728980898
54277.31645071642;151.93598889884
33298.46256690229;155.50221501577798
36032.194991817225;151.93683100778466
31754.761358607746;155.5053729243204
26894.455292767874;151.93704153502082
-24108.40045935125;155.4926360265327
33218.01402802362;151.93588363522196
-3636.036571665092;152.56663822578395
5633.575929813149;153.1050558122516
55909.418234833254;152.59920713032525
12369.894387121567;153.133089806034
-14084.896146227531;152.60621562877085
-9315.728779860456;153.16565871057531
14318.782802152316;152.62641659487875
31901.82627350402;153.18544741206875
3254.2101540326366;139.3028487851834
53952.70295869796;153.18709647052657
-22603.12998166982;139.1033127117911
56864.29528958727;153.17225494440646
18724.001127158226;139.18823922236714
40740.961414232486;153.14751906753966
-18359.66678615776;152.61404865644533
32769.303379257326;153.12979168911843
44805.833516166225;103.18702364248756
-50985.962147392;95.91218346187628
-48678.252598126535;103.17441337805015
-16114.369156778339;95.91838172744721
-68833.7753160573;103.09768312494796
-13531.981825273891;95.91987786051607
-43161.80713816015;96.16225141766895
-2259.7882920268457;95.91945039392496
-50161.92880067503;103.13294911871358
2665.683757667779;95.91752679426502
39122.916673024694;96.08188769854243
62.48750326644222;95.91560319460507
16495.29391494301;96.07291090012936
-61003.37762995639;95.91261092846739
-22877.269098268633;103.14534564985544
-48809.348812376964;95.90534399641871
