%sbgc_test_data;7;0;1;3000;6;200
-13.468471452707945;3.4314187784112287
-10.303095646284646;3.419803512930619
-43.92531102648165;3.926150850345702
-37.60747580022274;3.4241517146455105
-59.05384409042369;3.925187926782543
-63.84668460689597;3.4261226988138525
-25.305048121667326;3.9266924948499793
-14.073819437451029;3.4273113075871273
-37.09512579891102;3.9301830927664323
-38.23349000350613;3.4280184545788224
-11.944337835360493;3.928859072867088
-52.77303583904949;3.4285450534024253
-40.94765337179945;3.9238037241605013
-34.24577091766655;3.428695510209169
-38.52109487819203;3.4309373166296493
-14.902190363941571;3.4289813781419816
-443.3688030642819;47.49742590172863
-483.9393724513767;44.47773380636365
-350.4079794126278;47.49380092997465
-64.4514381463874;44.478730673596
-71.12634461564977;44.48616186569167
-388.4061595956215;44.479183795065246
-203.3382793988468;44.46051519053221
-289.02545081821495;44.48036191088529
-190.09934530532638;47.49951026048718
-168.999101100997;44.48172127529303
-358.45778355994423;47.49253218986075
-169.24303456000655;44.482083772468435
-315.81377977126795;44.51026792785568
48.91109298606865;44.48280876681923
-349.8757609566069;44.46984949279873
48.91109298606865;44.48280876681923
-286.0166728765115;70.03812562748843
-436.8680778752787;70.0211777919474
-265.09877809301065;70.0313192678334
-244.73102519263838;70.0211777919474
311.6499670195574;71.14402294423789
-471.789584229324;70.02127988734222
71.98815756938166;71.15140784446359
-471.789584229324;70.02127988734222
-249.0071280115011;71.1568869639859
-298.5949168407684;70.0214500463336
-260.9977204187798;71.15658067780141
-137.05325479484452;70.02165423712324
149.3831179458731;69.98748631165499
-125.41275267682943;70.02162020532496
306.49863847753556;70.04159687091249
113.27380525325475;70.02148407813186
-793.5320966055073;79.84333119276121
-766.7302732324165;79.82168290825145
-827.6530875557783;81.20322573294473
-717.6662191391631;79.82159980543183
-760.5730591071778;81.20987395851395
-769.3816915259398;79.82172445966125
-850.00075602976;81.20168833078185
-769.3816915259398;79.82172445966125
-795.7079114027702;81.2019791906505
-810.4943386637507;79.82168290825145
-870.2779829361893;81.20991550992376
-813.1457569572739;79.82172445966125
-802.5144524570351;81.20650829431953
-815.7971752507972;79.82176601107106
-770.2246773636227;79.82592115205183
-818.4485935443205;79.82180756248087
-413.1339577860467;79.71539331088589
-463.5267632985299;80.21785530627955
-82.69589225481946;79.72029655303568
-32.636593066045634;80.2179455500001
1092.1801849084898;80.20695085671328
972.8516222852832;80.21800571248046
-169.00732883080013;80.20998906197174
-669.3001650272008;80.21800571248046
-40.64074483507011;79.71521282344479
972.8516222852832;80.21800571248046
319.54608477103136;80.21370409513432
429.3363665361504;80.21802075310055
66.81499266408355;79.72142459954254
-750.8758118065086;80.21809595620101
-42.07482202702022;80.20866548740369
285.62849164979013;80.21814107806128
2972.305940137288;66.6213076482611
3944.149040903684;66.65500978786567
2659.472704248105;66.63709011363689
3103.677088561317;66.65446178559567
4127.734911368765;64.82972382697311
2650.0067000198605;66.65440698536867
3895.6964487482164;64.81991458634023
4103.099028569616;66.65451658582266
4041.9037384145895;64.83679305625601
3001.219728693431;66.65484538718466
2999.9151191363335;64.83169663514508
3785.1990532377517;66.65550298990865
3998.4572061875206;64.8149277656833
3728.706425439705;66.65561259036265
3249.702339684839;66.64037812725685
3615.7211698436117;66.65583179127066
2360.4315847607045;53.732246451314275
2275.738063213281;53.76078827086376
2032.5323471957379;53.731041629237225
2030.5778813138743;53.76128681793013
2608.8993243063414;52.379231258784316
3588.0867311200177;53.76141145469672
2707.374336046393;52.3730409660436
3325.536814323004;53.76178536499649
1072.58891214195;52.37324869398792
1505.478047719847;53.76203463852968
2290.321385562571;52.377153979341124
2969.67368029445;53.762242366474
746.39356790989;52.3651057585706
2893.750197960517;53.76245009441831
1041.4176870517144;52.36502266739287
2724.513498395044;53.76274091354036
7242.129337845503;34.50283169133017
4784.668598313471;36.558670120316094
5184.924037865245;34.462885271827304
5887.264218779207;36.56047736862433
6503.887512193993;36.52545414278875
6211.200151792331;36.561162876603326
6780.106646737643;34.475162096541915
5903.093787678736;36.56029041190279
5742.927746162179;34.46182585040523
6705.064454115958;36.56209766021104
5154.679069045684;34.46531570920735
4687.2734121449;36.56409186524082
5629.52051767737;36.51810051174142
5643.251642284742;36.566335345899326
5129.771447664869;36.51423673949622
7434.547555765424;36.567581724042945
3050.059993436434;13.692085334465713
4824.00786796754;13.742720816509184
3272.7486331120226;12.078373736667542
3102.1857297066517;13.745419412935918
1958.4975598343094;12.07366345926815
4896.140786708611;13.753956790722318
2956.38087818829;12.101140077431275
2689.1946587698335;13.758863329680018
4512.792464382455;13.692526922971906
4022.2484687509236;12.18038068159814
2076.1986767782278;12.085046629650016
2772.301416725687;12.14775219752943
4522.294203214768;13.697825985046222
1761.6375905057096;12.140196127534571
4230.082277294307;12.09152326107418
5150.07810268483;12.139460146690915
-4153.092078627304;-10.458617164693775
-2345.414784557801;-11.114611713305695
-5911.158009091058;-10.456083164284356
-3669.8224912503674;-11.11519328717015
-914.0387029761632;-10.453943803282963
-607.0561348939582;-11.115857943015245
-3875.2292239658636;-10.457100918547157
-1634.383936990842;-11.11623181192811
-983.0632088624207;-11.136586897184092
-2661.7117390877256;-11.116605680840975
-5067.666781620215;-11.13685691362116
-2330.6098124145838;-11.11646028737486
-5784.776491921477;-10.4490419664254
-2627.6897170102666;-11.116667992326452
-5015.996448378657;-11.131041174976595
-1931.4638415865238;-11.116439516879701
-1951.1527255713113;-24.96057833982612
-2710.5658569149664;-26.11202733830369
-705.6129684976781;-24.969317175148934
-2534.442091751343;-26.111776634011644
-2919.1293561418934;-24.961330452702263
-2534.442091751343;-26.111776634011644
-1927.5270028531827;-26.149131573526795
-2534.442091751343;-26.111776634011644
-1064.5883536386973;-26.14289978112446
-3645.476906462825;-26.112958525674156
-3810.491888096732;-24.94113084974297
-3469.3531412992015;-26.11270782138211
-1959.3930438703496;-24.975584782450134
-3451.255733389288;-26.1128152660787
-3110.5863718113224;-24.972110737260326
-3927.473115595106;-26.113424119359387
-5492.642431843287;-35.258075811844975
-3270.183300530903;-35.3149621307306
-1331.1486162933143;-35.25712163122288
-2513.978722781677;-35.31495140960001
-1319.1024005389409;-35.3165649397531
-5096.606170075928;-35.31492818048375
-3617.357945586705;-35.31661675855093
-4592.560018735652;-35.31492103306336
1156.7333138317126;-35.25785245495778
-5553.685615048031;-35.31494068846943
-1263.202545409098;-35.25814549919378
-2009.9325714414017;-35.31494426217962
-6291.888544535103;-35.31641484392491
-5143.572876444101;-35.31492281991845
961.1514962466699;-35.31661675855093
-5647.619027784376;-35.31492996733884
-1863.3565606249297;-32.995926152456704
-2422.401092437093;-32.9959274865588
-2030.684498456908;-32.99592643529636
-2353.716706140923;-32.995927521600876
-1896.8343515172885;-32.99600680180674
-2322.9033080838612;-32.99592754663094
-1888.098804015303;-32.99600686187888
-2292.0899100267998;-32.99592757166099
-2139.5381660485873;-32.99592509869126
-2360.77429632297;-32.995927536618915
-2290.249241694018;-32.995925266392646
-2384.530104197985;-32.99592749657082
-2429.0112273338227;-32.99600719227565
-2233.046151241552;-32.995927536618915
-2274.4764428865915;-32.996007625295654
-2095.677378649212;-32.99592760670308
2848.6494325591307;-24.07120460997816
4595.295101417119;-22.511960079633063
4574.039924290254;-22.45787996530831
2845.4045945943853;-22.512598048313844
4028.3117631001896;-22.457585518224874
3855.531583766394;-22.514217507272754
2942.7199643811146;-24.067278648865656
2951.233942894117;-22.517014754565412
3610.501663694639;-24.063892507406123
3575.0763684831954;-22.51878143706604
4240.982610991408;-22.46313093829629
2899.882149415344;-22.519762927344164
4199.75233043019;-22.457291071141437
4508.369166948704;-22.52525927290167
3356.3921511527233;-24.071155535464257
2976.6270326549243;-22.53973625450403
-11638.209024251724;1.3330148018999584
-9968.46208623577;0.820046045813143
-10378.395777859583;0.8411714750500868
-7632.049431223201;0.8217011720354106
-8662.467320100539;0.8434435119551997
-13684.27136873846;0.8221074302899672
-13315.866147009569;0.8395915818379223
-14100.13769891869;0.8222278031061322
-12945.483379095203;1.3323377048090306
-14261.714854896409;0.8224083623303795
-11234.324297430532;0.840539517765221
-14261.714854896409;0.8224083623303795
-9435.804204866463;1.3294186640170311
-11420.678943849758;0.8215807992192458
-10688.637876486348;1.3345044154999992
-12609.533180057299;0.8227393875748331
-679.7665297702397;17.412306733835305
-1398.644874173437;17.373452600773724
4507.573980216108;17.41276384128309
4732.9645339714825;17.37386815299898
4877.768521021025;17.41978667388994
-1789.4057783564042;17.373618821663825
2146.1147566291925;18.777104907248727
-1752.9949207432223;17.373743487331403
2610.5368194417097;18.78699505020986
4415.025345014879;17.37428370522424
4680.814112548567;18.781634426504034
3351.9752053055236;17.37515636489728
564.1836633256448;18.770663847757238
2643.275112165954;17.37573813801264
-961.819513240652;17.41845690676912
4097.086156058276;17.374699257449496
11770.41847510691;24.05916065133174
11689.96327507179;24.504145093653516
9011.173209588726;24.060074894022314
10551.49590202581;24.50434384206451
11281.482233324854;24.49162394376089
10196.336149713912;24.504436591322975
10068.133680638342;24.055132683535593
11334.803522759894;24.50423784291198
6012.876088279915;24.057265916480265
6719.409465843231;24.503853595984058
11296.521571370635;24.059770146458792
5653.8250387114185;24.504131843759453
7699.911204310453;24.05415219137469
11444.285696925332;24.50435709195858
6110.368860087178;24.490696451176248
11407.791638870185;24.50431734227638
8738.04519585611;19.02306874222499
10116.961554605721;20.68830112257384
11267.04014280755;19.02036998332116
10116.961554605721;20.68830112257384
8378.196724279096;20.630989297125293
12442.25784579021;20.68903714772943
9480.726472524042;19.04470788179931
10166.808827913992;20.68844832760496
10505.971399328497;19.02257805878793
11671.133456398826;20.690312924665786
10325.113424990988;20.648997379265374
8660.760374415619;20.6920793850392
9280.762770953103;19.0338637778403
15064.770299726335;20.693796777068908
7296.783832450045;20.64821228576608
14194.095015802866;20.694778143943026
12748.088083362501;4.044440141625919
12310.271290653993;4.116717326923762
12579.908161624;2.4503675559022025
12730.820773079146;2.5100342614841287
12772.547550415744;2.4335862949572857
12643.840147921785;4.111516117391127
12426.235234137766;2.4243124402245684
11815.254615745738;4.1060204997717396
12715.807720887846;4.052291023939331
12777.684805251378;4.10724720013321
12566.950011366953;4.043066237221072
12316.389991189568;4.11598130670688
12762.671753060076;2.4243124402245684
12636.141933212864;2.5128311383082815
12061.919523301478;2.4400632728658502
11896.101205278463;2.505274664081623
-5602.784993700378;-2.38481410222687
-1854.4908619668008;-3.2843439563184322
-5908.425992199138;-2.3950842581378984
-5047.983335212737;-3.284117616794222
-7100.788694074309;-2.4002051898731493
-1244.87581940447;-3.2892951334105254
-6856.33472896125;-2.402072490947882
-1496.2917706880176;-3.290709755436838
-5043.080528050422;-3.320586572632557
-5799.58367319573;-3.2915302362120995
-1827.3293102875718;-3.326386522940438
-3812.7700987389267;-3.2927185187142016
-7036.267751818235;-3.3238402032930754
-6666.007754920156;-3.291643405974204
-7054.408138318803;-2.3957632767105284
-3093.1360634542325;-3.290596585674733
2259.077842253014;-8.990276606325141
7857.996726029291;-9.466136651366988
-589.4757222127773;-8.990141256460866
-276.4616031030291;-9.466542700959812
-625.2800345385185;-8.987780153272965
7749.645684798993;-9.466226884609839
6250.398737674426;-9.481641730263332
5643.288935225299;-9.46541478542419
622.2422713439428;-9.481040175311001
3531.3035601331467;-9.464993696957558
1741.7133466815058;-8.988351630477679
2264.8628184803165;-9.462497243905382
-1202.6832023069;-9.48490516587973
3709.543368217619;-8.96726712939846
6264.001249344031;-9.487251230193824
7390.820807997357;-9.45189483787054
9427.624955012021;-0.6437515545455988
10131.55448591839;-0.640793454662708
8739.531608102596;-0.6432965994972653
15454.742757341519;-0.6410664276917082
6844.319559905062;-0.5857314048522261
10188.430921400368;-0.6412751717727083
2090.3417329917725;-0.6431949036629319
1596.9665357912377;-0.6411770442132638
3025.1226785014655;-0.6438586027922656
14280.85773796249;-0.6405276181834856
14362.492151242506;-0.5854477269985592
6300.75927257337;-0.582716212571113
7851.59008004865;-0.5854102601122259
12301.111693499584;-0.5829392297516687
4170.904047407047;-0.6435499470143765
8669.049437073947;-0.5829463663014465
-19418.257769404525;8.66881006141714
-10874.244417795057;7.378280162884041
-12836.012841318532;8.661860499241007
-19548.808906207083;7.377254817644939
-11274.401158952318;7.4321297758116796
-12329.31436782815;7.374976272669158
-13171.477575988705;7.431674066816523
-20541.03089230161;7.374862345420369
-11331.090030616264;7.430876576075
-18400.692523036705;7.346342557473502
-12684.620207580701;7.428901837095989
-20539.53030452227;8.615150327237483
-13692.348267395073;7.42293964440936
-20539.53030452227;8.615150327237483
-14224.39000115875;7.41971170569367
-10826.55907280715;8.611884412772197
-21764.049780546884;3.981797207033761
-19921.55130012427;3.8844636010305815
-18462.27262837206;4.0036095804511405
-24536.23413392166;3.88829994811404
-21331.452379025104;3.999882843284352
-20334.48047807841;3.8911498059474665
-18403.164440703014;7.606377931485502
-24536.23413392166;3.88829994811404
-20723.186685954523;7.626436546236158
-20908.06798749027;3.885559700197284
-23162.667510137868;7.58325023906808
-18678.209019751437;3.879750374613761
-19318.254421428668;3.984427845033847
-20875.66717708675;3.8671452341966823
-20928.35731285478;4.013584082868133
-23576.424823821173;3.844346371529271
19786.995446244982;1.8186024534337402
20143.340326621965;1.8185590568575312
19930.393980843914;1.818602302773164
19272.207775138668;1.8186006632315999
19546.669829246555;1.8185613838671022
18356.038075536173;1.818600856938055
19046.83079399863;1.8186030320209947
19600.759029783203;1.8186005796719527
20012.436174233033;1.818603091525592
19380.54554333199;1.818559424013557
20252.729917807454;1.8186027015805715
18328.0850826837;1.8185596772246093
19349.054600414955;1.8185613015735103
18802.871606663623;1.8185596974814935
19377.96379598758;1.8185613674083838
19321.898443162612;1.8185597025457145
-7315.336741755114;4.688485429092465
-5004.921425209624;1.8112729660056823
-9632.01187126804;4.678789301929531
4312.946259706317;1.8173443727338743
2479.3653918105724;4.688032339038122
-5382.959695286392;1.8101855498752597
2675.5969200505656;4.662387441962327
-11812.33194440338;1.8037516711035941
-586.5821333260692;1.6837734247136567
-195.47990575204767;1.8119979100926304
-5284.163516713414;1.7045249492025514
-10301.26752722108;1.8081013356252837
2985.0494132667536;4.673624075310025
4769.096108985412;1.798586444484088
2524.000579926188;4.667099578527491
-9580.028207060219;1.7955960501254262
-4818.009063456665;-9.727324152820827
-3137.2106302151747;-9.754383035686509
-8356.767451249381;-9.734634798366994
-575.0766288269995;-9.754079216650823
-126.84077976566867;-10.350381040251513
-575.0766288269995;-9.754079216650823
-10674.659355297921;-10.354748438889482
-8361.927495559374;-9.753300680371881
-10134.402716041728;-10.3546345067511
-65.26425099976059;-9.751838551262647
-6152.568523497673;-10.350438006320704
-8894.96007278158;-9.751439788778312
-8514.148802704147;-9.737426135757348
-7673.5775846064025;-9.751230913191279
-3999.626035891887;-9.733609409121557
-7673.5775846064025;-9.751230913191279
14215.485168391837;-20.038035793445893
15745.560955924358;-20.06174532267799
14917.436786734152;-20.034233125742585
15028.442754846244;-20.0625557272705
14596.878002496796;-20.04038388880367
14462.4393046602;-20.06403107922096
15485.860181400947;-20.719149684041597
14997.798111372174;-20.064529789739428
15545.328520026937;-20.037973454631086
15671.764629184612;-20.065735006825722
15136.549581550702;-20.71933670048602
15105.761178998568;-20.067210358776187
14698.323991917601;-20.72345106226337
14393.5068267283;-20.06760517126997
15549.04229621027;-20.03442014218701
15183.391081153366;-20.06745971403542
21909.853036888235;-4.2444626971363935
678.7002355952933;-3.3605917038710755
9181.367268612756;-4.257877838052428
15683.532711539317;-3.356912445813935
4742.152181076044;-3.3158745674842933
10367.893809292786;-3.3564596140530565
4190.105095833335;-3.319695335466708
20503.863692443327;-3.357704901395473
7036.698243203138;-3.3230349697031896
13291.209725458439;-3.3601388721101966
10954.19850292806;-4.249019316730237
16166.70772990947;-3.3659124770614013
18167.20932000037;-4.242198538332
17719.36246028505;-4.292802487610206
4119.448778523667;-3.3159594734394577
12086.48383031986;-4.288642095807132
-12319.841805994789;4.143528112679903
7819.148590420384;2.871426243703024
10236.320982163721;4.149095116286791
-11786.893702496629;4.212783299341707
12807.526918383373;2.7865917559025415
-8629.803069974292;4.206925482113564
-6252.03460821327;2.778698243325611
-11637.636391957562;4.203144905037245
-2002.3804625449666;2.7862178526752133
13342.067099860615;4.204183525113157
12095.868061733105;4.146851696922821
12789.616041118683;4.204682062749595
13199.974140227423;2.7887105408574016
7574.764620631086;4.202937181022063
2097.220333594727;2.78260345481104
11091.664876426265;4.202771001809917
18679.223380528143;6.572254001091975
30574.5258729009;3.8600836193302888
24576.134946724338;6.652330918653616
17595.676013163848;3.8439811956901755
31081.922672802713;3.7151618065692746
22484.699379791764;3.844329356201314
24408.90416711173;3.702279867657184
27374.022981212518;3.8446775167124514
27336.793866900196;3.7088949173687977
32609.817533572146;6.7148257304028105
20189.104153727098;6.60524220952226
19414.798622989354;6.692978658328928
25102.146303782316;6.553018132851625
19754.664408485718;6.697678825229286
24962.236890318265;6.562331426524555
32657.254630841075;3.887762379965726
13801.726990057165;-10.648405369671204
11842.014444613196;-10.552928714366269
14708.60879994664;-10.65043084370474
14993.481723734292;-10.543709315317072
15618.094677804413;-8.325815248595612
15649.827971185521;-8.243608940406943
14446.627450391925;-10.635623930080273
12742.053006120868;-8.26072070379371
13690.660463223288;-10.643865514078797
14871.938365307036;-8.263444617149155
14821.492118386304;-8.354521104726064
14546.974906751648;-8.265260559386117
12680.16097208367;-8.367442232181379
15082.141154096777;-8.26553993511488
13463.137594458363;-8.325256497138085
11815.852645489842;-8.2607905477259
2831.8607870100705;9.136846023690483
4139.589810292147;7.975468657627735
-474.67257258189693;9.139874697670194
5958.552190808755;7.977748670623697
5847.719357587313;9.136233482885597
5372.651208973319;7.979994653574944
2944.1697511956163;9.13112897617822
3167.5575704299545;7.980879434737556
3538.4354751609735;9.136505723243324
6203.466919936271;7.979518232948922
2341.78530692769;7.992449649940947
1220.540828777363;7.978293151339151
3266.089312283867;8.021885638620162
5141.14466943641;7.975400597538304
-936.5785534326349;8.017597852985965
-829.0670148804259;7.966620846001613
8844.306660744045;-9.775800196445687
2254.8244981739263;-9.693778427838952
7319.66197948134;-7.753343140416453
-499.1102232819394;-9.693173101133366
5711.816319783374;-7.7981978493002835
9149.023619981464;-9.694565352556213
793.5962739351253;-7.799469035382011
2467.331455833413;-9.697531453413578
-1224.7782050485002;-9.735303839842066
-780.3330633433725;-9.700073825577032
3450.1982159476165;-9.757519329937027
1254.6462818247855;-9.70061861961206
-952.917683154943;-9.776284457810155
8097.794272490517;-9.698378910801395
-1351.081176558504;-9.780279614067014
1764.6276507050334;-9.695231211932356
-10265.147806565581;-5.5482787612622015
-9611.306296814917;-5.586854867722425
-10059.43925237043;-5.550203321232337
-10101.15986161525;-5.586317123024887
-10468.004644476054;-6.469237311677231
-9890.860044201769;-5.583883120709715
-9955.251797909768;-6.468444845807175
-10111.597143217166;-5.5818170489770695
-9894.838188418893;-5.552693928252513
-10315.138393035963;-5.579637767834416
-10374.995917851325;-6.472718501034977
-10266.987163569196;-5.579439651366902
-10420.865774290349;-6.484265860855793
-10320.086120789876;-5.57955286077691
-9850.608068843558;-5.540071079036622
-9593.098088337256;-5.580062303121945
3018.164168947831;-8.07849237311802
2657.601732652239;-8.150341338923894
3351.714772894679;-8.109165599640336
3682.6097191667914;-8.151715499472093
-168.54916480186603;-9.699167508232323
1527.353826284576;-8.149556104324923
2261.4534835151844;-8.093068290361426
1360.8820280454077;-8.14729855485288
853.8031640379497;-8.081437002864163
-229.17403571941185;-8.145531777005194
708.1213715952863;-8.086541027757477
3613.1073640222703;-8.144795619568658
1200.3285526242223;-9.702946449739873
1970.3934023641132;-8.143323304695588
66.43860144549251;-9.687928838034546
3759.775543601264;-8.14101667806111
23174.892612279502;-27.127075344241344
25365.783417171813;-30.783607752448955
23154.130888641772;-27.097895975730225
21771.22818200762;-30.78233908425282
24569.696943928913;-30.897903223573536
23156.841814339692;-30.778187079247285
24781.34750878361;-30.92754392597416
23872.592318729592;-30.776457077161645
24884.957766555337;-27.126844677296592
25281.149639285522;-30.77265107257324
24716.94649342326;-27.13584068814192
23486.78130781827;-30.7680377336782
25340.723884500792;-30.90274722941333
24425.819521522226;-30.76550039728593
24125.964691276666;-27.139877359675076
25364.85773522618;-30.762963060893657
10125.058635295707;-8.924848306334393
12313.678186430421;-7.070971874764787
18813.197705282277;-6.97362206500054
10744.414520814102;-8.990237768173625
18624.760249808307;-6.96639573633367
10497.358433515907;-8.978252637701745
26483.66013789121;-6.974327072675356
14033.634627516825;-8.9735525865363
15625.2019676809;-8.901700554344584
20991.809197325052;-8.971026309034874
13426.288412908758;-8.908691880453182
19728.506195376638;-8.97090880775574
21227.71344734937;-6.987898470415574
14602.664273030032;-8.972436324384509
16375.80639957646;-8.899938035157543
28216.198138978907;-8.973905090373709
11376.179129121549;22.63808553200724
14040.799796186127;22.59291924445685
14335.467532426213;23.97969463267594
14910.346445821539;22.59445664338911
23496.00461040351;24.00998554677367
19851.413789204365;22.595453875128953
13083.898619314616;24.00711850552162
17417.175308406826;22.597032825383703
16631.59973600893;22.6364234791075
12225.732665128979;22.59807160844604
16034.267018077568;22.638833455812122
10614.287706713725;22.5976976465436
5923.595663225922;22.637545364814823
25724.4678140146;22.59686662009373
14039.569450732099;23.99976392144028
12728.636369463573;22.596492658191288
-33678.69701641038;43.65612835252085
-27766.75823475219;43.707089344531894
-34818.252908080154;43.64905891350934
-26437.231065172276;43.707699655813464
-35437.35815998184;43.64463415671796
-24095.882625693343;43.70851340418889
-31583.849219369906;43.643820408342535
-25666.74669768269;43.70958144893164
-19414.544625690483;43.65114414372137
-20889.20006766526;43.7110563678621
-23942.872855359434;41.981993647902605
-20889.20006766526;43.7110563678621
-27232.71880543401;41.97583967581345
-26867.45214232784;43.709683167478566
-30811.734197134312;41.984231455935024
-26120.068717073387;43.708106530001174
-10422.108405709489;38.826994111708416
-9209.220428354103;38.85418652613562
-10025.277369276468;38.82127832844692
-8879.77484692464;38.85534666036197
-7586.345684900323;38.82509828260683
-10200.72057328722;38.85698782585289
-9573.111927915043;37.89631179857069
-9113.565218382586;38.85783670455509
-10491.853858019429;38.82198572736542
-9640.89908458777;38.8585441034736
-10225.826927610453;38.8281825418915
-10014.88333858665;38.858317735819675
-7698.320025181943;37.89481211286347
-9266.914830588892;38.858770471127514
-9960.653613248467;38.84221733643457
-9266.914830588892;38.858770471127514
12259.999905225723;14.503798859234452
13849.628477143067;15.143272308920993
14715.349069429847;15.121214299940206
12019.599583401483;15.142588928264102
15413.322106967495;15.122694958030138
13903.070176001198;15.142342151915779
16210.232145822563;14.495636256943799
12019.599583401483;15.142588928264102
10724.686262540008;14.49890129786006
12988.09939064908;15.142000461587333
13230.770111444417;14.500362973153967
12042.740188299204;15.141715719646962
13979.565156719698;14.500514835522166
11687.248103247814;15.141696736850937
14796.035555941144;15.121555990268652
11982.138000378382;15.141829616423111
-11197.40947718336;13.66079208978703
-10416.232957617896;13.720647254272343
-13397.236848847067;13.649095668519722
-11565.850453879379;13.727359982999669
-12766.90680118097;13.64665467625524
-13755.539745113223;13.745311446944712
-11730.373128237823;13.671725700971688
-13507.46295821873;12.079944474502039
-13998.445430580405;13.652248616861344
-12750.849170433;12.061891302545977
-12024.98982797813;12.002086992066173
-13330.692938374546;12.065095104893109
-11319.47468719124;11.981491119834608
-13828.003205903853;13.738751280233917
-13907.338788328148;11.98306759400542
-11064.729901087841;13.721155794327444
11611.474143237552;11.839279028000487
-15266.420440078695;11.860074484676089
-3224.908026272622;11.840616824894905
-6509.19710757846;11.861836138012302
-1352.8526793165074;11.844789161743831
-4192.647535102842;11.866909169800046
-384.58463989708616;11.406879229799824
-9805.113861846761;11.860961934101098
12251.524686762074;11.405514941877794
10641.620512050518;11.859531418610038
842.1348576424789;11.405448714308763
-8307.25817204619;11.85884265189212
-18207.16463840275;11.84359706550128
15254.635494612055;11.858379058908906
-8248.591276644685;11.84465670660577
-11510.153542614808;11.858577741615997
9669.935341769158;8.400701432820807
9527.575661882096;6.296200585284529
23574.240993820953;6.160981727271447
13091.415031671298;6.273471295613483
14632.114147868378;6.151590583634906
13541.965559772647;8.508223222282643
12718.42246537222;6.161526141395305
22978.77953708905;8.494612869186208
20296.141483303276;8.41893930597003
22372.60283563446;8.495225335075547
24776.1342768818;8.405056745811665
13771.833071561614;8.52094890242781
13081.975411320363;8.384300957339601
16112.093543970259;6.2616302884195845
20882.928694307295;8.375726434888847
23681.648565922125;6.249380970632792
-5194.913551374573;-16.107657341109125
-27754.25032884886;-16.1049564795349
-20542.314739593665;-16.10595567319472
-3679.4587249676697;-16.104868893686366
-28324.534883431217;-16.10710143909087
-4121.174663449985;-16.104879618484144
-31224.966485252407;-16.107598354721336
4918.09011799934;-16.10491894274267
-13200.53757764338;-16.04865307865695
1061.0316349981495;-16.104883193416736
-30542.661750305662;-16.048662015988434
-194.10356772104933;-16.105063727512697
-11874.75328389891;-16.048304522729108
1008.2039363035783;-16.10525319894014
-7106.894357139521;-16.04871742744363
-27365.36208906112;-16.105315760260524
-3857.0518248772223;-38.04482589770809
3203.851638162955;-40.85334841053301
485.8448607590026;-38.036209163024886
-1813.4094433790451;-40.85246008736979
-595.6191119393889;-40.95328476639485
2416.967876310806;-40.85334841053301
2286.90651567346;-38.01435641320976
-2600.2932052311944;-40.85246008736979
608.8894235199596;-37.99969908101669
1060.5957868124751;-40.85201592578819
661.3901076307957;-40.95843704074151
1950.3508175309644;-40.852993081267726
-3275.2841009473614;-40.945822851823834
2460.572263114078;-40.85308191358405
-3574.500410390503;-38.01808737049527
-2280.0265021588866;-40.85210475810451
27416.715189884737;-43.709723348929266
27832.883613372447;-43.672019953955754
25001.114747449796;-43.71700541257938
28075.420578797835;-43.67174772727725
25779.46041710577;-43.75069346404488
26634.982860131524;-43.67065882056321
26247.60104747035;-43.75178237075892
25558.480845760885;-43.66916157383141
25955.306229847054;-43.74055302027042
24019.439215801864;-43.66841295046551
24248.75518123226;-41.52149725040365
24019.439215801864;-43.66841295046551
27198.080229376403;-41.531161297490726
28022.536578817864;-43.66841295046551
24489.794200845412;-41.51544020680682
25293.3444369943;-43.66922963050104
3552.2278102346563;-29.60521271634292
-15365.069409275806;-29.767760427265827
1657.9136739999703;-29.631888490988242
-5232.011738837378;-29.783716030792004
57.422828345782364;-29.593744626308478
-785.5884975082117;-29.844422116083
3676.8334989101554;-29.59386927946103
-7584.751742051061;-33.875331110035596
-8406.841618942255;-33.684736439789326
-1281.5499052734076;-33.86461093891644
-14414.681823303912;-33.68959791273871
-15030.633894238108;-33.87059429023876
3570.072575526456;-29.61418774332639
1195.7957866157735;-29.83008700353995
-1243.0913593859086;-29.612816558648362
-882.8117015118114;-29.79518412082644
-24089.872522440568;-7.8096151547948995
-25066.003160276967;-7.989528445593296
-10350.994931645617;-7.994877281014919
-24817.49447991803;-7.989562806420415
-12247.037384816469;-7.995484322294032
-20669.834473293293;-7.989992316759411
-8951.969839192638;-7.810119113592654
-2039.5612431567279;-7.990146940481449
-8777.225983263012;-7.995805023347149
-10504.253887256027;-7.990427553902927
-7285.099656093429;-7.9979124874104865
-20675.563780045086;-7.990679533301804
-19176.63390110775;-7.997242451281654
-23466.810413183288;-7.990708167324403
-3524.167855214586;-7.8095006187045
-2152.3569698326173;-7.990736801347003
40812.11225229342;-44.0662080394151
32629.21018031909;-43.977381718665505
42035.345775844886;-41.130498138641016
33727.123565600254;-43.97818115555226
41291.17886782171;-41.17517777797806
39459.99597784523;-43.97755937130701
32803.14950266751;-41.16318622467686
37263.9596418343;-43.975960497533514
40377.263946422376;-41.15687955590364
34287.71114063883;-43.974006318477024
42045.19535192967;-44.072870013471324
40900.3393061593;-43.96938734979804
36059.58700865796;-44.09099058290424
33532.437263839194;-43.964235423194566
41446.047734346386;-44.06531977620761
36827.43481237435;-43.95028969083688
39350.48440611457;3.402808266648746
41637.53246096492;0.24630763319576454
37720.468876842555;3.406612285518608
41944.98034226508;0.25753412790925956
42002.46692604221;0.354768561460852
37554.5553726167;0.26356488953221135
40140.39822351279;3.422385046686329
41599.60937428472;0.26987399399929934
40967.70841805399;3.413570856622014
38131.22707165842;0.2726574224406617
41242.876529144225;3.357995068742812
37255.53484391213;0.2758119746742058
40011.881096429905;0.36144878972012173
38324.15325072195;0.27785315553120493
41647.91616327021;0.3766648651995692
38972.457446826265;0.27933765069993144
-46315.32373814308;62.66128581344479
-43914.14354446499;62.62774137927174
-36853.330457460535;62.67051324679337
-49941.231766621146;62.62766900724548
-46741.407286496804;62.65705204990839
-43184.76407129791;62.627017659009105
-49944.38016722474;63.85549661881589
-45790.24048192064;62.62672817090406
-45534.52038845056;63.85538806077649
-30601.306503291707;62.62734333312729
-44262.21672230731;62.66085158128721
-45421.17796672099;62.627451891166686
-32836.67093184692;62.67015138666205
-30358.529834525303;62.627126217048506
-38373.30830442022;62.66548339096806
-47380.532609027374;62.62618538070708
-21037.83062549116;47.43716525964553
-20230.041000544566;47.527063210315326
-18661.197290480894;44.54168729316138
-18668.549431521235;47.52759620211772
-20899.171825168996;47.52928400949195
-18588.44978966071;47.527773866051845
-21042.30210308294;47.42170849737622
-21260.974555311936;47.52830685785424
-20959.49377768124;47.43787591538205
-19314.119008835107;47.52999466522847
-19035.2535890244;44.50713165797309
-19047.980102170248;47.53292612014162
-21089.25261779668;44.51770266205383
-20934.857655949585;47.53550224718651
-18648.728747196114;47.41495726787928
-20964.696169879375;47.536035238988894
-43061.45718378294;22.082214344874632
-27296.02547198782;22.79020986051458
-26330.76824834008;22.76317983539947
-29279.547265124304;22.790417623966654
-17371.872389534918;22.759793291130627
-55035.88205043136;22.792786127320323
-46557.97877425745;22.762888966566564
-54989.41882136086;22.79787633189619
-23207.915725460734;22.089361407626054
-42893.927794458315;22.116869288680938
-22796.29078059671;22.086390390261364
-16088.571090841204;22.113545073447717
-57322.39645004168;22.08094698781697
-54030.70571448361;22.11300488847232
-51119.882574968244;22.08433353208581
-21033.9601343029;22.115435720861612
10562.494555746765;-1.8384499142981756
18536.66771525861;-2.6118736288991142
11338.588706488474;-1.8369422175517018
14969.28203237209;-2.6135543400263312
7208.628286968644;-1.8332594828758888
12226.910042543219;-2.61330717662527
3338.8047277641663;-2.6493188841598974
4079.2163888165996;-2.6118736288991142
12491.075571049294;-2.644721644900158
7105.0339620643;-2.608339192263938
17017.284283328238;-2.647638173032681
19567.71901007045;-2.5861686351887423
15058.776018608898;-2.6415826697066795
14670.009538203987;-1.7951221700921343
11307.798171030792;-1.8406002358874087
13072.642600581734;-1.7939357857670402
12874.051923667486;0.28227840227323586
11247.411072103318;0.28865474110887773
12598.013371771356;0.2814358401426583
11647.556248831714;0.4064385006422817
12219.21055488611;0.28189996335017986
11947.825600249012;0.4048604817367085
10974.934929143412;0.28262470958961733
12402.305536698388;0.4047105342388939
12161.088729809502;0.282981727441557
12227.87587392017;0.405171087267896
10954.715851397272;0.40097255732908593
12569.225256313755;0.28782645969237775
12739.739478639547;0.39863052022036194
13021.940035182119;0.2868339500639856
11293.016325241835;0.3987697571826184
10952.533474751655;0.286441230426852
11164.909152253626;-46.73562588599886
14290.778636286364;-48.71368510430539
14348.10241871705;-48.779674416055215
12971.15251194454;-48.7125011600908
11210.260245948786;-48.79132691964088
14470.368967319206;-48.711130277316016
15742.557847655893;-48.75985892867425
12981.946072243987;-48.70982170739463
12367.166646112371;-46.70409558217883
15769.405695123429;-48.70982170739463
13641.169570196864;-46.73930234434942
15906.81950901977;-48.71013327166163
14366.787069319456;-46.743103428406776
13288.156656873722;-48.71025789736843
12643.89901984025;-46.7407355399776
11007.359452756631;-48.710631774488824
-23708.019614386114;-40.19329569212928
-32107.98699428684;-39.111629363669536
-26031.89019455192;-40.18859886215768
-21086.63700192541;-39.11326304365966
-26479.089131706085;-40.19135569714101
-27761.481421097375;-39.11414795365431
-10071.617052804293;-39.0724550789064
-13935.549917790766;-39.11561145864546
-13471.967339308721;-39.067690178935216
-17837.090686734417;-39.11622408864176
-16016.27236643145;-40.19067499714513
-31254.54822329821;-39.11751741863394
-25927.63065882905;-40.18325536718999
-9108.333413821929;-39.11816408363003
-11779.239305750998;-39.071876483909904
-27964.41516027224;-39.117653558633116
8172.190070178565;-14.025688935138193
8103.6063675484165;-13.78646570950711
-3616.3568403394374;-13.778264114315155
-2214.1093299375134;-13.786533429100439
7278.949316646167;-13.775720867365722
2114.927032464184;-13.786804307473751
4730.610293617567;-14.023017773401364
5946.524973379754;-13.787331015421858
-2891.270104701436;-13.777504149990028
1685.0394265204004;-13.786939746660407
5415.827587666356;-13.776826954056746
7816.6703345566275;-13.786556002298214
993.005077692108;-14.025545971552278
410.45676017097867;-13.786164733536763
-639.1630984548574;-13.776104611727915
5757.919791146849;-13.785856233167157
-290.26235621132764;-24.692274922501213
3267.9904131049807;-25.58704000947371
-11049.02616726742;-25.611092834392327
45.484228338295;-25.587690850618568
-914.1065022366729;-24.693406820144443
-4796.53788518293;-25.58851147640991
-6771.906633657004;-24.695868697518463
-9125.437860052843;-25.589275507319087
-9756.167703054187;-25.619468876952222
-11402.950991833675;-25.589813158699624
2301.2385576749766;-24.681804869301345
-1912.5325637562655;-25.5896999689353
-11780.011758239281;-25.618167194662508
-8934.290911999164;-25.589445291965575
-9295.101433541415;-25.602518709744867
1581.8209376227896;-25.589218912436927
14216.085549730149;-49.600126256758514
15012.932976495264;-49.837517630451096
13277.37812436221;-49.598606542697354
13712.66806999158;-49.837510107114156
14687.88648553971;-49.59930621303244
15206.026775372564;-49.83742735040786
15424.342760979749;-49.84089560873556
14539.868957782171;-49.83723926698445
15097.283231646692;-49.846064141210896
15430.421347452992;-49.83695338018086
14299.172721978048;-49.598945092859495
14644.981138160392;-49.83638912991063
13545.230642592252;-49.59981027660719
14947.37107953386;-49.83553146949987
14151.66832165007;-49.84484536062719
14047.108740042144;-49.83195788445506
-52222.47721951225;26.690794857419924
-59114.3179361095;18.217315602579774
-49514.71718288646;26.778049213803968
-44752.00065093239;18.222093218635386
-43596.64707686325;26.70462479863353
-51007.66161866479;18.228128102074052
-36262.997107536736;18.546216749987067
-30167.180297810584;18.22762519512083
-43122.22961590072;18.555520528621678
-20118.097772273984;18.22083595125233
-57864.97599713269;18.50120657767368
-33068.032077307915;18.21630978867333
-31085.325141398454;26.69657828738198
-34258.551366138425;18.21681269562655
-27266.32851831325;26.742594273601807
-24658.311236283364;18.22360193949505
8611.501163965222;61.221606028579494
4098.605352308772;56.8106289957682
12351.945136154278;61.22030581427358
10271.532173333928;56.81296938151884
3279.5771032259963;61.206133478339126
15415.71747531577;56.814269595824754
10043.904899675168;56.961453855254156
7769.781843531364;56.81452963868594
7866.995170267055;56.90541461866928
14303.61612573006;56.8136194886718
11552.980571213511;61.23265785017976
4739.448977939886;56.81231927436588
15027.341875138287;56.93011869048164
15610.621835552442;56.81179918864352
15881.242718086938;56.96353419814362
7603.062182446563;56.81140912435175
-21503.882825017357;63.42066651200901
-22421.186883669165;64.30978824543182
-22723.236069254126;63.409986768973944
-21523.200794744902;64.3103977593023
-23692.653720659313;63.41547239380833
-22926.37425479999;64.3110072731728
-21586.920144505144;64.27788151934196
-24442.90975426401;64.31148428402797
-22746.672210822817;64.28426816468054
-24529.765742186308;64.31286231538732
-23218.240324559578;64.31569787991525
-23230.145584973066;64.3158038823275
-22335.75353692835;64.27594697531823
-20604.998225873213;64.31821543720639
-23879.69359809889;64.27904754587681
-22186.52596457564;64.32197852284158
4440.610171424316;3.2747723824570336
-5131.298583641637;3.1409983324910717
836.5647342663378;6.357981612940137
3229.654507233661;3.145049236821027
-5742.63079418043;6.373902609027636
6110.909375025332;3.1519263534742064
-1430.6559021664798;3.2604529066860293
592.482186854164;3.161252854140847
-6584.760616432763;6.326422241997463
-7848.405686614606;3.162571753225019
-5936.5007880198045;3.252256890948678
-352.54959496215724;3.162948581534782
-1646.3672309680132;3.236618516093502
-615.5462881147569;3.1637022381543085
-4245.035754661643;6.377388270892946
-7116.383212779757;3.163513823999427
15425.272631710017;39.93244069602036
7905.481290544318;39.92014532612827
-14383.201147495956;39.931723466109986
-15572.57189749548;39.91996834731922
6703.568845465714;39.92603220019782
16910.41835732454;39.919996291341704
33513.53235951471;40.234059160017
9488.870294278306;39.92009875275747
-9120.91492056485;39.93157443132341
1704.658215195308;39.920173270150755
5860.139851397507;40.23508377417467
19343.507202666267;39.92040613700477
29790.739203540812;40.23676041552359
-2921.136986472433;39.920713521252075
29882.711634120744;40.236853562265196
1701.5227914255374;39.921151310937624
29095.301789243735;69.50322402969003
21311.05529074722;69.49971975916257
30574.881237000576;69.63310302923905
32266.3933280749;69.49972765166376
43740.37398321059;69.50324376094301
41382.78787028132;69.49974738291674
18685.59158207193;69.50322797594063
26367.162638464328;69.49977895292149
10272.128912732203;69.63356868680914
33032.51008839028;69.49981446917684
22435.219746605173;69.63324114800984
5680.693758127341;69.49987366293574
20092.113503716224;69.50257289834202
20236.912204119475;69.49993680294524
28706.978001798656;69.6336515580716
19011.388657979245;69.49994469544643
-5378.345271693415;96.76523934839103
-206.10922312272942;98.03930186896459
10857.33122471494;96.76621714004152
-2183.7116547445785;98.03990358690334
11079.408653332623;96.76779664963075
-5150.701258453389;98.04024205324389
-5418.776254739906;96.77035395087047
11799.255938442977;98.04084377118265
-5961.371766349338;97.99770811644808
11428.052637574103;98.04261131762775
-5932.073952547533;97.99409780881554
12077.585169560127;98.0448301525269
-3325.7404367389445;98.00180731990585
-186.1867097375025;98.0497191107793
1645.5126091513575;97.99955087763551
-2598.56869817814;98.05803033980837
-37273.720782163175;-9.664068842463909
-33575.531812059155;-9.50586627118846
-28165.974737409684;-6.2588182242420825
493.68059476998314;-9.490596554853926
-45042.95493119507;-6.267751527675889
11733.82900234754;-9.495998087162741
16166.209552186174;-6.246249274061958
-20154.802992202764;-9.509398042313453
-36120.58964195232;-9.654408409680839
-44222.880741562825;-9.514072445273003
-23856.134009010355;-9.664588220570526
-8719.847689003753;-9.507112778644338
-39144.285919689595;-9.668847121044784
-39851.24642799325;-9.496309714026712
-29591.4165919301;-9.652434772875695
-37024.45174367981;-9.474911336034102
37011.116262884534;-7.3830582499244874
37621.33669354839;-7.207606948001485
36348.46713228057;-2.821464090453413
46433.08103141117;-7.21375333118987
39152.31677759827;-2.816295540954089
50731.61396851253;-7.217245594365089
43766.973059308904;-7.3830582499244874
49468.67173504402;-7.21710590383808
37654.53119587733;-7.374676818303962
41704.26048000847;-7.211937354338756
35723.045480924025;-7.3467387129022095
34047.49868579669;-7.206349733258405
49645.502261469235;-7.388925252058856
45913.447466916026;-7.201879636394125
34232.08493706511;-2.770896119676242
35006.41650541131;-7.193777585827617
-10519.895625386249;-6.465478119802281
6716.430215941105;-6.646878616990367
31639.42392182636;-6.468225571482525
-11960.067231352477;-6.646329126654318
26246.330729921683;-6.4675673278508
-9563.808064325385;-6.646191754070306
-6902.64015971194;-6.65375869390631
16143.557115390486;-6.646374917515656
26053.04226992382;-6.655956655250505
12731.670638463907;-6.455329720158382
-14830.05570435647;-6.656385944575543
18035.885654566;-6.45914180936472
30316.606023715984;-6.656208504987861
18547.582336613916;-6.459719918989104
31011.236426833304;-6.655252620757443
13526.39685122298;-6.460023283445464
15378.55520750679;3.3578611191647623
44785.17944883572;-6.539642541297287
10012.163376548815;3.422235126712483
15826.408326927625;-6.564571691279001
9829.753127908796;-6.9549180017521905
17802.192453773994;-6.580349634305403
23453.641160742896;-6.971958180220703
20867.207671065782;-6.584451899492269
15838.830530240028;-6.898117406857143
33575.7754598281;-6.584136340631741
41270.34971160008;3.5049115481708295
35020.0200449385;-6.584451899492269
35299.84651955473;3.436750834296772
31820.975791907633;-6.588238605818605
41352.728533566544;3.37584797421486
12489.412237111652;-6.595180900750222
19359.97972153827;-105.93463470051984
32362.440722742682;-114.83723651251387
32157.155484086743;-105.81869357982764
50396.30266640873;-114.83556025534723
46120.37690347282;-115.09482136378665
25461.15901948023;-114.83304586959729
16280.701141699232;-115.12555274517494
49951.30547205518;-114.8288552266807
25406.968816729437;-114.96547018576138
42084.163096234515;-114.82326770279192
27930.957201322144;-105.94692725307516
36369.328067315844;-114.81963581226421
22534.250539140467;-115.13616904056363
13214.81072959862;-114.81795955509757
28627.141923720537;-115.09901200670323
43640.37821287781;-114.81656267412538
7043.58978067146;-90.79869889306401
12622.38703071533;-94.20672670963296
12350.739713638031;-94.23509291631606
8908.43038104356;-94.20683415738556
18179.53453652905;-90.7859126105061
16627.589713293804;-94.20683415738556
6411.645141195493;-94.31793513356098
18749.264647848886;-94.20575967985968
7901.1475442300825;-94.33082886387147
12939.612756698218;-94.20479265008639
16734.243190132875;-90.75174422518329
7899.324407873859;-94.203073486045
18942.97288569763;-90.79117755038288
7899.324407873859;-94.203073486045
17099.554137511157;-90.80826174304428
9570.684662441741;-94.20436285907604
-68911.25247582898;-90.68329510392059
-60223.76402144456;-91.51341898619508
-43912.82677473477;-90.68977799606078
-27596.884637798936;-91.51347126758331
-47008.851868571735;-90.6749300818042
-24216.58177912211;-91.51365425244211
-40514.50631124415;-91.54473553774329
-42394.34308015001;-91.51357583035977
-17995.503228137066;-91.54233059388483
-52882.59103786864;-91.51310529786572
-56775.394655693395;-90.67723046288621
-9186.896430282133;-91.51294845370104
-51196.94400973367;-91.53809580143842
-11982.628110555863;-91.51287003161869
-22533.937685122775;-90.68089016006213
-12567.199288958964;-91.51276546884225
41501.97338851541;-90.10575099522119
50050.85872284568;-89.88846971234356
36158.92005455899;-90.09029435449318
21965.753124332412;-89.88687074950963
30338.808387213605;-90.06400029900186
56713.31910457501;-89.8852717866757
3957.48255080379;-84.19296409787849
31489.200482585853;-89.8852717866757
23429.640695931696;-90.06311198631634
10072.00736104064;-89.88580477428701
72224.53005876482;-84.27344522718639
44501.98879362716;-89.88829204980647
9746.24467052646;-84.29707434462115
41646.453912341785;-89.89202296308564
53630.15924707261;-84.25177039765975
21180.651409955142;-89.89681985158742
-47944.6124872919;-124.69174193683992
-39698.32576494167;-121.41271696568889
-53162.30313499004;-124.6997403187824
-42336.51006860465;-121.41427509204132
-24733.703150153924;-121.30146674412514
-53562.01042433603;-121.4162487187544
-43122.562339658616;-121.28775523222373
-53899.55393467036;-121.41894947109861
-27932.52340471644;-121.3389656516737
-55318.2824238897;-121.42144247326252
-50252.224919388216;-124.70025969423322
-58718.699232817125;-121.42403935051657
-51035.37234095565;-121.31268525386267
-57838.52983839972;-121.42455872596739
-40878.27562636856;-121.29014435929746
-35179.5419037017;-121.42653235268047
16990.854597690937;-45.5616552921204
35893.62512842212;-45.921332836835084
16923.86244091807;-45.93260928824652
33848.716998732285;-45.921355756451774
40215.168356311224;-45.93713591254277
43312.182816958564;-45.921172399518255
42020.66189294393;-45.93538256186599
23112.400201821525;-45.92094320335136
24622.46930940666;-45.560176976843906
-17573.803600874166;-45.92058794929266
16491.15900209004;-45.56101354285308
-5303.256590656903;-45.92045043159252
42651.04710585583;-45.55158212058519
-6827.602715259207;-45.92031291389238
6082.115364495909;-45.93085593756974
6864.056604205449;-45.91988890098362
23127.91489854026;-16.772053084258655
17939.451299432832;-16.89073776026599
17159.11759884421;-16.74768791829721
18541.02598320266;-19.665310422119834
21061.865401511524;-16.79472032924718
23513.359812541246;-19.654443727893128
18601.601680222768;-19.573962273776566
19870.723243403474;-19.64901038077977
22669.347428225472;-16.7467540617621
22604.31961984309;-19.645444746736633
24731.214638822978;-19.542720527874778
24147.448400502268;-19.644256202055587
20061.354557188348;-19.53049549686973
23347.01274255062;-19.644510890201527
21524.615158257548;-16.803973998549612
24365.332032322916;-19.649859341266236
-32967.87742954456;23.672719515701143
-22147.826890117987;23.563932781584455
-17584.851932700843;26.367206523746365
-31889.6452634558;23.565013169318235
-28372.721958079488;26.377262440345383
-10963.803640080314;23.56601045030326
-11663.637347881322;23.665073694815934
-16216.995140180694;23.56783879877581
-21141.353571446452;23.674797184419948
-17034.084284225315;23.56775569202706
-24679.730552854722;23.64936651930176
-18283.20607663758;23.568337439268326
-24248.06779545315;26.37402127714405
-9285.608327028956;23.569750253997114
-23398.058355428453;26.38931291891446
-16348.306433134898;23.57257588345469
-26385.934064402638;71.93181139321135
-22146.169313114187;71.71947954691089
-4930.075389540165;71.94550382068306
-20314.795519370196;71.71888422397734
-21947.491812396525;71.9316129522335
-41076.9221950271;71.7190826649552
-10423.541069449639;71.93697085863548
-11615.60607375561;71.720670192778
-8417.095022598005;71.91871428867319
-37033.86784048881;71.72305148451221
-30258.506075090794;78.46548058895202
-45125.2221601454;71.72702030406923
-10527.797579727223;78.48373715891431
-35889.66903272538;71.73257665144905
-45896.98261672853;78.461511769395
-28400.90422844678;71.73833143980673
1408.8674474996697;146.59836454988417
14789.319163034048;146.64459032931916
37620.05583010003;144.9845352417331
3787.5349315150042;146.64571898423105
9806.636749149297;144.9901785162926
43448.68540183384;146.6466022793795
71.09054671510557;146.59262313141932
22006.69708163847;146.64728928671715
11868.744725893417;146.58570398608987
17324.4779288925;146.64831979772367
2194.9008003002255;146.5928194192301
23365.0414080367;146.64900680506136
8130.838679583605;144.97982433427478
52511.76621029077;146.64910494896674
25301.956359306332;144.97992247818016
29090.833851702188;146.64836886967637
2320.4338017765585;97.47688805339182
2287.0850928466043;97.4419682148513
3037.479704338081;97.48390783631893
2996.9778919849214;97.44146680178508
2382.4273647776704;97.47781924908622
2215.262095209524;97.44071468218574
2358.178181971113;98.65810979175535
2081.202231733808;97.44032071477658
2868.757296609781;98.65227191105576
3098.905560718303;97.4403923452146
2074.0329081214345;98.64621913904207
2698.656172802179;97.44075049740476
2399.7343066202097;98.65417011766361
2912.0652016890504;97.44071468218574
2535.691932228613;97.48265430365338
2068.096318885849;97.4408221278428
85030.1423595481;63.41244854113441
78868.78922009948;70.09214272689574
81679.56769422647;63.38909090814961
80926.22910459647;70.08939477007401
77692.32596366962;63.48055861378755
70097.10111318648;70.08232859538953
79981.28114461577;63.44974224085803
88394.12054203257;70.07938435593766
87552.74521467387;63.56280103580965
85025.57297869712;70.07781409489667
72735.7662419269;69.82676861096765
70026.1233973014;70.07781409489667
81484.91206997512;69.8650437238419
86514.58188533338;70.08134718223891
74928.45979961261;63.55337946956368
88003.59079196963;70.08488026958115
9281.274552677332;72.06330124359127
-5820.0788880819455;68.28629108861684
22442.545004251133;72.03511626337628
27573.093439748358;68.28918756879703
1151.7297737982371;68.40883448085586
1849.6655360910008;68.2909700181387
20620.500315079767;68.39947662181216
16228.377523856892;68.29163843664182
29036.905613760606;72.06096177883033
18545.908565413087;68.29241825822879
3617.4949595582075;72.06976262245477
11357.9251099024;68.29375509523504
3294.948442077777;72.06252142200428
16631.903805300495;68.29542614149284
1355.551722078424;72.05661705856005
-1136.97796194056;68.29598315691211
-6390.981308620909;124.80406075596143
-15130.743050004134;124.97243991183213
-20946.168909247794;124.79075970953718
-10007.940212332762;124.9765209147123
-17552.805013911748;124.84366159872457
-9703.186082840955;124.98120651061176
-3003.4843377028847;119.87466272148123
-18125.48202515999;124.98302028966961
-17731.09432817059;119.9038343346617
-18125.48202515999;124.98302028966961
-20453.673198379216;124.83549959296423
-18238.583290329676;124.98347373443407
-6345.3496742584975;124.81705950587605
-1999.2624414844286;124.98407832745336
-6105.783593855847;119.84639799782968
-2606.1631785044738;124.98377603094372
-34315.773266116514;67.28649925487822
-50075.14269328469;67.39019820700851
-17751.0730531754;67.2920664261865
-57995.86560457585;67.39277406238995
-20937.320813611543;64.57586847251105
-44357.855320419316;67.3953499177714
-22354.36627289842;67.2885765576052
-30719.14352860967;67.39792577315283
-47560.23775687703;64.57512064352935
-27146.365051308647;67.40149873384323
-12599.90235637167;64.58384531498261
-15057.28366522411;67.40415768133374
-29099.362357573333;67.28118135989718
-20525.53582123461;67.40374222078835
-45103.55795567771;67.29098622876847
-21255.80528812453;67.40449004977006
-39930.31719900107;30.972418724848445
-48309.683161781955;26.55198472208378
-48177.412191572315;26.67950100249271
-55748.455558627604;26.557069727130763
-34584.36548636133;30.98845604845816
-25210.762730837952;26.55902549830268
-50714.075464703914;30.961466406285716
-45822.25408311728;26.560720499985006
-36261.26745313025;26.720050658123768
-22984.201398975627;26.560329345750624
-56154.82137266057;30.96003217409298
-27947.302136730792;26.558503959323502
-41560.92432619661;30.94647216063436
-15545.429002129978;26.55524434070364
-52443.88581955669;26.6797617719823
-47451.39153286605;26.553027800042138
27352.341422039754;36.04482317426314
52515.58924130747;36.12132695161649
45718.615490980825;32.85006782702757
60527.82233160936;36.12007437087897
70553.7118864051;32.85739060672387
42615.30788702596;36.11641298103082
48222.143937480214;32.82520891700596
47366.43807147697;36.112558886453826
64163.3946852433;32.82405268863286
52117.56825592798;36.10870479187683
23714.413914646168;36.00946185651921
43744.211589147664;36.107163154046034
26334.12994662122;35.98855339343901
57269.07457951812;36.10735585877488
37700.10199065323;36.01861533113957
44442.90720450811;36.11217347699613
-21454.34428872322;26.50979584050025
-21187.86397959933;33.83281416116928
-21196.77486114078;26.518335056686205
-21428.55032746599;33.84583646585286
-21775.8499524102;33.550806546628166
-21427.135691969055;33.885970781926844
-21172.990475542752;26.585154423341287
-21420.432699474222;26.838769144064106
-21386.124483450385;26.545660548481255
-21692.34679541345;26.797353945562232
-21829.883740036184;33.50832394610305
-21683.713552614387;26.781769876022867
-21102.90652442816;33.47438056176389
-21213.895916921465;26.765331884864906
-21611.289503528227;26.576828687559985
-21298.496407995277;26.75615222746501
8665.695872860368;-107.68086103159402
4447.354270421651;-107.54647602413442
11317.101138787453;-104.04905671788428
867.8272330339732;-107.54526633912455
-8264.839026783808;-104.07171081897813
-10576.265015717629;-107.54438656820828
-2783.593511335719;-107.61091924375089
12059.425318107777;-107.54658599549896
2565.5581448984267;-104.06280313845095
-1300.2444365561914;-107.54878542278962
10404.137679039937;-104.07193076170721
3742.2762284534547;-107.54922530824776
-5412.910951623751;-104.05620485657894
-1579.1573720767792;-107.55032502189309
14655.827567247416;-107.66876418149536
15842.50682707104;-107.54955522234135
-108462.19870673047;-102.23728406249933
-100555.86541742645;-93.18472926827023
-95805.47944626072;-102.21447447561623
-94276.90076906644;-93.18615486745043
-91836.9454739143;-92.88278736190523
-92743.93142681662;-93.18102271040173
-107831.51103339488;-102.22559414922175
-96430.83559774315;-93.17646079302511
-108100.5960775132;-102.18225593414385
-96357.7623864616;-93.16990303679621
-94685.54623816453;-102.20306968217469
-96175.54978665654;-93.1624899210592
-89458.14587060724;-102.27263892216813
-88363.61579604671;-93.15878336319071
-100632.07481803339;-92.88848975862601
-92306.74663485748;-93.15963872269883
14913.730003730172;-107.64081123341107
12920.780996732135;-107.82889401838108
13382.858423263593;-107.6479355813266
13215.860537236635;-107.83126880101959
13232.763934948129;-112.8496594727194
14941.927944457982;-107.83253535176013
13809.438714600914;-107.69717274136505
12710.372112037025;-107.83142711986216
14396.52445057146;-107.64429424794756
13752.389747324623;-107.82889401838108
13024.583225405897;-112.85456735683898
14002.752117519627;-107.8277857864831
14073.592720655975;-112.82401182022349
13886.502841440131;-107.82461940963177
14552.074126330177;-112.88686440072273
13756.884514443362;-107.82097807625271
-15388.224191295263;-128.01330422361175
-5169.410241904488;-128.03122599268175
-18557.5375031353;-128.0142915975834
-13633.253969552065;-128.0312818817745
-7137.777303038785;-128.01345326119238
9562.376613725795;-128.03135640056482
-13596.902457479133;-128.01050976897508
8935.649618542477;-128.03133777086722
-8758.112294882236;-128.61988717675024
-3915.9562515378457;-128.0312632520769
18424.74062187662;-128.61830365245612
13872.723498966188;-128.03111421449628
-14449.816638894028;-128.6216942574153
10602.433764701338;-128.03098380661325
-19448.149548922123;-128.00937335742282
3550.240422552608;-128.03092791752053
-111828.86345327426;-122.99613549594575
-108059.11217912649;-115.34872107360711
-120374.61471407018;-122.95581860329396
-108059.11217912649;-115.34872107360711
-124559.6276520108;-122.96426825145451
-94573.41601949942;-115.34268561063529
-128179.17789882924;-123.05069608121103
-122049.4052540952;-115.33616731062573
-80805.97022037226;-115.05732892132745
-93079.25939469397;-115.3354430550691
-70068.06932541696;-115.04984494724239
-67256.46316678176;-115.33713298470121
-96257.04191407323;-115.06360580281816
-101652.49842519723;-115.34244419211642
-83290.66826070246;-122.98816868482294
-101881.23593740464;-115.34799681805049
77283.9032265888;-113.79444309655706
70813.9264234426;-113.64069964964513
98563.89337647162;-113.69281607232713
67955.09946391288;-113.64035220682725
89123.00885759504;-108.12938795102237
10763.206745071919;-113.63913615696467
83365.43576509427;-108.15770454067959
75459.90407088454;-113.63722522146632
8544.621913428287;-113.814942222812
80638.6491484859;-113.63322962906071
91002.28071498728;-113.82067502930701
39528.04191520576;-113.62992892229084
46847.06883039273;-108.14623892768955
12538.07461038683;-113.62489100143158
74291.50057131305;-113.7850621404743
51660.39993572338;-113.61776842366504
-13123.450344894922;-38.31524759344933
-21274.100928704473;-27.438631340142344
1876.822218059042;-38.33151026965679
-22975.30631684269;-38.78997933295233
-14285.234380424188;-26.84556268015099
-21221.430156900904;-38.71074203823936
-388.626380664522;-26.858365212484525
-10322.818271753498;-38.67129639807658
-20210.998913910622;-26.923415917314383
-11665.014835989237;-38.6508815492204
-26273.586371852303;-26.871167744818063
-1447.490517267277;-38.64223118953558
1677.036531907579;-38.27510992451176
-4409.161961670183;-38.63807901688686
-29824.322884816946;-38.24085450015986
-18925.710999669544;-38.64292321831036
7766.542567121647;33.31873524218464
8102.0379045103255;41.11254305997723
7440.888116834511;40.80289316720171
7537.25453958358;41.12236958793984
7876.834773504975;40.762901483632916
7550.066260527097;41.130367924653605
7352.227294363064;33.347757778260274
7957.697157141236;41.15116360010938
7763.734200755404;33.323534244212894
7284.872920852034;41.14088002433454
7337.141028759284;40.8305445598407
7828.767610327392;41.12236958793984
8540.351944398613;40.826202605624665
8331.279512769612;41.11551387075662
8268.938421366915;33.3143932879686
8496.091162081062;41.11300010778944
-37735.52462772187;33.51654473550771
3327.7154481595353;30.644394039354644
-27545.820870237687;33.559513180723094
-54298.23869283263;30.6413248646964
-6817.889354070983;30.720270857294512
-23497.252268562406;30.638767219147866
-15774.244911396185;30.767161025684317
-46612.217556201744;30.632458360128147
-38287.47284186453;30.751985662096345
15563.04171063636;30.59571351908086
-75058.88878870367;30.713024194906996
9238.39799909445;33.414494678121166
-51100.35316347001;33.54467883654159
-41607.69740838248;33.41185177772101
-3123.534941368707;30.710637059061696
-16468.44781990551;33.41253381653395
4073.4601018471803;-2.4498164001068377
-3200.7771074550765;-2.544079033871589
2324.4079306042477;-2.3836477277778556
-5184.384251951396;-2.5406597030389464
-31856.92435699825;0.60577156342036
-43914.26319760127;0.4342505357072435
1890.6834326486296;0.6327565526941914
560.1905671251043;0.4846163547286064
-42894.151266512185;-2.398896095004506
-23947.77109940665;0.47722320698235077
-50675.91690931961;-2.445195682765428
-14037.823479451028;0.46650314275028126
-9206.193232994396;-2.3871594729573267
-30353.54829998193;0.4597568954318234
-46810.814914717455;-2.3798587395579
-27304.33364768789;-2.552858396820267
-75277.59791410755;25.171926217145085
-59868.52955598429;15.064196353683823
-55734.44826492736;25.11379490689748
-86247.79022244178;15.084067770962342
-79732.19750303755;15.464590582430088
-48231.9010886763;15.091185890584498
-51745.50733517144;15.44531234178675
-68362.86920112555;15.091779067219676
-88339.02092818708;25.139004913892613
-33444.51727812567;15.091185890584498
-97675.17466887417;25.148495740055488
-86661.44025214965;15.093855185442806
-53589.99942670503;15.408238802088022
-72862.22040145668;15.099490363477013
-55367.96885264233;15.344768902123798
-75396.12920917005;15.105718718146399
-5874.648432284434;131.7336247532311
-4037.9442142061994;125.57875358531949
-3914.562637273686;131.6796123965541
-5903.003531981014;125.57965983291474
-4753.98953851424;131.6105563297959
-5172.991476409788;125.58056608050998
-3138.697539442193;131.7171310469975
-5074.855425043561;125.58020358147189
-3482.0683099314383;125.78066554954157
-6062.593200905255;125.57875358531949
-4830.5166849072375;125.80205299278951
-5639.269482015061;125.57657859109088
-4422.161085559475;131.71676854795942
-3660.2627189911677;125.56932861032887
-5100.206359902398;131.71169356142602
-4874.893997071773;125.56660986754311
49921.39030392979;104.9653657054095
68355.18206371168;106.56031347646098
52291.68189556185;106.50166132691163
32854.106438636576;106.55964643333044
70910.53702133625;106.50847469603069
-15401.536370642294;106.55974172520624
15545.49994408914;104.9463549761892
29232.786492895146;106.55993230895781
-2111.0256785242236;104.93901750175328
15968.924925480002;106.5591223280136
4311.413374879834;104.96550864322317
-18666.05414675016;106.55826470113148
62989.82495685684;106.50037488658846
-17287.70219683794;106.55821705519358
-19948.173146346264;106.4998984272095
25968.26871678728;106.55845528488305
7230.315292682044;131.81547210786027
12937.40545759167;126.02436093823911
4771.151349871823;131.78824944466612
-56932.51574278237;126.02810405442831
-33524.712846337396;131.76017607324715
-9975.51495430807;126.03065617910276
11197.692521725363;131.7967565269143
-42407.64551010735;126.03116660403767
6509.4780602912215;131.75405097402847
-1500.1325719283122;126.03065617910276
1840.6707551137588;126.21338830579352
14635.531630050813;126.02742348784847
-5613.063472896705;126.23346501989921
-43457.01817341475;126.02282966343445
20481.244339650984;126.2326143116744
9291.632532230407;126.01551357270102
-64159.800204199826;94.74867484888756
-58706.09193122797;95.52902808943058
-149340.79023495916;95.50137046436535
-149259.7262599972;95.52872995582706
-48776.617381101794;95.50088886392889
-72771.55396983818;95.52900515607647
-142410.682758425;95.50490220089938
-87230.26252528507;95.52989955688705
-131636.07315018494;95.51694221181087
-62538.52070496088;95.53093155782231
-98135.95430580404;94.74865191553344
-98477.45785989906;95.53274329279756
-135977.3077242109;95.50487926754526
-62345.346977391986;95.53434862758576
-78364.96824221253;95.5014392644277
-123583.1433821566;95.5356099620622
58154.55285781999;0.33038079956902244
60672.313953920864;0.5765900126738153
60509.545437888155;5.950553116586809
64787.82437754162;0.5759022774416795
57781.26393050745;0.318517366814671
61121.10905062162;6.218082121887827
61097.11190529439;0.26435821728393805
60604.564437567715;6.180600551736399
64439.86577029672;0.27897259096683413
60885.62191238518;6.162719435700856
59428.340723422196;5.954679527979627
57447.48545459227;6.158593024308038
63009.248076141776;6.035316483947607
62691.104104000406;6.165470376629401
57907.06714691992;0.3296930643368867
63932.16858961093;6.183351492664944
8491.580799750654;-3.791354635467818
6464.471364250094;-16.22405761816309
6311.052540147338;-3.773098679353157
8653.481914609092;-16.241916705666565
7324.449202790369;-16.765386403823907
5528.469019123184;-16.257791450114095
6954.652936864119;-16.816582454667195
6356.308985856221;-16.25898205594766
6682.692782324824;-16.77768933077074
6911.29315244222;-16.248266603445575
7357.956885527097;-16.67013793713872
5408.505192721407;-16.248663472056766
6666.623846421204;-3.730633737956011
7122.665515869506;-16.26334761067073
6442.185594128025;-3.6334009282148827
7588.611972038727;-16.278031749284697
-22156.66567425878;-133.61774562687026
-21071.16306325724;-150.16631020910845
-13532.142493305004;-150.51287427811357
37487.802395035396;-150.1777754865793
22820.9565194689;-133.40720144058747
2085.3445239303255;-150.1876773171223
14638.038542016358;-133.60106885963995
4930.657092596972;-150.19340995585773
3303.064261728643;-133.33893092473832
-26777.65425580615;-150.20174833947289
45718.31853813479;-150.4341807827455
-9406.968137245552;-150.20695982923237
35287.70940513702;-133.48641608493148
15410.186562509538;-150.2085232761602
13746.895107406075;-133.65266260825877
17642.011662839133;-150.210607872064
-16470.866166083637;-287.9776856394513
7075.493646666233;-289.1710690358562
-18459.305416606265;-287.9669713542958
-17504.449690535163;-289.1709938478902
2090.8993263515877;-287.96309917404665
-36716.28186102586;-289.1709562539072
-25326.618801046978;-287.9761066921652
18465.156706645117;-289.1707306900092
-5879.72791824902;-287.9662946626018
26630.354081528767;-289.17042993814516
19225.442302433185;-287.96952774513994
15173.21005150952;-289.1698284344171
-43045.9968508117;-287.97257285776305
12029.721530462717;-289.1691517427231
-13538.818017829966;-289.19682091421237
-1848.8646411714726;-289.1683998630631
-65181.59540932474;-136.86303643437836
-87278.38888556417;-137.45928489146505
-83520.22106487663;-156.65764372997893
-65122.213845460945;-137.48513033869764
-73488.16263134881;-156.4136146235503
-66406.14983849032;-137.4989546476825
-78669.58472951541;-156.39137551779203
-75843.25068022896;-137.51037472901783
-88273.03008028276;-136.90931781663207
-83684.6623186533;-137.52299692417793
-70354.64318438235;-136.71096903554476
-80978.61400129608;-137.56567196495732
-70220.65401463839;-136.6881288728741
-64648.68393875221;-137.67506432301153
-79071.93288979767;-136.77888846664436
-78090.6144818434;-157.37410356954277
-22175.39346055399;35.92851522252831
-34789.892643140745;35.77336441758576
-28136.793213181205;35.93164195869463
-27223.461001383228;35.7658171233912
-26373.01057843364;39.45137651557397
-31472.62056913861;35.747595798835754
-30102.62225144164;39.42291243461162
-28907.352838823404;35.73616703905541
-31657.65796419249;35.76225911327091
-34692.47741287561;35.75341799721441
-17354.11269917798;35.87730144049377
-17014.447954496904;35.761720020828434
-40003.92687256985;39.42334370856559
-24814.882318690252;35.769267315023
-23882.47940043825;39.46614764849762
-36286.16996303326;35.77411914700522
65465.41938350942;40.08142978585439
89698.69633963858;43.29298284134059
105904.16952984329;40.05400324759857
152287.59079095634;43.296482089324954
157394.67939292485;43.168712250760784
67323.75354712106;43.290051038975314
116719.4745411852;40.09826400588727
153383.2752709352;43.28778125649897
121809.91140333643;40.049747405455435
126632.255254429;43.28551147402263
149047.16222250805;40.05617845580507
83013.02280298919;43.28125563187948
100638.88939961031;43.17684563796769
116739.45662896597;43.279553295022225
157266.4609963316;43.14856793128324
154735.39654410066;43.283147117276435
20450.904110113057;22.312683803661848
111180.46934970809;30.101301277582778
123123.91023957984;29.79486760928116
86584.38692857965;30.083732109705473
29001.060515246325;22.28781316341994
164.41850683990924;30.062968547668653
53019.740644273756;22.324776867265708
-4931.784332138486;30.042204985631834
112831.08677169247;29.747864380934075
14553.450988980025;30.03307814517609
92442.09134119848;22.3179317369239
6275.259431575483;30.02874289595961
23352.55983164959;22.243776158220975
117571.64327133328;30.026233014834283
15898.630966592129;22.307664041411186
96881.39447104748;30.022582278651985
47725.568443241296;110.99434196306154
78870.85313724316;111.08838779157135
72874.74567096135;107.33854632706944
23663.422329797315;111.08949813193156
38725.42907087113;107.32788705961143
57412.20134240909;111.08949813193156
40345.513939627235;110.98024064048688
32939.554019907606;111.08838779157135
67952.71661090283;107.37019102733544
46508.01388627945;111.08638917892297
31764.843035735743;107.37296687823596
31197.9129678869;111.08638917892297
81748.34704927738;110.9565903908144
23195.132115581226;111.08772158735522
18505.25543831494;110.95159385919345
63323.61802526885;111.0891650298235
-2586.838912950363;95.82761641250421
-14129.494679966636;92.6743902335122
4375.784258435089;95.78187310664724
3738.937070542879;92.67726658743018
-2588.435021190693;95.78363603324213
-18092.232413649308;92.67856558597379
-2286.7705637680683;95.82297713199134
-279.2654244913065;92.67902951402507
-7567.4946769043545;92.77135119623132
-2856.9802326264435;92.67930787085585
-15686.099241349792;92.73831951897964
-10845.901002544957;92.67884394280456
-701.8350811190321;95.82761641250421
1415.8015267405926;92.6774521586507
2717.427796730812;92.74008244557453
3706.615878676169;92.67578201766607
-7896.250033737255;102.27197375768897
-291.2413562282527;102.59324820845602
31985.563396958067;102.19774632726484
35450.864520766416;102.59693124889691
-28412.554575439848;102.23570997488635
-9252.237430010086;102.60939692423531
38586.13696611683;92.953598131429
-15775.32600509611;102.6136465862825
9613.92371940281;92.91988414585468
-9824.765441769727;102.6000476677315
36423.73166856851;92.93659948324027
-48914.510044166;102.59239827604658
-3644.6197108204287;92.98816204941276
-38227.32049131939;102.59013178962141
-3782.3708113941757;102.31956997261743
-40401.20504724885;102.59154834363714
22365.822980246896;52.19557452006114
17888.21334440901;34.179301954972516
22155.678379078512;52.233243643733644
22128.370873504115;34.036738809996585
20003.107789289243;52.34045576495538
21136.06129124052;33.997910636364935
17255.11038622366;52.237300318590684
21696.070475106433;33.98805871171212
23479.57910045978;33.25901628740431
18052.366357241564;33.994433486487466
20967.801886592264;33.340729309524654
22031.049387472056;34.02051211056843
23419.523120155187;52.387397288301116
17095.577064183763;34.061658384118395
20325.562206616985;33.2138133389973
18985.5438973591;34.12540613187186
-32751.71663432817;-12.346495658014643
8364.524530682553;-11.922359652706515
7360.307324370748;-12.353622276622113
-57262.17170750584;-11.920738108510934
-38448.05216668304;-11.900216717262651
-55982.50307313046;-11.920070413842165
18825.382764457187;-11.91198994570788
4113.12848954121;-11.920179425216658
-65371.46174969767;-12.34825346642834
-37306.89625041963;-11.920152172373035
-38838.40619045314;-11.90791564558621
-46845.38570222136;-11.919879643936802
10667.298469294095;-11.903132771530336
10867.197505660239;-11.919920523202236
-39233.48223870434;-12.357424048307552
-45751.45003076886;-11.919797885405933
81858.89848929801;-73.41122344855215
47098.76740589212;-73.21693148292678
81199.41774147055;-67.65459997922379
35580.93614508546;-73.21377226397352
53225.343553209255;-67.57772565136118
64012.25031850714;-73.21061304502027
76133.50646357592;-73.41894598377124
41881.17555599717;-73.20622524091853
88089.89242168784;-73.41999905675564
95103.47017483291;-73.19323734077736
85403.60750887063;-67.68092680383428
85171.69011255131;-73.17568612437036
42366.99304023007;-67.7005841662101
62356.953641460204;-73.16076759042443
88696.6147096891;-73.36787194402689
71306.10738947889;-73.16111861475257
-99374.17497236794;-6.255058712055151
-83599.71929706068;-6.455861976659159
-12511.80047436613;2.514220917589057
-124371.16793865619;-6.445678196009541
-69247.61546907545;2.483669575640203
-34122.053019770756;-6.434188802456125
-33047.870748427405;-6.140687021682518
-18013.27542207486;-6.434711047617645
-24877.755130291087;-6.072272905523545
-24284.284262145593;-6.467612492793334
-96606.62249058278;-6.080367705527087
-130634.26383381832;1.9687358463825912
-71463.2400434853;2.419433420773382
-114115.99133710202;2.0849353948205405
-117951.79138154909;2.4502458853029943
-100345.4889598994;2.1133977561233195
33842.51190822405;-30.589003107700343
27483.522655776127;-30.52942758021685
33523.18262772294;-30.60784733816779
38404.97828259353;-30.52996141110828
35029.9437512726;-30.579767833278616
23352.742160602582;-30.530388475821425
40699.81253172555;-28.819567234969377
28077.632810980038;-30.532363650119713
35264.11855697341;-30.595729376932347
24864.628321987442;-30.535673401646573
31805.506485570706;-28.857896292973987
26269.28292251267;-30.536847829607716
31097.46279695344;-28.851063257563695
28287.759362223354;-30.539036536262575
40320.165498240895;-28.841134002983114
23651.571289762876;-30.54149215836315
109785.40065796;-129.3273244279128
92839.55914248711;-129.15695583226972
108508.35278943945;-129.15046018062085
87250.76998700103;-129.15717593286277
113804.74653376492;-129.1500951357348
116205.00737165059;-129.15754634605597
117251.84840526483;-129.32729758637706
118723.64470995018;-129.1582120161423
97574.61915904339;-129.32742105744146
114591.37747199927;-129.1595379880078
115570.02927726448;-129.3275713700416
106635.60382206184;-129.33549499139178
117674.07610720198;-129.3272546399199
122236.75375449195;-129.3346092207124
119451.36015489098;-129.15025618494923
97161.11967833492;-129.33435691027645
39063.611725282884;46.300843554238405
-54925.91919765646;45.78218324134867
-66210.93391634017;46.2466832315001
-129872.86264441453;45.778045994472826
5090.986170525517;58.54446151326631
48386.13690841777;45.77842210782518
33565.28155721171;58.55198378031329
-26572.00476678851;45.78556826151981
-52339.12842611993;58.42560969392392
-66331.31487215844;45.7938427552715
41669.99939660376;58.491053417232706
-24295.964834689818;45.80399781578493
49603.94425216061;46.23765651104372
-73512.17886457316;45.81490510300306
-112566.00057770585;46.14099537948994
29788.679013052868;45.82242737005005
-30159.885158431596;137.7543778707777
-38423.502607365546;133.86556804406797
6852.439267152833;137.76683608925433
-28856.825357918933;133.86637552119146
-17624.018982036043;133.95173738853146
-33780.20500835563;133.8675290599393
-18765.094006367402;133.97653847160996
-23237.629329008843;133.86799047543843
5598.054694950806;133.99983995431626
-13902.358902678381;133.86729835218975
-2539.485933112963;133.92532135120595
2816.3850901821934;133.86660622894104
5789.5637899434805;137.7840238165971
-42094.093594725164;133.8667215828158
-24033.19002779092;137.78206280072578
632.3834527032232;133.8675290599393
36062.62075613899;168.52945466006202
34523.02375406993;168.57064628665105
36517.29844002731;168.51389337890618
28592.209928153945;168.5712056791109
27342.08163787714;168.51816510314504
31852.380712266247;168.57171421771076
34637.869877122466;166.85381997350873
34236.37912727077;168.57201934087067
28707.526732038663;166.85188752682924
27278.069044700318;168.57166336385077
22710.817589617127;168.52833587514232
25675.63615153489;168.5712056791109
27978.206782571833;168.5194364496447
31894.27130633049;168.570798848231
28813.194578863644;166.84771751031036
23346.94273431182;168.5704937250711
-20710.491169421595;165.70544702358364
-45825.91917792673;165.6943716576048
-22464.866671784876;166.21244924309366
-38096.48220365574;165.694217619135
-41851.86425510041;166.21736307028038
-15316.560342007586;165.69409438835916
10096.422532578508;166.21418987780243
6826.314524473943;165.69395575373633
-22996.07200317774;165.70996035074887
-8486.777509813604;165.6937400998786
7637.101609231468;165.7101760046066
-35797.92078849338;165.69317015754032
-18896.20529133732;165.70903611993006
-29286.661453882716;165.69260021520205
-42163.398208849605;165.7039066388856
-12663.529203829312;165.6921689074866
-23155.319959301898;52.248382764874435
-22053.432296683546;52.46756799980599
-24405.896908892235;52.25290922723204
-35951.91328099965;52.47592454569695
-25275.263505572966;46.535987269581156
-36800.92565974222;52.49141897453643
-27900.26764610617;46.56523518019951
-26676.944649348286;46.90123796289839
-37265.62280487276;52.22017942249246
-29676.949381386235;46.795562476319006
-18648.06813960597;46.54051373193876
-31810.34741070117;46.76579228158247
-32633.140796845437;46.58804158669358
-34902.1186168332;46.756913451573325
-19724.08179637073;52.240548503101664
-28557.122408042724;46.753431557452096
-11754.973356208706;-61.76134818092193
-9331.447247027783;-66.72345287455599
-5476.512766005762;-61.76166197007004
18087.079312181944;-66.72533560944466
15325.065974967438;-61.76950669877278
24261.553230449805;-66.72800281720359
-42096.79870298123;-66.92066935414299
3384.6372067481207;-66.72925797379602
-18048.28918525951;-66.9255330859387
10299.750890431162;-66.72815971177764
-8439.071827666507;-66.9209831432911
21787.09487379047;-66.72580629316681
-11155.458359848271;-66.89368348740555
-24532.600942354347;-66.72486492572249
17025.990823048443;-61.7075333420211
-31079.516920308066;-66.72643387146303
108349.18188220999;-118.2426010589595
94918.05712254326;-117.91538619098692
93490.44785018559;-118.27161690729467
100863.75980192533;-117.9188820763285
107893.00963502724;-106.7715524876089
111920.69026299802;-117.91713413365771
107404.80592254593;-118.12269219174306
90866.6290289201;-117.9164349565894
115215.51305560378;-106.75512182650344
94112.85235693495;-117.91363824831612
107701.37310987903;-106.86559180329759
101602.14030372116;-117.91084154004285
103576.49355272645;-106.75652018064007
113222.38274073381;-117.90979277444038
94368.55181268025;-118.27266567289715
122626.93140571592;-117.90909359737206
-40438.976580024304;-112.21602173834138
-37976.30259710131;-103.80098266722638
-40713.19326883278;-112.03353382515384
-44473.66991311285;-103.80541451654665
-46076.02750731014;-112.1909948245328
-42919.82419705325;-103.80750009269737
-46036.89556935617;-103.48423578933658
-42919.82419705325;-103.80750009269737
-40543.47497613357;-112.0908871692985
-44237.70579286611;-103.81062845692344
-39869.43833699397;-112.00694272923224
-36532.52461663507;-103.81532100326254
-46081.743408359594;-112.07446325711162
-36908.60159337615;-103.81584239730023
-40976.27127867309;-103.45634120832078
-37289.66166333983;-103.82027424662049
-34340.98797856837;-35.36707543996444
-37400.08605504395;-35.60530253248604
-37681.50106027978;-35.42964405643422
-36513.35356605207;-35.60802290711516
-37001.18544554401;-35.33812288141165
-41378.08325008297;-35.598890220860255
-40487.394437667856;-41.74382788309788
-35183.51285365707;-35.59170065934044
-40477.24560801693;-41.67873320447248
-40048.414551749855;-35.58256797308553
-42791.5227965517;-41.67756732963143
-42421.34853538573;-35.57168647456905
-36822.97887743624;-35.379900063216006
-35904.423786996544;-35.5660514128373
-40725.11787118614;-35.305478385862195
-41991.65740880926;-35.56507985046975
-35304.09711824206;-74.41043961959468
36230.61151004392;-72.69861915647287
-21889.485174263074;-74.44457585235268
-10731.407540777975;-72.69812916270122
-42848.95110118174;-72.62588230325963
-15100.105430244228;-72.69818360645363
50250.39391766106;-72.63312332232951
-35814.338881701675;-72.69883693148249
10338.808536348974;-74.41234515092886
76464.55893571228;-72.69981691902578
5847.494409152117;-74.44947579006914
-39785.52283917031;-72.70052468780705
59646.35755408213;-72.62784227834621
-36789.33573978536;-72.70079690656907
41370.605088460754;-74.43319710810002
52075.7937148441;-72.70199466912199
10653.340218436231;-60.556108037054685
-20754.628525722335;-60.438022837689935
24790.083302596267;-60.532364121296
19491.73917582381;-60.4386572171186
-2558.115266502886;-57.59464361277121
17042.924663449983;-60.440469729771934
-3540.8791732869577;-57.582952906157196
-6798.409618838123;-60.443007247486605
-4572.214607589191;-60.55764867281002
-20179.865450090794;-60.445001011405274
9275.527887837801;-57.55476833439784
7241.190410285595;-60.445001011405274
14645.110254970225;-57.58938732607653
-25174.63752987476;-60.4440947550786
-3117.4973584203435;-60.55048924782935
16384.780465578937;-60.4449103857726
13449.896480679396;-88.04949181386992
18140.804388156335;-81.62130831999801
22355.93385613765;-88.08848638438792
-70160.99892273238;-81.61722511889664
39076.96648274893;-88.07746174141424
-16774.45434639605;-81.61661263873144
-33650.258272602296;-81.37897033463226
25489.574983739352;-81.61947087950239
-70892.81877143448;-81.37141641259474
10813.052117209678;-81.62253328032841
-54680.047449665915;-88.08440318328655
-71485.1533748226;-81.63069968253113
-28489.304195985096;-88.08440318328655
-20766.025270517974;-81.63927440484399
33522.396508396414;-88.0566374157973
-40108.616206318;-81.64723664699164
17822.405393335903;-21.879167377288447
-21935.232786487744;-22.12379114152049
16516.207773886934;-13.483710176890089
13326.14763033907;-22.049087196956872
-322.757281704442;-13.373553512872554
7377.4563441960945;-22.02680263044298
-21855.82867588294;-13.48573604657317
11488.604170759643;-22.008316569584867
-5069.137993106393;-21.675820707849184
-6996.67277803793;-21.99995985714216
-46.166296431052615;-13.414830607665332
19270.2070100301;-21.99666781890715
18087.08576201857;-13.375072915134867
-11692.764219390174;-21.995148416644838
-6845.143266967101;-13.473580828474683
-15156.768544524602;-21.98983050872675
-34919.280144180884;113.2566497217846
-36136.65076090035;113.30969569865489
-35464.872391144294;113.24993623808086
-37290.5998620468;113.31059398168567
-36051.312393900494;113.2568388340016
-38041.26695315123;113.31215415747597
-36366.98671717639;111.70096534663577
-36386.634248836956;113.313099718561
-38309.76331286527;111.70124901496128
-38465.09227897208;113.31305244050675
-35725.4261316764;111.71273758214441
-35051.73675580138;113.31267421607274
-35727.33713779536;113.25461676545177
-36984.062536777186;113.31291060634399
-35925.84289840245;113.28090336361566
-36388.42581707348;113.31357249910351
-7190.334827657447;43.84278791762142
-56607.71036745358;44.3362815591615
-65288.222773168076;43.75989640751899
-26235.356391130226;33.746409216191104
-23628.182047439113;43.7611815472105
-59943.60976303808;33.698537762682335
-38007.28660118519;43.783992776734806
-24566.46274897024;33.68375865622996
-37179.44739067936;33.31428099492066
-28856.6899003374;33.678939382386794
-33542.42974178659;33.27926093832699
-43804.99290782922;33.68407994115284
-20179.00932772612;33.52600775909703
-54747.19601864288;33.70721245560003
-25925.74263851231;33.272192670023685
-9274.563991621959;33.74673050111398
-19481.984858512733;1.0510533094719006
-25974.293224238205;0.908519668005666
-18222.505646542668;1.1338061116803835
-16887.922610290436;0.9067732614655517
1703.254210034343;1.1030424887814507
786.5107041138713;0.8778903840713572
-2690.915572570154;5.472014296288406
-20739.079822092885;0.8429622532690755
-10870.079674157092;5.5418705578929695
-26594.197805614855;0.9062359056070552
-28825.258236473324;5.5452290320085735
-28804.992125159086;0.9253120385836859
-27876.923439386544;5.521182357340849
-16863.484064293854;0.9359248167889946
-20968.56372962174;1.1239993672628197
-7570.279902521377;0.9372682064352365
125216.68205769143;-9.98232489820839
127831.27015366069;-9.451448073948722
124559.4437882435;-10.097383460916461
129278.01750832584;-9.462446318913464
125079.32700678274;-10.060158631805027
125180.12398597483;-9.446794970309792
126764.79130656415;-10.01743468021122
128468.41358898625;-9.39518782085985
129517.86428347309;3.827240683290488
129602.92434437659;-9.343157661988187
126689.01199234367;3.8082052593130493
128786.62214699622;-9.38503559473855
125619.06295300912;-9.960751417700628
128918.32804775002;-9.457793215274535
129506.00106814783;-9.964558502496114
125650.21398100605;-9.489941931325319
34996.56482498738;-90.26658287820197
33430.58254052763;-89.92738687036369
30317.559396276527;-80.80469457558995
27802.611735930073;-89.92938046570784
18947.969239071037;-80.96475180179071
32065.8528931696;-89.93422205440073
30588.42176903461;-80.94282225300519
5908.692497346321;-89.94048763976804
18355.57618256691;-90.2440837307467
22136.758081995726;-89.94305083378192
19808.383454632985;-90.27057006889024
16583.60590483834;-89.94134203777266
9375.44674727974;-80.88956477738323
24625.661283423135;-89.93820924508901
5995.823050820949;-80.9562078217444
15346.730873991997;-89.9370700477495
71885.45208641698;-106.01205476257994
82075.44978155423;-106.23768717775442
80706.91646595183;-106.03975435175988
-12365.513735594315;-106.24594202221202
31857.373197619745;-106.00948658874867
-26328.608468266466;-106.26006697828392
-2601.2819608666905;-106.0248956317362
43979.537188711205;-106.2697893506451
-44857.53583314101;-106.05938253747019
53644.42358200991;-106.28611559857235
21744.418859508995;-112.04487853318432
3969.7054107886797;-106.28226333782547
6189.7705672103475;-112.04267724132896
57829.09434260747;-106.26758805878974
64949.52249726764;-106.05993286043403
-5421.474319389556;-106.25914977334419
7454.3447830806035;-53.398397436656246
7745.9273385992565;-54.362872194238996
22251.35842467552;-53.40814391307975
12129.278283099438;-54.36201937755194
11340.643596538688;-54.394913735481246
6302.032953098234;-54.36144068051429
-2307.2624189806593;-54.386903350170684
13668.49773482771;-54.36083152573782
13626.442558550982;-53.40348387903976
-1277.110862944981;-54.3574202589896
18474.40306953693;-54.40481250059886
20386.511750918864;-54.350354063582564
1273.8359723548783;-54.39984788917064
2197.4477484895106;-53.355512940392856
7800.799330503178;-53.40165641471035
13990.119701972599;-53.36239638936696
38128.039109797726;43.30356892969849
6686.382954445342;40.9222311749902
27020.896237548357;43.319085046326556
60512.710351091606;40.924618269856055
638.8042175477376;41.011606815114725
34834.288304868314;40.92658411268676
1666.649194967766;41.01975102112765
39212.31045303952;40.92791807746474
57908.24632865162;41.01455557936078
50417.92286564453;40.92854995551747
33756.65535760555;43.30897499748293
30967.422647082523;40.93058600702069
36447.41852777295;43.32610591357907
59168.435165337745;40.93332414524917
13005.029527153396;43.307711241377476
65781.38395978286;40.93571124011503
78769.73206596481;170.8038554994734
22832.767845161958;165.02573468189132
84299.41874744884;170.70074465358704
59632.86416485622;165.02777648081977
6311.334799374177;165.19060994536306
104667.72711260806;165.028797380284
62941.86893671128;170.7888823073315
104210.0653309494;165.02845708046257
13063.02561951382;170.75434187545866
16609.51124714366;165.0289675301947
107220.25313196203;170.68696251082005
94509.52282486476;165.0293078300161
97044.74891432787;165.19775624161264
86270.03803410968;165.02777648081977
92620.68502496081;165.1868666473276
60088.95322561571;165.02556453198062
60428.47709871975;160.06281817418144
64735.021944477296;164.6269707093725
55363.50650497261;160.11168490368027
56603.513288188195;164.62602052296558
71445.60901688437;160.04096388682225
55591.42052431753;164.62398440923647
48267.26830943671;160.02263886326017
43075.46420774903;164.62181255459208
52693.56458908734;160.04747945075542
68406.75542561876;164.61991218177823
47231.99784868351;164.47466940243447
59076.44478057192;164.61869051354074
55663.52891461875;164.46028086541537
65222.39740392392;164.6189619953713
75659.44307511178;164.50086739908247
78711.81698955887;164.61977644086295
588.4176908199606;217.6950970566276
-31827.542979806996;213.70482960702532
-9599.140790616559;217.64844856351849
-36316.570822343885;213.70694465205293
-11442.323867533814;213.82867724364243
-37121.069265482656;213.70811967706828
-29737.3164311953;213.81128687341536
-30199.26017194736;213.70800217456673
1305.6702982302127;213.8008291507788
-10154.7590076245;213.70764966706213
-2961.1102575034993;213.7750961029428
3823.8606305207504;213.7075321645606
-45649.120113640914;217.67982173142815
-31558.45845487588;213.7068271495514
-9375.975126595187;217.68040924393583
-46257.08583208596;213.70694465205293
39464.438986108355;256.78268840735194
52195.10398204558;257.61195957352527
52940.180605201116;256.7911904572778
25178.712897479738;257.6120090040481
32454.39157703444;256.7766578835673
28035.203582300786;257.6121572956166
45802.49927971549;256.7847644893106
24669.81356409459;257.61240444823073
53467.07959346484;256.7810077695759
30193.525835468037;257.61262688558344
47658.10006447035;257.5953509178561
38732.998465133554;257.6129481839818
51352.938311363185;257.583660599208
49780.423007880454;257.6133930586872
35475.06093211158;257.5856872506438
24922.899620569093;257.6139120791769
-122635.23667330603;152.95755401079526
-92232.78888201163;153.09131217432892
-85508.71328766366;152.95770397274177
-91779.16933969867;153.09131612069592
-107436.49739174035;153.08779596132047
-102481.46702343917;153.0913674234671
-102570.91313037412;153.08724741630567
-83685.00655182329;153.0914660826424
-126611.32909348582;153.08749603742748
-119632.403083347;153.0917738992694
-125585.53842268421;153.08663178305167
-108074.68826582385;153.0922001069068
-100317.0132135609;153.08662389031764
-113934.82804953822;153.0932419477982
-85226.88706184481;153.087038258854
-88767.81707288869;152.9639510717231
25832.69191874638;-9.496167831491915
44771.80994598224;-16.255323984008335
20536.20495932932;-9.493620903086619
17065.43702362514;-16.207911932155902
12562.268449511896;-9.513212660050435
44182.254844574956;-16.19439361985087
20238.71056484039;-15.922460033193108
6077.162334031767;-16.191846691445573
27438.34659585101;-15.987700583882614
36284.38996074557;-16.203405828054226
-29474.09701834162;-9.514780000607539
-32208.600288233007;-16.251209715045935
8241.128409012883;-15.964386393095673
13634.063322807626;-9.84333376489073
-33355.10836562414;-9.568461414688395
-17011.93457523003;-9.798860476582867
17753.211248824562;-41.63020675942776
17172.13889420711;-44.349566472432734
17246.43908684328;-41.64770596762341
17503.17625559824;-44.35198015632179
17492.252335858106;-44.458613262420414
17930.36164910581;-44.35404902822669
17803.24580781779;-44.46654393805588
17536.010651973116;-44.35430763721481
17962.582201366848;-44.445338001030606
17769.359107247765;-44.352324968305936
17330.911553365906;-41.621931271808144
17310.704807332833;-44.3522387653099
17778.654460971597;-41.596932402957215
17439.43668720626;-44.35335940425839
17477.29458336989;-44.47197472680625
17503.58966081776;-44.353273201262354
79460.35811781028;-66.78526000645932
79394.80661097079;-74.50597501445029
43021.524065871345;-74.81027450605762
47302.661762554795;-74.51353979732103
62320.19982944803;-74.80392984945635
94432.634429981;-74.51451589833661
11363.267762726218;-66.70814802622844
41260.997882182346;-74.51671212562167
19457.31810723966;-74.72779397024104
106923.31798322841;-74.52061652968399
85740.81677309799;-66.80649020354821
89694.19693558401;-74.52330080747684
103661.35014288266;-66.83918958757017
78672.17928557361;-74.525253009508
107839.47832881835;-66.78916441052165
100480.54131100484;-74.52915741357033
-50967.10726296417;-151.76475985664965
-24749.390052181883;-152.02447864237814
-54976.59331992446;-151.787040189824
-3399.830093369353;-152.03365289721464
-41866.32242638363;-151.7791765428213
-10185.87465261353;-152.03911376318874
-85313.9550633426;-158.95781251774224
-54643.29331659842;-152.03845845927185
-49382.519959015786;-158.92089706375728
-64643.70570452933;-152.031468550825
-87282.68474400573;-158.99494640636615
-67564.31759808125;-152.0229495999054
-78606.99864048087;-151.76978385334584
-40353.76181806927;-152.0174887339313
-77317.579559817;-159.00783405006504
-61915.1649993348;-152.01530438754165
48837.647042231896;-178.25285981987656
85684.26438971564;-178.13064305243225
45557.917379003644;-178.25069970956824
80972.96493065622;-178.12984722231866
74589.59847202407;-174.5249641877846
89097.69419332904;-178.1291650822213
87658.78719467185;-174.53451414914767
53354.91824878116;-178.12905139220507
73064.2755289716;-174.50506843494483
52308.959223694954;-178.12893770218886
59787.19939292008;-178.25490624016865
84387.20997902806;-178.12836925210772
48687.64200667783;-178.23944439796176
68403.52124493584;-178.12734604196166
85262.78284959907;-174.52178086733022
90402.08580684263;-178.12632283181563
-31284.586211451307;-123.7965938236205
-44426.508226407284;-124.02179103535474
-28236.81083447619;-123.814450871247
-33739.511813881916;-124.02238627027562
-24679.084168380155;-130.283265579768
-24869.373873557048;-124.0192116840309
-59650.31265938769;-130.26104347605502
-25081.016218918805;-124.0160370977862
-39211.439870668284;-130.2842576379695
-52009.8355861795;-124.01286251154148
-60172.196306258964;-123.86881566068769
-37287.19017871449;-124.01147363005943
-61762.33998120251;-123.76028449344662
-25687.682407700584;-124.01345774646236
-35106.7088045423;-123.77377648498664
-27525.89352008595;-124.02060056551298
-50113.87189712592;-77.92772329326195
-54939.69850734685;-68.47739696715149
-74593.29177930302;-77.81592733622011
-63387.86625817562;-68.47085571434586
-66641.78071395907;-77.89144907315796
-45916.05953404197;-68.45361059331282
-81353.20210680239;-68.11703340349538
-63614.927186174355;-68.44082541737451
-42927.98776255455;-68.11346544741959
-70614.40868563933;-68.43636547227976
-56539.75871070981;-77.8852051500253
-78048.62116295312;-68.43428416456888
-58154.20569463466;-77.8016555119169
-62904.97084105435;-68.43131086783904
-65047.97563257956;-77.82365790771769
-55404.45407071616;-68.42893223045517
25353.918145811;-164.36897542708255
1964.9523437082753;-164.43584997107448
-11842.131869704564;-164.33382003439115
15067.470301258221;-164.4388897230741
22616.86480917229;-164.273817973181
4204.85846242504;-164.44470490081252
-29012.916354487752;-164.3040833300469
-2571.9275655396923;-164.4499914260293
-29597.859990585755;-168.60982595596175
-3598.048202972408;-164.45408848307227
26197.86121552839;-168.61828439630855
-17396.35277456764;-164.45369199368102
6186.862602749621;-164.28399453422324
-10244.237058900246;-164.45276685176808
-6507.402010281636;-164.28214425039738
228.77817427666378;-164.45448497246352
2103.37161322033;-46.09206927811131
-6222.886377741423;-46.09943502376495
11118.363491482;-48.685216459490306
17094.307116165364;-46.099030312465295
-26068.478006347374;-48.64061727426885
8455.205922629379;-46.09781617856635
-12121.417271175555;-48.63964596714969
-7336.991252214975;-46.095549795288306
6929.297240685657;-46.04026623175608
14494.197029464187;-46.09498319946879
-7197.329108208622;-46.01298869015965
-16901.852943164522;-46.098544658905716
-11194.858704367676;-48.646607001503675
8041.805976370568;-46.10502003970012
-7445.528689842773;-45.98813941636113
4788.077055719645;-46.12493183564291
1358.0736583300277;29.49541548788811
-17665.766471292576;17.065779170238507
17797.753359181872;29.531879935676564
-4804.606319930303;17.076353860097157
30885.748629528185;17.501529321310507
18978.8603580298;17.082552816221195
-28118.758958613085;17.586126840179716
26600.32480837714;17.08072959383177
-765.5723693998552;29.461503551444853
24663.426658776356;17.065779170238507
21567.90947470969;29.526410268508297
-19387.562352891247;17.05812163620293
550.4624157403014;17.535076613275884
-15406.214919688635;17.057756991725046
10327.838234017836;17.55731992642684
28188.17064126541;17.048640879777935
23027.611332535875;37.10819945761918
29996.39435690109;32.52283734649808
28083.862076662972;37.09748223870806
29091.38449608457;32.52766009500808
33071.77111505335;32.696456292858166
23027.870202633363;32.532616808754476
18450.270268760774;37.0291599681497
19266.74655623655;32.53194698257253
27314.50014692993;37.09922378678112
20351.41226470944;32.52632044264419
33374.39025901631;32.65907999190565
31711.926492951177;32.52243545078891
33698.49562107074;32.7044942070415
25816.4188927694;32.51332581471446
19863.95987114036;32.70154697184095
28700.49064887835;32.472868313325
40793.807322820976;-14.41623864398141
36133.39821552553;-19.408309322297455
40061.24535689489;-19.635524541016817
40265.18734979171;-19.404818585697015
51844.49585091327;-19.645996750818128
43834.31769053087;-19.385619534394614
53973.52224751656;-19.586971568301646
46124.22842675176;-14.094297527513822
53448.68436565371;-14.44892463214914
49579.60510240868;-14.174743139169351
54098.33125600833;-19.605377270376678
42006.113006702624;-14.163477580140666
41723.910819669945;-19.611406724504704
46849.517140434735;-19.27312261395325
41795.479621742146;-19.572373942518
36937.52898352382;-14.067323653783172
56733.96901270058;-2.9946396830615503
43756.327557546465;-3.0619161540993285
60090.34091621185;-1.6153681409454657
38758.26545279692;-3.0548934712053293
40970.279077374194;-1.6196482376205066
23230.870037769335;-3.046998147241662
56605.30602782584;-1.6246763123552634
41524.51962760385;-3.044214006686053
63970.02476781941;-1.6215181827697962
59953.01792273977;-3.0448788760724668
79801.75762783916;-1.6253827360783286
32577.49360246804;-3.0500316138171764
50164.73391957681;-1.6190249225707434
48045.506101399595;-1.6957757823649229
44659.44273984031;-3.0259716528963154
38272.067827260646;-1.6792787107145228
16125.082955507827;-45.415279923023206
28137.75195747627;-56.83371234914405
24030.23442304281;-57.17927849010803
18874.00007000779;-56.84459908732482
19463.87078428814;-57.21404581526599
13700.86770179947;-56.854081085095174
25106.767974314265;-45.72537636862401
21138.074133766084;-56.86321189776292
17461.58597098393;-45.77524465319402
15616.842652987738;-56.87058678491765
28799.1142744129;-57.191218783596625
14197.669347894556;-56.87655693166194
18194.43989057684;-57.24038469796142
15157.216640273917;-56.88217589330363
27077.076543521303;-45.61545543150844
18539.419369576408;-56.88463418902187
43117.16179480188;-205.90746430427797
52149.37780749425;-205.74146720175378
48238.147238635196;-198.41339153681312
86978.2206580029;-205.74238052831512
45725.57942138098;-198.49764591209706
58275.39037822924;-205.74215219667477
59654.51093569989;-198.4789227175895
85024.93182525602;-205.74146720175378
71075.52753612987;-198.51020415231554
75158.91552950448;-205.7396405486311
53060.41628641717;-198.38553507669212
53039.01293093685;-205.73644390566636
51599.404629717494;-206.01295352211315
41739.90239867735;-205.73187727285966
91712.08454184445;-206.01797681820057
86154.65676234735;-205.72616898185126
-21915.391411164554;-106.39705130697901
2717.608621097439;-106.62582500503284
-42046.29597734156;-113.7268076269257
1371.195271684468;-106.62020126614263
-36354.000865366645;-113.70363782269803
-4684.77195431236;-106.61367772902997
-36830.90725125448;-113.72005914025745
7244.499913138476;-106.61007853614024
-41963.64322415476;-113.78551946093953
-29123.53801658538;-106.60872883880658
-24321.413056432302;-106.34598775785588
-28066.40930332621;-106.6116531830295
-38617.85977515309;-113.83343371628412
-30228.605326692894;-106.61570227503046
-43315.842266290805;-113.75155207804264
-27588.676389906504;-106.62582500503284
17256.614642303994;-73.91045812973007
31816.035372174414;-62.48552764261355
36472.87685775466;-61.96626186175848
40307.409879944236;-62.51116593916481
41995.62391122833;-61.94531790119548
33197.728222569815;-62.5765255402321
51102.72367951416;-74.00542815780022
16074.127023252004;-74.42900170504849
52065.884326683;-73.89348629961867
20153.474555341738;-74.37230857042105
45026.628761197666;-73.8375153705279
27052.548661733555;-74.37880842025095
19659.821187433477;-73.78226664697378
35650.56839436399;-74.3806139340926
30175.442793501035;-73.82054354041651
22899.421414331446;-74.417446416462
-12314.303657321478;31.728509852530177
-18177.800352977552;18.73749003152908
39311.075138716165;31.50555838730045
-32288.517525850126;18.768360234407044
2946.1666144911433;19.05724435516624
18956.05132658954;18.786653687964353
-23033.12713385179;31.588260041924126
28960.85615887364;18.79694375559034
20325.502469913044;31.693066286262887
11129.918767774649;18.80380380067433
14780.567938612974;31.72927207976173
-8266.97746190193;18.810282732142547
-3847.3851357215317;31.651906015758936
-17709.111191626194;18.81409386830032
11818.305973509461;31.63475590304896
-15081.27847186193;18.815618322763427
61145.48964456904;209.24359681986328
52662.86214467395;212.8820202132113
69351.03107726047;209.24585323978118
65793.28662268822;212.88234255891385
66991.39593772413;209.285931555466
66739.3763362577;212.8820202132113
61041.15894933832;212.76157036902183
60903.63212380692;212.88223511034633
59480.94082520619;212.76017353764408
64649.37507140855;212.88309469888648
56436.38144620064;209.27873250144216
51716.09495905752;212.88395428742663
57016.97499043912;209.25541616229043
61396.8317739885;212.8843840816967
60144.524695196385;212.7745716456917
64728.97803692549;212.88395428742663
-31090.0649686315;196.64316544378667
-31566.205563798467;189.38330557398223
-34661.87384256168;196.6913851209056
-34769.43117936038;189.38438190606078
-34927.21067943382;196.5923625696792
-33619.4945224044;189.38416663964506
-33821.24535856387;189.62548029165546
-31168.882870079844;189.3824445083194
-34763.75514087868;189.61213377388148
-31152.142148988263;189.37749338075807
-32199.838264685364;196.66576841743617
-31557.727430370112;189.37082012187108
-33600.16725213129;189.5426027216073
-33155.13709573108;189.3667300599726
-32533.646806279707;189.62268182825125
-34616.75292906163;189.3641468629841
22614.22644638661;112.75961889391012
14295.039471221522;112.63896835021666
7586.005968484632;112.75918681305693
17517.89585609307;112.63899334662965
10017.443331508977;112.75957961383256
13954.507126340191;112.63904333945564
4751.392877349448;112.76060446676534
20780.08645834128;112.63907190678478
13621.258895787874;112.64158226083268
14166.474853314454;112.6390826195332
6998.177942133329;112.64307847469622
15629.489216296599;112.63906119403634
6593.90959687314;112.64311775477378
23326.977033480474;112.63897906296508
11464.432642967295;112.64230715680952
10608.185003591885;112.63882908448711
-73431.96330077708;79.79684808395618
-92365.29438476116;79.99610747473756
-73560.6888758364;79.79441597282197
-77145.6627926439;80.0027089192447
-78297.52324926278;74.12863936345528
-89176.5017715041;80.01608553048285
-100886.52727055326;79.83159252873061
-90335.69891892948;80.03988547515334
-102623.32207601683;74.15956191930452
-93421.11088900418;74.37150303242855
-76203.89848184721;79.78642475052385
-96499.85314016388;74.33397903207216
-93898.66276331751;79.76853136146502
-74445.09360396417;74.32181847640112
-99336.48459470943;74.10553430768027
-84743.80658060129;74.3162593652372
-68038.04916913358;-52.32820273363932
-72331.74242759484;-52.00684957853238
-70876.4757778405;-52.32587767699474
-67233.97284043397;-52.00648565662279
-66623.17217780084;-52.32475558444018
-64477.06891651662;-52.006111625771275
-72352.30894077884;-52.324341117820936
-58428.53172589801;-52.00576792174555
-71182.24779313029;-51.99355631989054
-71246.1774365215;-52.005353455126304
-58753.63130779443;-51.993060981735816
-71645.11823442794;-52.00515127628764
-59959.86969550157;-52.330032452129196
-69018.05591181677;-52.00523214782311
-60132.826637699516;-52.32391654225975
-65113.63966795862;-52.005171494171506
3095.036199720751;-135.89166081807733
44547.894003017514;-135.81826354876156
22869.967119763212;-135.84406414771826
2273.8467272236594;-135.8170621904953
-16655.30820916909;-133.99391521011816
86812.10667435033;-135.816089662375
-9235.09914331205;-135.88525357399052
-38761.040386478766;-135.81603245483848
18673.04966601306;-133.90758903755582
77348.75853171159;-135.8159180397655
-22553.61223467972;-134.01674101717737
-10316.9056340268;-135.8171193980318
-34839.491857637826;-134.0155968664476
81725.15751687578;-135.81872120905348
-44718.352038755635;-134.0011233597158
-34773.10827752578;-135.81957932210082
-120318.4374040336;-143.25099658538224
-124076.90243101386;-132.28662639337
-113399.23002170151;-143.16655452901853
-139872.1023342845;-132.29455360682456
-112130.96087193288;-131.9602319959151
-131367.79495567188;-132.29041766937002
-100164.21251099143;-131.9074987933696
-132911.28134823145;-132.28697105482456
-108264.67878076647;-131.9685038708242
-123203.96251659445;-132.28421376318818
-116529.70793798353;-143.20136533592765
-125941.0027249691;-132.27766519555183
-134621.2221556749;-143.16448656029124
-135727.76570916432;-132.2728399351882
-119549.53149891659;-143.22032171592767
-116584.56223379754;-132.27042730500636
2094.996170120783;-133.81469456191306
24502.494683088524;-133.95196899084365
-618.3163901860571;-137.46716700832224
4671.3247116209495;-133.95683217512138
22156.402191977042;-137.43235102997028
13350.194823339556;-133.95981640183726
25534.698205082477;-133.86111586638233
4049.430128587832;-133.95981640183726
14363.747939017105;-133.84354208683325
-12084.457570017927;-133.96003745566807
16271.877440422744;-137.44174581777952
15783.108171441185;-133.96280062855314
-581.6586950124401;-133.84718947504155
-2923.8924813688063;-133.9650111668612
20008.389878294925;-133.83304202986997
-4174.755939486087;-133.97153225486997
-68934.97605226867;-11.700927458462267
-64825.574195086236;-12.072145086585262
-67382.80256366209;0.10271712272398048
-69197.31241076913;-12.044169265335412
-63798.474242974065;-11.553157735963065
-73827.98001925765;-12.052418545960368
-71949.73987268299;0.095185170849021
-70987.57267851898;-12.073579744085254
-73617.14896567288;0.23829225647324748
-68457.80044524836;-12.11518481158503
-70053.46284890047;-11.539887154088138
-72623.91826076206;-12.140291317834894
-71837.51041450097;-11.538093832213146
-69722.38594726354;-12.204492240959548
-69452.43401838644;-11.610185371587757
-62183.37209388686;-0.4288234810231515
1857.281702293848;2.510229043014741
8010.211003216126;-0.5173029181674711
-10390.857112487647;-0.3993896328213633
-19522.629337055714;-0.51013789482686
-5943.422041480853;-0.38284815918316206
-11047.356951430982;-0.5070418970870896
-273.33130712087404;-0.4569751907810904
-18698.49116003358;-0.5081918391047187
-1071.3701021666711;2.5105828713278573
-17873.851071819587;-0.5062457833825773
2991.6009958809555;2.5096098434667864
-16893.116602939408;-0.5028844144079696
8584.397406695618;-0.3818751313220914
-707.4844880734618;-0.5024421290165737
-15014.964923026597;-0.3814328459306957
-14611.428324777022;-0.5015575582337823
-24931.94768036678;52.98861718748975
5741.3833076508945;45.84869143848406
1777.1168543296699;52.97224554365219
-27270.307316055645;45.854568438836004
-927.450413442355;52.894585181858616
7506.33888784114;45.86044543918795
-8652.228697722749;46.06844927307291
-33999.71673568896;45.86212458214565
-27422.434922616507;46.1192433475433
-25344.96380677635;45.86149490353651
-21934.827323054637;46.1326764912049
4704.024470152182;45.860235546318236
-25748.342890236367;52.97812254400414
-32394.460724377088;45.859186081969675
5156.9654887813485;53.01590326055236
6789.755908520529;45.86233447501536
19076.403392712004;135.82017029760434
24872.9684719582;127.18548670506883
21877.6285572318;135.83112090795294
16233.966173532954;127.18752402792438
25911.93034267935;127.44651869593619
21569.732699596418;127.18726936256743
24752.31868875287;127.47987985769582
26541.160771425963;127.18395871292716
8395.911198267848;127.41137487667795
13322.543558511255;127.17962940185912
24519.679626582194;135.73282008017264
12800.822837571373;127.17504542543413
21230.479843850735;135.68850830806443
10610.312541009247;127.17198944115081
24683.333292910218;135.75854128122396
15929.9526109017;127.17046144900914
10269.613887768122;115.66374451860821
13301.310269354755;112.59828562731708
12511.969631143727;112.67528089937242
4017.7218677086403;112.59828562731708
-788.4050186049644;112.66787924367661
12104.76290312671;112.59729272228472
5934.43306152761;115.61617534114846
-2594.252066146306;112.59494585584459
5320.30006593518;115.64596249211947
7041.262031449236;112.59296004577985
11696.045764397466;112.69775665874145
6091.515775599457;112.5902521229643
72.52908736573227;112.71508736476095
5552.903315618492;112.5869123514918
10914.257179747583;115.63152023710323
7028.272499324063;112.58257967498693
-95329.30522300447;50.50920039541419
-95870.2635003872;50.34728676873989
-91364.91102471617;50.54250276785409
-96937.32898094882;50.344360618860236
-94338.60164881016;55.07455156955945
-92830.32233959662;50.338647659571386
-93459.54444806321;55.09559198059888
-95895.12061749435;50.33335272169391
-96330.96278100871;50.500561286245684
-92350.55891407514;50.32610701723
-97232.13860291032;55.04542941123336
-96409.43122272409;50.31704988665011
-92896.15156922361;50.50975775729603
-97218.86743021752;50.2997716683131
-97492.61169869838;50.534560361037876
-95576.82312640194;50.30116507301769
13589.971070434933;4.921948925563384
25816.55221010262;5.0532351506001225
7718.112494981136;4.946550855529782
29569.524174899016;5.039415547964676
12387.412109460683;2.4352557018918124
15433.765659411556;5.030987108994706
23310.21204778215;2.424245578913023
30381.239365633144;5.023242056968248
8920.187139015805;2.4562888333754307
7639.168833829785;5.018989871541956
11344.677738547452;4.970013807256996
3015.3950116706474;5.017699029537546
4859.6739175868515;2.426523535391393
33248.39564793985;5.017547165772322
19579.034345266806;4.946702719295007
28108.33996818967;5.017774961420159
17147.105834525064;40.789045697030986
21409.04138843363;56.14764154869436
128439.9135064015;40.80291774619483
104962.55727629813;56.16464599605649
119354.89337774571;55.60842157313191
95723.70190205419;56.19775991986697
16648.8894141543;55.62229362229576
101971.51062628273;56.42195013377302
47601.24007761001;40.80291774619483
20760.48597805624;41.53231904093906
123226.99643431153;55.509974772614285
43271.127539861234;41.46027388237843
65890.15302469424;55.4526966341313
112974.2269414183;41.41194545303341
52083.43973315618;55.52474179269193
42785.14801402588;41.369434334628075
-26085.342432011676;-103.51203156751617
-10138.392583340566;-103.33910764789154
-6081.778983523822;-98.12821299387923
-2068.458208120024;-103.33943640059044
789.6277263698503;-98.16207452186656
7949.653265683175;-103.34009390598825
-30740.46034125654;-98.13413054245954
-12053.91018280468;-103.34206642218169
-9406.971707732344;-103.4789919212761
-29141.66393091873;-103.34371018567622
-22668.247396330058;-98.09961150907439
3786.706412922347;-103.34124454043442
5592.0931432658035;-103.51367533101072
12082.21918903141;-103.33861451884317
7124.8110321312215;-98.09385833684354
-25318.983487578967;-103.33368322835958
-19859.08964973096;-66.26577103571994
-11969.653474514422;-57.71451552235022
-18003.291038066833;-57.358451402034184
-16928.36346531476;-57.73357094163319
-12366.12665664245;-57.35355143707571
-11432.301496706385;-57.771681780199124
-10597.538728018328;-57.341845965230455
-11164.631784914367;-66.7481453638545
-6148.228573026025;-57.42841201283022
-17193.126154338777;-66.6721959069981
-7885.062868338144;-66.24535451505962
-19536.186505346937;-66.66729594203963
-17645.05638619481;-66.31150404199906
-19113.55011830691;-66.67165146644716
-11184.757327154368;-57.338851542200274
-13375.534408546519;-66.67709587195658
-51946.42160915517;26.163811478088157
-34451.92345266388;26.063840763611154
4831.6861168916075;29.48088563341688
16919.412204208886;26.060850612629785
52832.540480180134;29.399254511625585
16787.393352353363;26.063840763611154
57329.182585804694;26.20049066345958
37320.3253871559;26.063043390016123
-47725.81892104671;26.19610510868691
43901.26512359042;26.049288695501836
-1101.1610740703327;26.201686723852127
-51178.311925632115;26.02975304242358
-61987.855492711795;26.196503795484425
4909.697256624422;29.291808419695165
-10194.459567028185;26.18035698018505
48769.96035717147;29.30915129538709
-10223.232055608181;1.1051266951786092
-13927.31152832523;0.7382724518618335
-8327.22220245109;11.206830055119116
-7120.461195864218;0.7527131130309197
-19066.290152903395;11.212667769208746
-5796.062861088507;0.7689972628598882
-8893.308679978201;11.155826868862345
-15095.627458967803;0.7782147061593045
-20547.69173195462;11.177026988451003
-10587.424331918832;0.7785219542692854
-12602.682983513925;11.162279079171936
-5783.8617292019935;0.7785219542692854
-11322.254765536782;11.05842921799851
-12200.275841294571;0.7763712174994213
-14896.49577817848;11.162279079171936
-6590.287483889862;0.7677682704199666
3773.9653150285067;46.8499617461781
8399.181045990917;46.97712053746057
29446.542158042488;46.85692458211417
70407.79589511444;46.98121120357301
-7779.3862475311;44.08406220602372
34809.411983739476;46.97851310464778
73654.5810850719;43.9925009134644
12757.291260473452;46.97424836763694
65263.59276166522;43.99859339490846
39336.36609983105;46.96824292164208
23644.95498144332;46.852659845103325
64474.731909885275;46.963717078283636
24788.111233320917;46.853704270493736
33381.158652095786;46.96275968834242
55986.86593801441;44.01034318055058
675.26453058062;46.963717078283636
-96158.2060519158;85.78324437756255
-96008.84135525071;85.6517378640327
-96671.44312470435;85.65674985875783
-96200.7490613174;85.6517101734541
-96507.20918208965;85.78541611008355
-96716.83513925024;85.65161127853055
-96973.67775470081;85.78649604264864
-96750.78311627838;85.651377886511
-95989.95469193472;85.78602925860952
-96825.9936509579;85.6509981300046
-96955.03117608798;85.78529348037836
-96995.42942880794;85.64968084962301
-96012.07449592005;85.65493019216464
-96784.2509239002;85.78027752985628
-96481.3920736755;85.65646899717497
-96924.65245831362;85.7809144131639
81193.8335777993;-85.09647099292977
84091.02437809;-103.84929875710203
82316.53920293282;-85.17817369664152
77561.50689336832;-103.85635222792607
74767.76725774026;-85.28044902359005
77096.16271563234;-103.85576443869073
75188.08412999359;-104.5011570190901
75028.06973860896;-103.85458886022006
75644.49727193137;-104.61224918456867
75883.58854277933;-103.85164991404338
84590.60419305247;-104.55111910409369
86662.04630850017;-103.84459644321934
77023.22592328028;-104.3753701227281
80077.82622951445;-103.84165749704266
75360.37869560075;-85.3280599516523
80810.7293547052;-103.85282549251406
106574.49123147193;-187.96405160663932
105099.19085626116;-187.46913950169755
81084.99843163473;-188.0169108390197
154951.89215414424;-187.46539725515737
135173.0569447968;-187.79471495069518
173949.68598838008;-187.45650941962438
153340.75849630535;-172.69708906506605
63488.928611186086;-187.44481489918624
78489.07347474212;-172.58061164150226
57563.201656535166;-187.43779818692337
132922.37491458392;-188.0042807569465
167803.2299494585;-187.43312037874813
114567.90259946173;-187.94580815475584
154040.67721651404;-187.42236141994502
139346.15723887124;-187.90745012771876
139476.33080138982;-187.41487692686462
28556.39515884646;-105.97879554161085
37052.50929127676;-106.00416126181952
23780.207365493246;-105.99008722876042
28501.12304088455;-106.00399895830813
24158.990573893418;-105.98245896372508
25238.26327728021;-106.00399895830813
34199.79120299792;-105.97756667216747
32337.68482888534;-106.00381346858082
29551.293282160786;-105.97735799622426
24654.409231217287;-106.00372072371717
25889.34626682333;-106.74002219624569
27335.896554054954;-106.00355842020578
26775.279357584182;-106.73492122874485
30286.074050331936;-106.0030483234557
28236.944877074784;-106.7355240703586
30649.51642599166;-106.00258459913744
-30521.774421558013;-181.5703202229953
-18087.857460380776;-181.46346723720845
-17557.02752182431;-181.5757372232688
-31637.905781299472;-181.46229886460043
-6978.879209021033;-181.55045788865917
-15076.4389256525;-181.4613429233757
-28031.573210804698;-181.5275152992656
-21333.182949925682;-181.46123670768407
-29994.682722005466;-178.06307808514003
-27335.19268778897;-181.46229886460043
-38154.1903992733;-178.08750769421655
-26733.870242301466;-181.46378588428334
-26040.693924146246;-178.10630787163632
-11122.450127793278;-181.46580398242446
-12079.439312796483;-178.06966345802152
-20390.61268679474;-181.46782208056555
-83715.46277933974;-229.00195771795745
-69356.14237552264;-226.78430898463057
-72516.16561298334;-229.01186291801193
-75814.34735023041;-226.78402996491073
-82357.84405184713;-226.73541077872775
-96083.46807144002;-226.78347192547102
-71687.91950457015;-228.9948427151014
-80800.03647772531;-226.7831231508212
-109822.48500682852;-229.00056261935822
-67781.41743408002;-226.78242560152162
-105099.71996311075;-229.0029342869769
-68074.65180097354;-226.78193731701188
-85324.72734572894;-229.00649178840493
-89423.66446949294;-226.78207682687182
-72565.50793433562;-229.03704444772794
-73135.76419110691;-226.7827743761714
-17528.790874085727;-202.15582516424263
583.7775902488056;-202.49437733344405
-34094.31281916281;-216.3636730279194
-57337.838077774395;-202.5022303476781
-52059.45114498504;-202.03061321506632
-33177.724129069844;-202.50790196906937
-56103.11066773382;-201.99789232242443
-28381.394951810857;-202.51139219761782
-11101.030821973434;-216.3741437135648
-36626.81342216043;-202.51750009757765
-18711.141787549568;-216.33880514951156
-49388.24981957124;-202.5179363761462
-49986.69978971659;-216.33836887094301
-3691.6964266081413;-202.51444614759774
-28451.230280579846;-216.27990754275618
-42074.9390012633;-202.5179363761462
-61054.14958575892;-101.58306816753719
-96577.27180732283;-101.97850088637047
-51322.876322667435;-111.74571976670559
-104074.46731864018;-102.00584627252134
-66848.02155739292;-111.61943938796396
-103309.9006783156;-102.0187508367723
-80390.43740069564;-111.77583041662452
-69533.35729565832;-102.02335960971908
-50995.53892314009;-111.80563381501366
-71185.24210113024;-102.02520311889779
-86143.39219738872;-111.65600232000837
-77290.08460231521;-102.03872218620833
-37965.17229766944;-101.5827609160074
-107365.37724603116;-102.05408476269758
-46919.019236883476;-101.73884469313818
-97920.5242075261;-102.12813238137576
-20941.24521264725;41.04912707848345
-35420.68837287705;29.31303709801252
-25564.475447143835;41.01509946366234
49885.85801239624;29.33022276206358
43023.965186725596;41.00478806523171
-36143.680571583056;29.336409601121964
11667.445098870434;40.88551955671733
-52907.5177572424;29.334347321435835
74108.27435639325;29.671530050117692
-9475.721338589501;29.331941328468687
67141.8525381386;29.74474097897522
-33909.37335510002;29.32162993003805
39744.36804440253;29.764676349274453
50371.48229044275;29.30272569958188
25717.883852036735;29.694215126665096
-45712.438767710264;29.27832205662937
-48223.55322654557;39.917437612750284
-54460.97051661638;35.97587182733047
-39219.84796179274;36.01230077824732
-54212.39691002476;35.980775724569284
-42918.12212458419;36.122521706662404
-43045.375986844614;35.980775724569284
-37123.78563989685;36.129060236314146
-44273.0790517613;35.98030868673702
-49495.102829494994;36.06986319107427
-51506.109461071734;35.97738970028534
-53310.74065799814;36.11633345538486
-40222.05454539819;35.97318635979494
-46132.76567614234;36.13046134981095
-51310.942915843305;35.97400367600141
-41210.74452705371;39.94627719889279
-34270.46393558592;35.978207016491815
-24254.31186960204;85.3627038417193
21871.145787158188;85.03135039987033
29113.946072601626;99.25228514150206
66755.44348448896;85.04099739881025
4101.170232245851;99.26486818359759
60245.02479390468;85.04980552827712
49008.15231525811;85.42729679114302
-12563.751677325894;85.0590330924805
11868.952014889212;85.54012473526628
32795.29780605296;85.06238857037265
8958.86939460814;85.36522045013841
27323.499917027802;85.06532461352826
-13894.028866218301;85.41513318378401
-9553.209634741128;85.07077726510299
9738.240074093213;85.43274944271775
25808.507016157637;85.07832709036032
-42752.94619825205;277.6429903144078
-48031.523420869795;261.0400075046028
-50458.980703003406;277.64348317464504
-45257.31339040135;261.0444432467374
-39664.70303886866;261.4973818047037
-47457.23768691395;261.04740040816046
-48057.09737627844;261.41950988722965
-42335.300941174144;261.048878988872
-45636.03358299699;277.38621013083826
-51298.97231190346;261.048878988872
-38978.53125;261.5018175468383
-50631.60490201174;261.04986470934637
-48493.73505612306;261.3993026175053
-48519.3090115317;261.05085042982074
-47115.18603332335;277.71100502713836
-40507.8913921948;261.0523290105323
10639.409494260613;397.84391812468795
3643.6844562555343;386.7759733787698
10098.960755581073;397.8642823284523
2242.1307634682016;386.77630183366915
19711.12007722137;387.06731287455955
36282.87415907201;386.77728719836745
54509.09387827311;387.0387372983096
-5161.565327969069;386.776958743468
19827.0380518128;397.8695376068431
36544.81867308382;386.7753164689709
23698.999488814967;397.8179701876334
75008.51024205946;386.7749880140715
-19475.17704764893;397.7818401486967
32162.51706223106;386.7749880140715
12459.472238170267;397.85180104227413
-11381.994821628849;386.7726888297755
-1417.9445782526764;366.57428551203355
12257.419515165198;366.97472883333865
-9363.724700647397;366.6516754502441
-7498.771100405062;366.97988816255264
4137.461579744748;353.6684219188517
2877.3187832961703;366.9858412347227
3743.396306628525;353.7148558817781
-11432.687673052465;366.9937786642828
-1913.5333832706347;366.65564416502417
7527.192775231655;367.00409732271083
15022.131431313923;366.56515746803944
4420.380237366648;367.0112410093149
-3061.5672558656333;366.5977009292357
-2243.605150496187;367.019178438875
5336.978949560056;366.69652192725846
866.0943124465921;367.023940896611
-85706.51829352177;162.09064632449184
-66259.72486794784;160.31630412410343
-79481.30139924982;160.37775343258352
-78819.16836358322;160.31593553356413
-79384.4038818352;160.38159730535048
-61169.46500635643;160.31519835248554
-63861.959911553546;162.09185740769237
-87116.4668918281;160.3141978924503
-76682.03978504955;162.10228325437538
-71972.64099885174;160.31314477662374
-67572.77594883954;162.0807470357221
-85914.66851611616;160.31330274399772
-77828.66040778928;160.3619040393937
-83730.43697772817;160.31361867874568
-69724.25971513832;160.36322043417692
-60243.106795887914;160.31372399032836
-28122.46121157052;121.13201404603781
-11238.366523126355;123.17492057690161
27379.096661000876;121.11032675433633
-23379.42807758902;123.1753446300913
3528.0655147161197;121.12110982115998
26173.673637503525;123.1752840510642
-25499.133818061044;123.09840926567541
31427.47923906865;123.1758292623081
8176.09496972707;123.10446716838533
-13194.625073971622;123.17801010728367
-9274.957157734916;121.11965592450959
-13851.478467284158;123.18085732155733
-22904.409682736252;121.12486572084012
5867.403416249101;123.18370453583098
16886.808631898137;123.11797629142843
2611.7397078711037;123.18703638232144
-35000.146227113495;6.92150742695439
-4358.945285438662;7.355850997470132
-8562.367261412015;15.669133643451767
-26044.579701948605;7.310284892833204
48655.64208500073;15.748807709454347
31506.212876200236;7.280173958190089
30567.02464441168;7.006510861920354
17961.195826248113;7.255658860958524
25541.258326903782;15.652879068113448
-37171.37193461838;7.246065996824434
-23027.345067541275;6.944157245048769
24116.946095073265;7.236473132690344
-39614.74037385412;6.9537501091828595
-22909.022140701767;7.228745547693439
-33018.23720255183;15.643019735531189
-36659.625276037536;7.223682647178224
78470.10879490989;-151.42973482986065
93244.5825079825;-151.2320508801781
88670.13433425302;-151.4685589072651
83364.65158031041;-151.23167576831912
78641.54736806467;-151.46349489716886
90318.4507153491;-151.22961265309473
87440.16224545655;-145.26608431902804
85698.4374723426;-151.22736198194085
75951.49959062281;-145.32610221646488
89403.44716793;-151.2286748734473
87321.69306533631;-145.28465235604756
80526.51732771825;-151.23280110389607
81350.96029994926;-145.16442900524441
84548.77381814687;-151.2358019987679
90339.52455988972;-151.40160144043713
79835.63696480548;-151.2374900021333
-68611.98113670004;-183.44635723133922
-76288.4522038417;-183.5977177641035
-79226.66295191237;-188.6630082521163
-71886.83110615768;-183.5977177641035
-75821.46020124096;-188.61376478368828
-81240.17047532102;-183.59598161617816
-66946.08102986141;-188.5883538913264
-78664.33202195138;-183.59377197336408
-83137.24638832515;-188.6035057277658
-65514.73155847537;-183.59029967751337
-89036.02612849341;-183.41999934919986
-84215.92619921052;-183.58761653981057
-78218.85455605583;-183.42473429808717
-86113.00211221466;-183.58666955003312
-86860.10494564367;-188.60776718176436
-81980.10179651498;-183.58698521329228
22294.835405393096;-245.98494668699152
26913.3045768406;-248.77302282481634
33101.27301837715;-248.86914234660233
49900.61702212186;-248.77354568712886
34982.87156970761;-246.00037112521105
18037.68117107508;-248.77363283084762
31078.02940863712;-246.00350829908618
30618.883350656957;-248.77354568712886
18278.957923111713;-248.867835190821
31439.94453669207;-248.77380711828513
34473.309473988455;-245.99061102871056
37949.615314277464;-248.77380711828513
45725.08875366699;-246.01579556343054
52700.50768941265;-248.77371997456638
26261.49723178641;-246.00394401767997
53712.4295897454;-248.77406854944138
-95595.10777712952;-257.952077452721
-98515.87479820232;-258.20227610243796
-26723.71012867009;-266.68918592691836
-92837.94220369507;-258.2065667545231
-101747.8053569402;-266.7766079631538
-46461.743605507974;-258.20790758329974
-41054.87615463681;-257.91587507575235
-47501.09397873981;-258.2087120805657
-75316.54794878064;-266.72887445870623
-76888.40499471768;-258.2108574066083
-36823.6936166961;-266.7189523257593
-117857.73614203362;-258.21166190387424
-119753.58821172501;-257.9185567333056
-39014.66986644099;-258.21112557236364
-114519.94582305917;-266.79242974271796
-103946.80128549087;-258.21487989293814
49956.63030893911;-165.16152018932027
33832.325718865875;-165.24932222607612
45545.96841736613;-169.18185211432174
78266.79293063167;-165.25139821303696
66005.55112595418;-169.16414516671452
46964.03675206405;-165.256405005119
45477.696321011565;-165.10180503497588
65918.78867017025;-165.2610454465609
47724.9861593493;-165.09484437281304
55170.20050034858;-165.26751764120354
36178.46786338365;-165.13734104707038
44857.558112457606;-165.27704275784743
42180.72300122241;-165.16029902051977
43679.864450341374;-165.28009567984867
62773.294064167785;-165.12183220330405
52949.223865814165;-165.27838604352797
47884.44570935983;-63.23323720783631
57365.86168707513;-74.71713879048255
44679.34156786696;-63.339279076779995
46282.06185022994;-74.72759870272529
49575.30887878811;-63.24586123985341
38526.833481415655;-74.7330090021612
39872.862836943415;-75.15825853782312
38643.908766525296;-74.73409106204838
59713.42300746321;-63.31114551971331
54191.03563655888;-74.72687732946717
40708.87457113149;-63.1618212552824
59085.65725454774;-74.72002428351503
43811.03320330382;-63.24550055322435
42324.04251311819;-74.72146703003128
52519.68501464889;-63.32449092498853
49569.589683825856;-74.71786016374067
-82084.10753912092;-92.43442176690554
-88560.66118684575;-87.54979219319354
-88472.0943207915;-92.45210340318673
-87685.55554702521;-87.55103300977467
-80471.01239385281;-87.36475542053172
-89128.22041564302;-87.5493268869756
-81076.35473523286;-92.44496870784519
-88820.47086960585;-87.55010239733882
-78576.37211933882;-92.43705850214046
-88134.28079269921;-87.55118811184731
-84117.48902811899;-87.35095133606659
-78321.43767691198;-87.55103300977467
-84616.99802726448;-87.34288602828921
-80277.42472561952;-87.55646158231714
-79280.03180743965;-87.36413501224115
-77320.18519346828;-87.56871464605585
34929.549306228444;-34.95584810179947
41452.80156590949;-36.49555343236529
26272.325408495017;-34.94912514060979
71705.72450214297;-36.497418195323014
26657.47362783536;-36.56508946160458
69062.13601289026;-36.49776170428891
64715.12775679895;-36.559593318150235
68697.34115473456;-36.49550435965588
44000.103000327115;-36.55213426631935
33781.93286404767;-36.49089152497099
76618.71276348441;-36.55871000938079
70865.75694248406;-36.48789808969675
63798.44368190557;-34.956878628697154
34518.567974615275;-36.48387412752482
46029.17654612014;-34.961834972347944
29485.808010917997;-36.487456435312026
-67237.69083885607;-30.02514281921778
-39328.827505062975;-28.621296515764417
-56534.11853102969;-28.55613645239898
-48387.99624604452;-28.646591849005045
-56492.72095871752;-28.554482870544028
-73123.04570257066;-30.08864930072826
-44492.02471844291;-28.5787503015505
-75241.98810758657;-30.08145398508914
-44764.94204701949;-30.037611720232153
-57496.22877643308;-30.079532254825278
-39679.17362629752;-30.02129935869005
-65380.16643677447;-30.080336700052012
-61167.580143155654;-28.573476716175243
-69315.2356715598;-30.080515465657953
-42492.675300106624;-28.555957686793043
-79159.42504305375;-30.08118583668023
75315.11609527115;24.630324363097298
58018.061890583514;24.713430026127114
57445.11449138043;24.630683539540716
29252.42297187815;24.713320817073374
60148.65527722251;24.630627721579913
74843.79239378605;24.713252864773267
54038.092418749235;24.630756345576543
77082.14194266048;24.71326014537685
70874.33571826742;24.709838261692934
42741.21671122051;24.71329169465904
45964.26484832778;24.709583440567535
73763.60257235271;24.713383915637756
25394.22672403352;24.71001542304678
60426.36831322768;24.7137479458169
55619.39219789537;24.63105970405916
31007.183890232554;24.714313406028495
26432.807931283765;19.345213750867813
-32997.870062081325;18.910658215531992
18320.83574950121;31.30472897292893
-13886.428184821048;18.9261780560797
-10315.945148105373;19.246551907385957
-29122.352565795998;18.94317597667957
13181.430452608569;19.254311827659812
-39666.09348701628;18.957217737175114
34736.79383662011;19.340409990698284
-22514.892977428703;18.96534717746201
7271.539708038006;31.402282256371667
-23895.447344245928;18.972368057709783
14114.762982287823;31.412998336749848
24272.04590293779;18.980127977983635
-11420.631696905424;19.301240869315976
33959.01672855407;18.990474538348774
-48191.56784818997;263.0097890936481
-38830.826579791836;246.3508834873793
-27754.622068911747;262.98315457395194
-42595.56682236273;246.35581580584153
-29740.9082243449;246.82685221898697
-34582.52787704903;246.35976166061135
-43322.790466053404;246.8021906266757
-43517.420860319166;246.36025489245756
-38225.05833717398;262.9629320682567
-30235.4052144271;246.35976166061135
-35580.197243004346;262.73456572345424
-45558.776855990305;246.36025489245756
-36039.99268992289;246.78394104836534
-48008.63036520762;246.36173458799624
-31611.019648317095;246.65126168173066
-49008.562875282296;246.3627210516887
-75201.74886175497;362.8380498431784
-74364.5351969016;362.66742484474304
-73991.292033763;362.83327566439004
-75631.03980162015;362.66742484474304
-69549.50572818118;362.7905156282858
-78373.8778751774;362.6663869797891
-74928.16565160833;369.62547906925727
-78358.99018448438;362.66555668782587
-70010.32354245507;369.6414621895487
-68990.25400603122;362.66472639586266
-76349.15194092951;362.8737523975955
-71099.92735188032;362.6636885309087
-72249.25707337985;362.87728113843906
-68613.50785684721;362.6628582389455
-70998.34075656338;369.6447833574014
-76131.61650750946;362.66202794698233
-20930.602795280887;335.31140262823675
-22664.823370341397;330.9764141376489
-18944.056172416225;335.3042220983186
-23206.025871857786;330.976927032643
-16531.408764886117;335.24075134279207
-13735.623330512359;330.97718348014007
-32744.719961084134;331.08860991762
-26564.81580425452;330.9765423613974
-21255.388419709856;335.2802442573419
-16954.623991190405;330.975260123912
-20668.337602010502;331.0877123513802
-17999.837353123712;330.9738496626781
-26252.85488365295;331.1066894661639
-15984.4351466474;330.9726956489412
-29695.96724371486;335.29011748597935
-14016.16372673679;330.97141341145584
19449.750481501018;249.87037205821983
-70.42497131737036;249.963673945207
35344.05738707674;249.8701936607304
-5056.398535612243;249.9645659326543
22583.975835897203;246.95696265786177
-12492.50182741497;249.96501192637794
-49462.77613159295;246.94527762230217
44264.7937414882;249.96527952261212
16541.93975538938;249.90292960004615
40782.86020794073;249.96492272763322
-54123.682979565;246.9499159570281
-11459.080774030466;249.96492272763322
1231.4591413188173;246.94465323108906
-42768.98937109458;249.9651903238674
37051.87058328024;249.87072885319876
6840.072933396208;249.9658147150805
52995.13952424743;180.55179175675127
-19121.410147964707;193.1543579660373
-35903.29732270415;192.7426163612892
-15090.050228400054;193.15770545875884
-13734.679220960214;192.76046965580403
48471.443982322155;193.1632846132947
24294.86883251919;180.58229113488076
-14454.840739158302;193.17593069690938
21885.320374848357;192.90813127918705
-8869.244835278732;193.18299762598818
39721.384999818794;180.575224205802
-38658.446079992835;193.19304010415277
-50874.161698328826;180.7184225055563
-7670.262790235793;193.20419841322453
-36306.819460246785;192.81588925752715
-30028.092229200687;193.21312506048193
-5790.162859403135;41.219184402012715
4839.765477652822;41.81566091014115
19946.889371356854;30.762922149613033
-30695.813883585237;31.168862036303576
74408.2165488525;30.67314387713891
4303.084173625524;31.141411845079475
15560.65674759476;41.38162494537417
46338.874718895924;31.14883954388129
11350.892213631472;41.27182418047776
6489.833080204553;31.161111394075593
45887.69857178144;30.7916641145418
15709.835957527772;31.15271486499528
58049.442698637344;30.666039121763262
20398.065518471332;31.154975468978442
30076.521577539897;30.67088327315575
34422.73051083216;31.158527846666267
49725.156361344874;-39.65553579552513
41552.367685661025;-39.405339855690386
59557.3390977453;-39.64410552416213
87487.28830883588;-39.414230066750505
29386.662051377913;-32.74509006981869
78718.15489258201;-39.41634678366958
103015.45032930783;-39.683688130548845
98408.44839758155;-39.41952185904819
99508.34281611574;-39.632886924491025
82144.74904263078;-39.42121523258345
23348.15981562886;-32.73323645507187
22952.416166280338;-39.42015687412392
72571.84662821732;-39.682206428705484
40908.26078051446;-39.422485262734895
100071.93635811897;-39.649185644767904
71579.75823829877;-39.42671869657305
23693.77975240902;-127.52660639662147
55143.66045062118;-127.14625071579913
54807.52686367954;-117.00098825188637
11755.537048194557;-127.14880129873842
27204.236704032235;-117.09950451791663
1154.4948680315574;-127.15262717314735
55375.89820159904;-117.06953516837991
16087.382255907884;-127.15964127623042
42926.73244523328;-127.26070812519998
23941.907454769578;-127.16282950490454
19170.032824150832;-116.7548569982444
52802.94838155487;-127.16251068203712
37804.05658024272;-127.51034643038346
53009.51774952991;-127.15996009909783
36823.76881032566;-127.54573576866618
73239.87046760645;-127.15709069329112
83348.27466157834;-169.50264560053222
91272.52388752879;-169.92404135268836
42520.204691100225;-169.499460547765
72199.87149877592;-169.92418733427354
62250.93349474366;-169.9386395112048
47555.64562932028;-169.92428023164592
66116.34400201612;-169.93771053748102
64776.01264580933;-169.92429350269913
92027.31440812211;-169.5006814846591
35730.2437265985;-169.92421387637992
29598.359176987327;-169.50081419519105
39776.467561923964;-169.92417406322033
30755.774724582374;-169.93222959251077
49394.264877952184;-169.92418733427354
58671.46034346198;-169.93898455858792
76914.68415178571;-169.92417406322033
-4102.7789490116775;-196.509593736257
-8320.83072536179;-200.64403796506676
-23824.96560376222;-196.52171553049655
15404.044011833306;-200.6456020675493
-1008.7205465686275;-196.51728390679608
-3865.878885715574;-200.6474268537789
-4381.726209689346;-200.783112744138
-8475.687476693878;-200.64820890502017
-14837.120778103974;-200.79432214526278
-1885.5584431840762;-200.64690548628474
-13343.932500358835;-200.7752922317254
-12268.139572230637;-200.6444289906874
2706.8159440018717;-200.78558923973534
-24630.015602409152;-200.64247386258424
-39392.68404893476;-200.75430719008483
-28751.66648720154;-200.64182215321654
97593.02830091059;-215.18719437065081
101749.17388946004;-229.1982131596178
113060.81349638166;-229.57523276887588
75859.64387450599;-229.20174082847635
104486.90514346561;-229.2687665367889
107695.67944382878;-229.20174082847635
103396.83357756089;-215.15544535092383
96179.89916183775;-229.2004179526544
81378.70924515328;-229.66077873869585
81372.76340024834;-229.19777220101048
78578.21629492896;-229.6867952965277
107615.7408623291;-229.18939398747142
91989.39980272645;-215.16779219192875
87981.90033680036;-229.1827796083616
115293.80858290162;-215.086655808182
94454.28284053889;-229.181897691147
4141.334866312238;-233.26685387293594
-27391.862601438283;-237.72343781554173
26136.727438655405;-233.27106720705538
38807.76287952627;-237.72442092683625
-9526.170616886371;-237.86051161889426
-30405.242798168223;-237.72442092683625
-368.4625417483694;-237.87610095513622
12207.834052028331;-237.7231569266004
-24564.53580321856;-237.8425347266513
29067.924539110893;-237.7204884816581
-3142.142041011157;-233.23890542327698
35471.35745716203;-237.7183818145984
-26149.98470217988;-233.26179787199263
-15503.849438960122;-237.7178200367158
-32694.955174925897;-237.8328440581766
18238.01874116632;-237.7181009256571
29129.77592750042;-216.8479534108074
40310.35540723613;-216.83540323050045
25997.21416566687;-216.85162039440786
31547.513755383654;-216.83528952558262
45489.49641586333;-216.37957442798174
33354.56866533498;-216.83501947640275
34982.08446367057;-216.38484749354672
28867.75713119812;-216.83479206656705
35946.01370793691;-216.38359673945044
40572.374203538435;-216.83479206656705
24228.89971367439;-216.38291450994336
35351.99335256794;-216.83473521410812
24783.76304702044;-216.38099573945476
33413.304198369355;-216.83463572230502
44929.63431374839;-216.84924680424788
24650.462546516883;-216.83452201738717
-60359.92296687121;-131.78308759952378
-96881.16499277808;-119.92895937630985
-85359.19623902287;-119.61859484050957
-105061.4954768827;-119.92521553389972
-123481.87862425183;-119.5257475487382
-107911.75379526278;-119.9166046963564
-72290.52634331511;-119.65491011188789
-62452.7432774638;-119.91061454850018
-112169.95570458894;-119.58377710609531
-116444.70667963148;-119.90387563216194
-84394.2584072533;-131.8265161714814
-125448.67143438902;-119.89900863702877
-128274.74265672208;-131.86957035919795
-89464.63754173645;-119.89601356310065
-124108.19711136346;-131.75688070265284
-98468.602296494;-119.89114656796748
14226.544992687472;-200.97145493248033
71869.35005678111;-200.85245512123166
22530.960244932496;-196.77056862273497
34827.11133098611;-200.85168323056408
60057.95751000912;-196.72760004224085
16305.991968088609;-200.85129728523032
32219.444705885013;-200.97853059693296
-16446.969475649094;-200.85078269145194
58954.71393785096;-200.99152408983687
-10813.740932962755;-200.8497535038952
39781.677918678186;-200.99615543384223
64900.528159315436;-200.84898161322764
68557.94775913672;-196.7722410525147
50668.68607847525;-200.84885296478305
-21015.400813085813;-196.78446265475105
16570.101792938585;-200.8496248554506
-28695.51205200974;-199.19046299866545
-24660.353112685305;-201.79361462189252
-25191.712485591626;-199.18824145830806
-11839.523825515724;-201.79386145971
-27967.999119552922;-201.87416602966604
-10141.288695391238;-201.7934500633475
-32136.923154743326;-201.87795087620086
-13027.548214491355;-201.79205131571507
-8481.649818224127;-201.86750140859388
-34345.89774181061;-201.79015889244766
-16201.429125493003;-201.84989364427975
-27556.129516076282;-201.78892470336024
-34797.949745626436;-199.16841215363652
-25263.089117773074;-201.78736139718282
-26031.313166363012;-199.17137420744638
-31437.96087515909;-201.7856335324604
-24320.83932936112;-112.71863862276113
-5783.186170701349;-110.4878030984727
-4339.98910519015;-110.39826793695684
-9104.567429871804;-110.48886060038036
-30148.67353626195;-110.40313244573211
-16282.889742526304;-110.49055260343263
-17719.05086019876;-110.418148972821
-9901.28505278808;-110.49210360623056
-5808.846686348523;-112.71849762250677
-30513.301186022592;-110.49175110559466
-10139.265641451384;-112.70305809465484
-21737.404834689223;-110.49062310355981
-25880.750353138494;-112.71849762250677
-8038.000513375573;-110.48935410127062
-24581.583278679173;-110.41793747243946
-19333.59394954754;-110.48864909999884
-37390.68526821478;-82.10640587211364
-64758.42874083014;-73.4320565216505
-42119.69440344182;-82.15436700293604
-42359.00679656743;-73.4450115397462
-45259.102312349314;-82.16759765971463
-54511.606295312835;-73.45851783520767
-68667.0161183031;-73.08971327750447
-62213.2133342163;-73.48029329115577
-62212.66820348025;-73.07565570467723
-69004.45204391757;-73.51199173968782
-51918.964514662715;-73.09274530301624
-60566.37338061159;-73.58035013304386
-67396.86150330839;-73.11011054003814
-36147.242059286495;-82.57857493589958
-58262.65089006756;-82.10805970421097
-49539.46885180784;-82.5760941877536
55401.35522793989;-4.929160608084604
47326.081406335834;-10.094923989171129
58284.63404838042;-4.945033111108627
54255.36963506062;-10.068742540884081
47630.36936170537;-4.972359997758234
47369.51373702486;-4.711690953250304
55243.84761905557;-10.313866350471574
55083.98524525437;-4.746054104127056
60326.47687185755;-10.35804754445597
55479.06247019677;-4.766671994653107
52118.55129326953;-10.350847646177032
58866.260982848595;-4.7812354252627784
51542.41881027406;-4.992486986128903
54529.04564651078;-4.7861444468166
59154.58886489265;-5.008359489152927
55899.78046867847;-4.7876171532827465
49770.78901779515;101.21853733275209
49836.564476669555;95.41550320452917
60258.25156908055;101.20063410117592
56751.67498323866;95.42198246929009
55573.3014322718;95.57305164239949
32916.13794282834;95.42709767831184
36777.65379731322;95.57629127477993
52419.80254548212;95.43118984552925
43882.023878945474;95.57236961452992
41730.669955195015;95.43340643610534
33106.63856428533;101.21086451921944
29885.502649030463;95.43528201274667
39578.69550824763;101.21512719340424
53362.37728161622;95.43715758938798
33299.62127853004;101.20472626839333
30826.836338770714;95.4386921520945
90949.38879996928;247.65627692116624
98992.31809025182;247.75809104007408
107630.62963392571;247.53864485380666
93741.88963445979;247.7609872841568
88262.92396414695;247.54020436985118
99606.7999955772;247.7616556481759
83569.01984919088;240.22785642500904
103633.5335102175;247.7616556481759
94592.15344986715;240.21961326877363
98535.2436612102;247.75942776811226
65149.0520805517;247.66986698955438
99915.68746995834;247.75474921997863
106331.85330241268;240.26617596210346
87342.18901918994;247.7538580679532
107869.70458744459;240.24033255336536
72354.23112048708;247.75430364396593
39013.802237435906;214.9444954865408
44363.79399266983;224.2745553165475
60017.501316826;214.98525975573963
66469.40260327654;224.27538161930153
53406.793218262654;223.97598458809125
35121.53716319964;224.27593248780423
73948.3045473056;223.98094240461543
43884.37720138592;224.2784113960663
72440.3889209704;224.05530965247814
77540.93412698942;224.28061487007704
59690.89862776383;214.97093717466979
47587.87191405415;224.28061487007704
43834.93734478477;214.95358481683516
48285.27352762497;224.2803394358257
51680.143680904184;215.0205153399116
49680.076754766604;224.27978856732304
23408.37742938065;172.56201039855995
-38737.465519329664;172.68944274276475
-21951.67561488836;172.58554132889796
18141.98477573425;172.69116189749263
-21722.760225012018;169.06782841412488
-6555.442287591177;172.6922363691976
29487.352782763526;169.0396772554557
-17695.991261573192;172.69234381636807
8104.513469928301;169.0939380765547
-9.265349022076407;172.6919140276861
1767.17162387797;172.57178809107484
-32966.38805876291;172.6919140276861
-25987.81538376072;169.06084434804282
-4706.716244203868;172.69309594656153
-9512.600745116564;172.5818881251012
35293.2360920834;172.69545978431236
76972.03900110534;94.69790124667627
11817.728669439486;102.60113455283178
76244.85624443872;102.33462067609682
39856.63110084079;102.59856743142716
85232.8351168382;102.30708246466536
16285.792459531978;102.5943666873105
20492.0704572245;102.41536831300601
52423.61380170384;102.59179956590587
57274.87128791806;94.7798157569512
83294.1026542818;102.58386482701884
18032.295741195645;94.68996650778924
53738.8660920226;102.5782638348633
78112.76742982412;94.66686241514759
63275.70986249743;102.57382971607348
85222.71779152806;94.81365508455765
17365.816936389892;102.56962897195682
-34553.16697293462;198.6788772651462
6000.66844402214;196.34844633321225
-53263.528097294926;196.42517995070352
5078.398070562609;196.34858397198803
-5699.279574700729;196.41974321906065
-11900.353373016536;196.3481710556607
-29015.20122963367;198.64164597630068
-52596.0765397363;196.3478269587213
11126.00144566537;198.67695032228545
-5144.759083280005;196.34803341688496
-63201.461917430264;198.6834193447466
-35617.325096157154;196.34823987504862
3928.81773064602;196.39964795779835
-29123.788793227803;196.3483086944365
-11067.848718794827;196.41788509558776
-24487.823744848814;196.3483086944365
44144.74397068697;176.04997297424302
52641.48697008661;184.4605984621592
40319.90127953619;176.01958452700245
36431.51057651133;184.4618438903248
56592.67806131646;176.03776777822017
39435.462478982765;184.4605984621592
53028.00840701487;176.34489036385662
50247.5959816064;184.4605984621592
52023.94981940434;184.1507359345584
69827.85987551548;184.46209297595792
43275.25764351567;176.11523341012037
56019.99833078059;184.4645838322891
59847.831516607795;176.00987018731078
45088.99266476896;184.46782194551966
72644.90586071019;176.02830252416163
78350.76970333386;184.46881828805215
-22686.251477733647;115.2756698887338
-17853.55865782695;121.79853444779458
-10422.028572745872;121.65908209460515
-25362.55140038234;121.80662422518955
-25160.52041534797;121.55275930598559
-27517.199643192725;121.817988436292
-15847.20604306424;121.56547181332053
-9575.522234760774;121.83436060482943
-23171.26541417194;121.57683602442299
-16651.840674306466;121.86999414811679
-22733.35714781938;115.3039841096162
-22682.413237948884;121.95917431320892
-22325.456937965886;115.26372783638885
-16541.927444106423;115.60754337567495
-28197.61487776443;115.27470681999631
-18981.652223657875;115.6917155833321
-87480.25687381742;1.823652726673489
-76236.51503096198;0.8928519930300227
-88337.6614241987;0.8414184380738006
16037.495612010563;0.8838458848032498
12971.221974471264;1.8322399461455285
13226.006272388186;0.881123107897481
-51688.60180557516;1.8296368517411123
-30231.332889702288;0.8796270766305754
-58889.02761627075;0.8468939125106758
20291.285629406106;0.8784003309917126
-31201.72873742065;1.8207803466410297
9596.991663797613;0.8773531091048785
-12863.905834304518;1.8211693147704255
-24586.19905411695;0.8765452522207493
-80474.79643891912;0.8643077164574597
22739.4304050426;0.8760665222153394
-24128.946774318723;-146.86990599295086
-19546.785985316306;-144.15936332430448
-27742.64393959624;-146.843388525448
-24068.68841919128;-144.15970220567834
-29353.021418241628;-144.0735416163799
-29283.020694321127;-144.16012580739562
-17076.91508203876;-144.05820723421374
-19737.664247965513;-144.16071884979985
-8926.160686985953;-144.0719319298542
-17881.923407124545;-144.161481332891
-12827.79897436946;-144.0754901842795
-23563.167727373628;-144.16139661254752
-15438.75381090946;-146.83305264354593
-14060.389040928421;-144.160379968426
-11511.857530358764;-146.8509286360159
-17400.57822305263;-144.15927860396104
-51026.123320170635;-162.6500653073564
-49656.545226165996;-162.54564085375472
-51644.00360273389;-162.63805187464118
-52732.05062412736;-162.54630093247533
-53440.30971196726;-162.61138469432822
-49779.639845943515;-162.54748907417243
-51301.41759871307;-158.3686627096866
-48830.77180797849;-162.54907326310192
-53159.98223119392;-158.3591575761097
-51608.333517358355;-162.5511855150079
-51591.0455618696;-158.35229275741528
-52382.1336516398;-162.5529017196815
-47780.254968437184;-158.34159948214128
-52593.41872789792;-162.553429782658
-52408.831506951545;-158.3629860326893
-49588.59699604881;-162.55316575116976
-9032.373793758896;-204.3366130060842
-38270.53984037926;-204.61730450190038
-60402.6693832859;-213.5291199853678
-1061.121029866772;-204.62232681494677
-11896.802773461939;-213.5497672723364
-43619.2658038194;-204.62623305842732
-51820.90159556967;-213.48922049838797
8382.023300896886;-204.6273491279932
-46738.39601987673;-213.49368477665146
-52902.421920792665;-204.629023232342
-6382.968973390125;-204.29197022344943
-20225.149230534204;-204.62958126712493
-37226.13678075563;-204.32015097998763
-39001.366000973736;-204.63265045843107
-33634.72135758907;-213.63458855934246
-13518.443308441278;-204.63878884104335
15011.425376700921;-104.89481062828997
-3795.8957629579745;-103.16725259417017
-14477.295464830284;-104.89787911502908
-44996.53164542928;-103.16626629486116
-59831.62403062008;-104.8955229555687
-47150.79149802012;-103.16593752842483
-26495.53493612333;-103.10511573770316
-3832.5215100653877;-103.16670465010961
3006.504358901482;-103.0982664369462
-22028.858595705096;-103.16829368788522
-35465.51336406722;-104.9152489417487
-27387.871320194958;-103.17048546412744
-58992.56146052288;-103.12325268610755
22880.966584735594;-103.17464983898766
-58829.4104052262;-104.90713936965248
-39141.406528302585;-103.17717038166623
76163.6813187203;-27.80451481518472
22203.182677419827;-27.878811227168228
23147.96946292311;-27.805908473624257
3345.691709795923;-27.887509578118433
3229.541010528643;-27.81984505801961
79554.71514854765;-29.46320864416971
-1002.8771530152735;-29.384875428430306
49262.04619086681;-29.459556297914375
33927.320943702645;-29.417602373165604
42023.874565796716;-29.459267954788956
12122.151864186191;-27.80542790174855
83937.27933797365;-29.46104607072905
51732.373258209715;-29.399628985014353
2019.873971818306;-29.46513093167252
66608.16159607394;-29.37853187967104
77329.43772721983;-29.485555236389846
68652.6665734819;-13.011700247839299
73304.51480636482;-12.981612095635057
70807.82348523286;-13.022083256101828
60925.13894224992;-12.240378164475963
60936.35722576974;-13.019938939178045
70656.37665771536;-12.246291964834187
34745.40463484365;-12.27999159817322
57479.87942572033;-12.248526568786339
51592.15029173788;-13.01181310662476
39270.112321168686;-12.248639427571803
38585.79702646002;-13.020006654449322
74312.29060922813;-12.24843628175797
71502.73382548802;-12.280420461557977
44714.719256118486;-12.248029990130306
51893.17423285289;-12.28256477848176
46581.31698622089;-12.245659955635599
-83524.90003209212;3.8600195629150607
-43813.40990029984;1.1377201363570297
-110350.69492839594;1.2631275510366493
-85477.59881726469;1.1452286057709689
-109779.17333273568;1.2386052094400612
-55456.83944522118;1.1469060297889764
-93593.99925563447;3.872480427048832
-41135.72538729896;1.1481041898018391
-91102.85304121715;1.246273433522382
-112623.5516444708;1.1497017364856559
-76480.10258558535;3.870962757699206
-110160.18772984252;1.1498614911540375
-33372.557046246984;3.87703343509771
-36728.92345409444;1.1503407551591827
-111753.03958441419;1.2593733163296796
-74979.85839697714;1.1507401418301368
6707.78757680889;27.36083488023128
-13364.584793011189;31.48405439126705
10107.954144985808;31.32071057897457
-10683.322526895034;31.48356969152731
-16944.4774367033;31.298293216011583
-17403.71935640636;31.486599064900687
-7426.309867704051;27.37537587242349
-12783.6098047179;31.492536636712508
3940.8419491099085;27.334418744415434
28.14259000158745;31.493869560996792
6234.439250015975;27.34799033712816
-5925.806120960948;31.487568464380168
-20396.367497543022;31.313197733008597
-551.7874792480088;31.485387315551336
-6160.912905791865;31.292840343939503
-1909.6597765270217;31.48744728944523
-99793.84270831745;27.83447468263693
-45725.859054347035;22.294883741531933
-83943.29776078186;22.50590493075342
-78949.64427377988;22.30204251741917
-72052.00664936927;22.458233991322505
-69508.44127717221;22.30139171961124
-81648.18509902184;27.864248682349757
-75820.6160789688;22.30074092180331
-74374.1785172165;27.816252344014877
-52869.489461368576;22.299439326187446
-51236.09738483197;22.524778067183405
-45766.447863477835;22.292443249752193
-66501.17950975354;22.489472286103172
-74569.7427793922;22.27617330455393
-80704.8027777089;27.811208661003413
-53081.04325441398;22.253069982372395
-23555.920352244844;-6.672990501761914
-14413.23378329781;-6.325508821093175
-20734.199914491546;-6.617100238028774
-23199.932506036344;-6.329173756419937
-31312.780686338923;0.8167629553945943
-7842.387151023526;-6.343146322353222
-9873.584900615759;0.8204278907213576
-31710.10905662325;-6.368113694266798
-24994.111250927177;0.8218022414688937
-11637.447261184318;-6.383918727863463
-25445.641641666472;-6.650313714427567
-23742.871388898857;-6.3889580139377635
-4298.585559412475;-6.699561282880946
-15331.912096093934;-6.389645189311532
-25956.42678358112;0.8841061420238683
-15173.440087136603;-6.382544377115927
79421.66358016449;-51.402144230634114
73061.83636762024;-51.41119728469069
93870.57501378101;-51.39914489053634
76967.55240552613;-51.411408247449856
80463.23843110065;-51.39980529569549
82824.04027823344;-51.41170176085392
85530.39008210434;-51.39900730612819
82032.42821927358;-51.41209616949063
73644.83001142537;-51.69996861281945
96677.82026934493;-51.41287581447017
87490.26526593066;-51.69884959296646
96593.99359707366;-51.41384807762113
80802.33818227943;-51.4067303775726
92700.79466407704;-51.413774699270114
81556.39892651144;-51.39955764376081
96610.68307028603;-51.41403152349867
2152.997255628996;12.459291915059413
-9595.405374291637;4.944550489282086
-21452.20574896595;5.150606262815567
-23260.694593422522;4.959568487781846
11880.897805030714;12.406508067391137
12073.782027312993;4.963322987406787
-7092.692738067024;12.449353533699279
12065.014562663799;4.962218722811216
-8886.037779947717;5.095393033037036
5929.383392709318;4.960893605296532
-15104.561342949128;5.204936080917643
-25288.370054108957;4.96133531113476
-34340.37878328186;5.209132286380811
12612.582582118037;4.956255693995135
-30238.002369699672;5.273400485843023
-16576.698361772967;4.95493057648045
-21695.775852277064;33.17951867179278
-17369.58298872353;33.13412475667431
-19898.208693450753;33.16835734933486
-20626.308628932715;33.13507755249388
-18567.961094607737;34.2953786902073
-18776.47268603833;33.136336604112614
-14232.469741166084;34.29697802604731
-18914.118513624606;33.137425513620705
-17298.43545245836;34.29143139324048
-14978.462225372157;33.13868456523943
-21085.03413008002;33.17887213177235
-22537.14830094159;33.138956792616455
-21301.5762355049;33.17737488119873
-14616.948209418846;33.138616508395174
-18298.164001641802;34.288641062626
-19281.97240904709;33.138174138907516
-46449.047182748174;86.90532346362178
-44819.887227729596;87.02115219329956
-51562.14139505591;83.81438081863398
-51421.2882390367;87.02238240039581
-61898.64401708465;83.79630623745061
-42456.545778062246;87.02389650143735
-63090.28664676924;83.81352913679811
-58871.54765077813;87.02503207721851
-61506.00026357979;86.92992760554681
-52854.12631730285;87.03165626927525
-54091.88900692294;83.87059181980113
-33718.66415244615;87.04613486048495
-39549.11226996673;86.94762366146979
-69831.29432598918;83.9767681553391
-41062.97207514658;86.91402954461064
-40417.91448010289;83.94024046771196
5480.558754642749;-63.98792228963001
20736.751374279178;-75.73980994391464
24611.85686357851;-63.98382444000733
10113.021886681378;-75.74726057959225
30225.677879270865;-76.1503399697506
30905.079491031134;-75.75433868348597
17933.294614640934;-76.06875550908086
7818.252898811352;-75.75657387418924
35549.38404549696;-63.85641856992031
21315.007502807166;-75.75396615170209
11755.525855853452;-76.11643957741751
5980.858852191708;-75.75508374705373
9323.593724868424;-76.1995141652228
5822.973219829117;-75.75322108813432
29959.739267260124;-76.1767897264061
23248.61310664777;-75.75135842921492
68210.94259951179;-118.30452590676016
-18575.407425618287;-126.83867379758786
43434.56060657087;-127.05805161512487
64959.661140531534;-126.84380070845282
40669.856004016045;-127.04240104511608
23079.196412269055;-126.84622924517831
32449.634956782924;-118.11914760338018
2014.1828772206973;-126.84703875742015
21047.842601919896;-118.30533541900199
65815.70179911381;-126.84703875742015
-14041.459181791608;-118.31963680194106
14520.184029473246;-126.84649908259226
-5301.200405484893;-127.13036804206203
41838.19814064789;-126.84541973293648
65304.02928820226;-127.11147942308591
37138.33973660738;-126.84326103362493
5837.82897689558;-133.43365589066988
16929.89723249573;-133.58823743123946
-17494.872090966135;-140.87404269085349
-13777.64792035432;-133.5949083608176
-7628.002435758535;-140.87795323577862
13566.514202074497;-133.59720868136182
12851.263127250739;-140.8837040371391
28452.44067201758;-133.5981288095795
-17627.32599371128;-140.9439724353969
-29610.61979492515;-133.60364957888555
-28261.482185535373;-140.98123762821277
14154.041870679725;-133.6103205084637
10179.478689020205;-140.8814037165949
18538.266051543855;-133.62274223940233
7789.631843775751;-133.3421031330111
-3121.7314445078155;-133.65494672702098
-15111.553623479916;28.931768443672702
-16998.235996474636;12.20850776320691
-14359.030739664358;28.819292204338634
-16360.588034515004;12.232470092456342
-15097.271046297294;12.897546985909962
-16210.390609949369;12.248118960537603
-17949.486352056996;12.892656714634569
-13398.258665960251;12.249586041920221
-13690.513981858416;12.829083188054442
-21637.769939345657;12.245673824899907
-20915.040818685244;12.752305929030753
-20058.086187727935;12.254476313195616
-19293.277216013346;28.90878416867835
-19318.31012010762;12.269147127021798
-21370.08679924555;28.85694729315917
-20336.212502542214;12.287730157868296
-1174.6773832333215;208.27838968930146
-2760.1621741970293;191.92769455089703
-6716.338115341368;192.22257040830993
1589.1841750918416;191.93209568309723
-2577.352520286464;192.44115997425283
2554.9312740750506;191.93405174185287
91.53877457097633;208.44269862477532
-5825.465183119402;191.93454075654176
589.8895598324916;208.52094097500097
1486.9209733032185;191.93991991811978
-3850.861616411662;208.42167099315216
-647.1548446882057;191.94285400625324
-5510.086117064473;192.45289632678669
-4215.022336568613;191.94481006500888
-3475.194260237291;192.47588001716548
-847.629615864952;191.94481006500888
-78771.62629861622;277.9581222783316
-24208.808522252046;276.3028469576399
-70337.02819802985;276.32865390584914
-63805.54102793374;276.3029941455574
-24232.33599254657;277.9485060010521
-31435.6631477196;276.30304320819664
-27633.362531788127;277.9512044462071
-92180.97728481113;276.30294508291826
-59680.39123629409;277.9483097504954
-21429.952864132312;276.3027978950007
-87420.58579521938;277.9579260277749
-71526.47252958626;276.30235633124806
-91481.68858439059;277.9514006967638
-34175.30635534847;276.3016203916604
-76152.23460582603;276.347592084573
-26569.39804180249;276.3007863267943
98301.80360138454;175.517920143164
98379.12496985403;191.3065098651827
41582.46699026818;190.74661418241777
11818.67553601411;191.30978958884742
104703.02582935838;175.54462646443395
70030.15004504164;191.31447490836848
80786.04593979694;175.51182922778665
91286.94583215288;191.3172861000811
84696.53302175371;190.76254426878933
82190.99165624249;191.31541197227267
28944.536084255582;175.54228380467345
94350.188131944;191.3163490361769
38272.454365574435;175.3843885368142
50150.332670886964;191.3177546320332
29260.40210013093;175.41015779417995
57872.59870483946;191.31353784446426
15541.37828203621;123.1347295680954
13634.211263338735;131.81568361511054
19506.129021364985;131.494128749227
21229.396168177613;131.8239022698296
17813.425998917905;131.47692094090897
17471.21083116207;131.83340508934853
11859.946673062243;131.51416172010474
21516.149469809447;131.84984239878665
12803.14181429797;123.14782804905391
19716.9871377745;131.85446539206615
22479.091095888085;123.06204584042365
13661.169507863404;131.84290790886746
18848.31351325028;123.10622110953864
11589.677393560141;131.83263459046861
17107.875510052512;131.538304018342
16001.557233157957;131.82364543686964
-21286.687009997615;95.6410522691447
-5329.00048708167;95.66170365883083
-21449.175803103222;95.64550505325626
-9463.348178328115;95.66210679154875
-6979.09295040164;95.0473660451505
-7999.608373767875;95.66241830319441
-10991.439980157902;95.63815704326144
-11877.352475902;95.66241830319441
-9298.446185324901;95.04525876048865
-19289.09376142209;95.66239997897996
-21846.549386242674;95.0401279804424
-17227.68478222093;95.66238165476551
-9798.514830773674;95.0400913320135
-8530.780484563595;95.66203349469095
-18831.12204752048;95.04811733794298
-20939.990624707927;95.66168533461638
-31675.12615398114;86.49681398375017
-30209.72040950356;86.56488984956927
-22141.617147682882;86.49332589498063
-19613.009669569183;86.56645948951557
-21950.888729872087;84.59342207701842
-31774.858189248618;86.56942436496969
-28080.405057989934;84.59231751557472
-25928.886589135745;86.57087773529034
-24081.660023506403;86.49041915433934
-35526.821034274675;86.5710521397288
-36988.58692345052;84.59504985177753
-30876.90588631116;86.5719241619212
-25853.541584389877;84.58208578851738
-25284.99618625923;86.57209856635967
-28667.87770368959;86.50239492578146
-39807.290869112316;86.57157535304424
58378.66250092986;27.84798965085345
65793.84528593936;16.80771100560015
53147.9988971016;16.12342718902184
50178.598423087155;16.70133824746748
49365.54190435738;16.13520672264056
48976.187116015164;16.6838474248215
64126.94525480094;27.857627451086945
52933.06217383343;16.69848260295385
61442.78540105375;27.86119700672898
59002.27416744076;16.682419602564686
59780.98374412519;16.14020410053941
65911.91289922025;16.66100226871247
55389.67353653018;16.187322235014285
65231.9507809162;16.656361846377823
49933.876461014035;27.815149738946715
48934.59511588212;16.642797534938087
34491.20436085062;-55.30934363004944
31412.148753712292;-55.18702525116357
31687.629293870836;-55.31625687678376
31001.17022694088;-55.186656544671074
31155.727623018203;-52.28779392403672
31878.143306963037;-55.18490518883171
31599.859912471486;-52.280511970809904
31261.675516805924;-55.184352129092964
30886.573525497024;-52.23442365924778
33729.388553138924;-55.18748613427919
30415.693997551607;-55.30565656512447
30742.426731228017;-55.18988272648042
31547.40649566804;-55.2992963781289
33082.24952842346;-55.19098884595791
33638.656154301825;-52.2649341215019
32438.714173564724;-55.191910612189155
-80886.96795294236;-82.80315321215843
-79529.6383601928;-82.75632187948129
-83623.33434481529;-80.18777240084114
-81625.87811193426;-82.75938485821061
-83989.2108812315;-80.20300668978432
-79463.65159878842;-82.76301206986373
-79706.52063241981;-80.20768176258169
-80057.29650353252;-82.76510779215222
-83635.99688186667;-82.7805838952056
-82823.94287531091;-82.76768714266112
-82046.96645586642;-80.20115278160604
-82899.68214972381;-82.76954105083938
-83602.02038493377;-80.21751553639686
-81989.78841588908;-82.77107254020405
-80317.15378563036;-82.82959155487463
-83770.64448082293;-82.77195919194148
-8346.824559579763;-270.8249677070806
-27773.329224262405;-268.0415332642961
-46461.003111397804;-267.9508366976091
-41022.57595067541;-268.04127413124843
54761.07283391303;-270.79033025637443
83288.52664832139;-268.04170601966126
9846.036054519413;-267.9713082083756
46274.68628814099;-268.0417923973438
-47489.03982021737;-267.9415079078927
94544.96375456109;-268.0414468866136
-32707.90542659631;-270.7917986769779
65703.4503741617;-268.0415332642961
46929.918476179824;-270.78894821345347
-31919.367379611635;-268.04127413124843
83051.28740782457;-270.8375788487342
-27201.69562573197;-268.04049673210545
85200.31377820102;-310.13336816449464
101037.34193820192;-310.02110727656935
98129.93210013123;-304.7093073339972
83318.70815769295;-310.0202769445581
73702.33618021752;-304.704657474734
83202.96156050675;-310.018284147731
69623.71546186903;-310.18866827644604
110569.79763271737;-310.0167895501107
95853.34121672528;-310.15196760154737
70906.33244193855;-310.0126378900543
83778.07746527565;-304.7468383409071
81128.92722217666;-310.0078219643888
81129.65063840908;-310.16790997616397
77408.39753887296;-310.0063273667685
69311.92306569872;-310.16824210896846
98784.62379046564;-310.00516490195275
62010.86245969411;-169.40482805870084
58396.88902677189;-163.5713834335025
56487.15100206811;-163.34581072980166
68954.30973551181;-163.57483700430856
55934.724613666665;-163.37798346836334
55823.41069640378;-163.58174414592065
62150.62633595968;-169.33484780815706
62479.59625025273;-163.58810598687919
70380.67467036433;-163.45141728971316
64435.18566519383;-163.59392252718413
62648.91493829778;-163.3685315903678
60527.59760683624;-163.59864846618188
57535.93250044824;-163.35617144221982
64256.199515351764;-163.6042832396023
64539.8704657959;-169.38665137024793
53428.64230268353;-163.60664620910117
42640.712523628;-66.92009763641688
57214.56325116066;-66.83246879962984
25946.68359220023;-61.38559912290616
-15523.183812863368;-66.83333641187525
49113.75831498249;-61.345515437167926
15031.637980141983;-66.83680686085691
-21835.49934754765;-67.06828580793399
11314.385498605683;-66.83819504044958
46233.764352282786;-67.0651624038505
-37953.82172326579;-66.83472459146792
-12367.026045521226;-61.35228281268217
-18220.529756619668;-66.83090709758808
49975.85696439539;-61.38889604943874
6676.587001594591;-66.83212175473166
46064.2669907033;-66.95358746908995
13697.57684977931;-66.83645981595875
-18948.50407287987;-94.77384532963741
-45190.190309193036;-96.02954861579839
-2055.4508501491073;-96.05806601870088
-23617.137206003037;-96.02935329112098
17892.15738398317;-94.76743868021823
-11661.385689793417;-96.02861105734681
149.69813304806303;-96.03743973276593
-32246.56511541242;-96.0279469534436
-20732.050063975617;-94.7752516673148
-40561.85746207956;-96.02775162876618
-26432.990523347136;-96.06583994086196
-16337.252207584992;-96.0274781742178
-46497.366252840846;-94.78486164144358
-19092.13842558109;-96.02708752486298
19514.50223104014;-94.77892377125019
-265.7048150518676;-96.02552492744366
913.1292697944797;-46.183625298059795
301.3064329183603;-42.74761819346153
67.71550529885826;-46.14383597994912
-70.40507548396795;-42.75150007815525
43.45864092674674;-42.638170611124565
932.0578961550642;-42.756028943631264
663.2859997471234;-46.148796165946656
167.2489377424979;-42.76185177067185
1118.7165355360476;-46.143728149818735
-83.98113397909151;-42.77716364918599
497.7943332886447;-42.62091779026357
720.7287848850928;-46.364240766448376
1196.6207278324382;-42.64151334516639
763.9872651795907;-46.300944479914584
714.0624049072005;-42.618114206873656
835.4197163295604;-46.2847699603574
-26283.246062963255;54.10489004981905
-82217.26663436096;53.753952242906294
-2269.196875321868;54.05663253202551
-76913.11907765077;53.7530956005786
-14984.543590251691;54.077763042775345
-44622.44993012334;53.752524505693465
-10952.3441226149;63.43458164075501
-69886.39826921605;53.75623662244682
-49967.93924487491;63.50939507070713
-37145.10395903748;53.76166202385556
3860.407783614719;63.384039743420956
-40245.73581214165;53.769657352247386
-53719.01475783026;54.08775720326513
-79640.29704978105;53.77422611132843
-47553.58057525781;63.4668485017649
-45549.88336885183;53.77051399457508
36970.68006324425;98.12446066511522
1986.3587165124918;98.37646699586932
22157.559708912428;98.11885591146583
-4885.742189958768;98.3874689196996
18055.542656546244;98.11927107840283
41148.56672816961;98.39369642375448
37441.91465680624;91.3169683992588
-7599.345332492008;98.39577225843944
-9535.706444141233;91.32174281903421
41175.54259041287;98.39681017578192
14959.219468436706;91.34291633282079
15180.927336248526;98.3876765031681
11886.500159790026;91.31240156295189
-2134.204241145937;98.38331725032968
24043.341078855534;98.10930707191503
17913.91937976911;98.38144899911322
1626.3505561342681;37.89003180892888
-18473.262033889372;47.817956798647884
5347.093386132341;37.80058840993421
5843.127461687349;47.83695621346701
-3154.1900286105065;47.44849125508819
7747.352576882801;47.85654022566519
-17573.773916527345;47.3868162315984
-7571.23216506055;47.8810933155853
-23590.98884681103;47.378339569602176
-23972.028775184328;38.32058777859931
-7379.73767420287;37.8821397443117
-4388.428057471836;38.248974599665665
-5816.10963053291;37.82484920116479
-21274.538949769274;38.23055978222558
6834.708349461849;47.38184715387648
-22509.26424196612;38.226759899261765
16716.595332670826;-20.093517394331727
21608.14910166502;-20.206182017384418
4710.886144501324;-23.33910201671057
43006.536260727975;-20.22877519045648
29032.4113384548;-23.370632044908913
32692.68852996989;-23.536616556411676
12243.939953372246;-20.065803102029996
11199.74421012614;-23.497655884625182
-14567.590474475794;-20.069719252029156
29840.72255158105;-23.47827596283448
-16550.240619879805;-20.03919336485623
-19648.258565031603;-23.47144780386159
10651.719375063185;-20.052347612289303
38493.211134857;-23.467732482067518
27937.378411993202;-23.334081311583443
27391.387064258866;-23.46431840258107
41017.385012634186;52.15417681070113
40116.28721660703;56.06938961253858
23801.4569371612;52.19417942408134
3799.565951035438;56.06916037120115
6541.438449650188;55.92278977725694
-18376.533478715486;56.06801416451404
54380.91333628465;55.92187281190725
35573.59695131416;56.06881650919502
-29480.4281854171;52.16667046359065
-744.5021396336233;56.068587267857595
-5367.106276745413;52.242893208283604
6296.185532688665;56.06927499186987
-15146.910796930068;55.92462370795632
56710.81604741909;56.07030657788827
16872.373120310163;52.15429143136984
46043.69198496916;56.073286715274754
-32414.251518236237;35.324261760720404
-41074.68139641732;35.353159858349
-55268.91625411046;35.32456655278504
-12099.216955189768;35.360265323355904
-36637.603314930035;34.707572166435185
-1695.8642756646295;34.7314221454932
-42244.65720894879;34.70073339448485
-34571.58256192635;34.72982198715385
-33833.07295813289;34.7033812755464
-34615.73259258791;34.72944099707305
-25321.147728540716;34.71121062170682
-19211.385530852778;34.72928860104073
-24855.56558701876;34.70033335490001
-32141.324055964746;34.72862186839933
-23574.21128804561;34.70107628555756
-50218.75479230008;34.72787893774177
88199.67805654794;-47.739062886790066
50963.117001885475;-61.15852222820406
34848.86751235523;-61.61980547508999
129500.61784793962;-61.178578021546926
115793.85093579764;-61.67783926008211
125487.6278078817;-61.181565054597996
61396.579659389594;-61.54427621079877
120948.29293525117;-61.17772458353234
128169.1834341835;-61.613831408987856
126415.73881442983;-61.16961692239373
64481.458692899396;-47.6852962918709
99389.95606502923;-61.16150926125513
95847.25046117522;-47.7539980520454
86876.02980895413;-61.15724207118218
50542.66402912038;-47.69511082903868
125908.0807806468;-61.16065582324054
-25153.666668837337;-84.13362782061233
-22059.47528707069;-84.45703353262488
-35722.337108439184;-84.14573661482184
-29947.221086767102;-84.48553965232645
-15143.522195882457;-84.14170035008534
-13476.014252874105;-84.5609673495899
-20176.626914336095;-84.24866136560276
-21282.211014094304;-92.79192021350987
-21495.427770943566;-92.45060357672908
-20176.626914336095;-92.77199115637337
-36220.55076537978;-92.41856572538306
-27801.037277286407;-92.77426155528765
-18631.867263617452;-92.38854600640529
-15169.855739557068;-92.78157728512257
-20480.736870320296;-92.44707184508464
-34778.5768819072;-92.7881362153194
3782.515901961434;22.19135239649129
10165.947039284356;21.951328294934303
10297.022299240065;30.50357945779494
9339.908991644008;21.96449417392266
4432.723965818912;22.20375870553801
10293.943350180703;21.974115393183382
9010.351479825835;30.58156197180291
8209.714761925226;21.98525575232738
9041.58082028508;30.62232555867071
9898.408358519051;21.993611021685375
8826.05438612972;22.133878270907495
5342.113562994853;21.997155681413012
4314.624276899086;22.31794738676396
6138.461744705634;21.998421631315736
7241.715170154996;22.25971369123853
5662.654152567751;21.994876971588102
-31486.739954641867;129.11910155249728
-66473.48305877007;129.09488547938633
-76181.54007908824;129.1135578551924
-44796.872942265654;129.09486399218747
-61031.687831054296;129.8242899317597
-32973.61049536309;129.0949499409829
-79847.77035906457;129.11164549449418
-37215.3426978267;129.09507886417603
-45403.50857531372;129.1215510931669
-61912.86618450203;129.0951003513749
-33232.114637595085;129.11521236950432
-41606.139332672254;129.09492845378404
-71135.04863091701;129.82542875329906
-57498.48340529224;129.09490696658517
-60953.381831765044;129.8250204965208
-61563.79124791139;129.09507886417603
30334.10947402496;148.65845120896512
1301.017339341506;148.6828133547008
46062.68021864109;147.90744562789644
7096.698977944543;148.6830656933101
13578.786511219478;147.90602335573485
52628.834110003074;148.6836162502759
50079.909485674485;148.66783361725692
33818.37435435117;148.68396034837951
43959.38890999724;147.91469462794583
4462.075639061202;148.68444208572458
14657.774136375543;148.65920822479308
40660.39648875607;148.68485500344892
8932.28382588402;148.65764831339004
24128.70636202681;148.68526792117325
49854.64429313056;147.91767681151046
49022.142494598644;148.68579553826544
36546.69496094108;60.775427691896546
39724.23055792127;60.20958936238822
36150.40430217997;60.22529493629883
34641.87450037862;60.209858696989045
35123.02516024602;60.78062921637498
36298.95552416017;60.21029636571539
36903.14394162286;60.78362556380916
36277.41698357437;60.21068353420407
38186.76700846603;60.78115105216408
39268.870682703826;60.21110436951786
36853.31873400162;60.22945278919907
38418.79163022725;60.21127270364338
35217.591370629176;60.2303449600643
38978.978565634825;60.21096970221745
37577.30950596732;60.778945875119824
36960.64167657724;60.21051520007856
-29330.60260191752;68.58906659417242
-30437.72203729648;74.05031668036429
-25868.651039202934;68.62303816244426
-30980.789720913;74.05223959932307
-23354.759675321206;73.9625033812465
-32603.068029274404;74.05560470750095
-32575.369059321783;68.65220243331915
-31395.854588839382;74.06409759956891
-33498.66805774245;68.61999354075952
-32808.08237506008;74.08300630266362
-31998.936707353245;68.60589213506177
-23298.10269132721;68.89593241134496
-22237.5678872322;73.90225192053796
-30663.720451228084;68.82702781532188
-30117.505157389678;73.8420004598294
-32611.88133789569;68.80443351755618
-10708.456866318917;-96.06401717007591
-28885.10250988514;-111.99967086684421
4887.684467819185;-96.04433417738632
-12180.797350778794;-112.01026940136938
-29464.47446816729;-112.58864657117132
-17785.991137651352;-112.01985855165405
-32558.136797788175;-112.54675712519091
-20886.090933475374;-112.02389608861603
-13808.556662142935;-96.02364180045623
4379.12463777152;-112.02742893345774
-11663.960778469955;-95.93279721881194
-37421.18269524216;-112.03701808374242
-24455.206124099226;-112.54070081974795
-35206.69432136372;-112.0445884655461
-29674.15193878369;-95.9706491278304
-11872.718611057335;-112.05014007886881
57331.27374928651;-267.104956918143
26461.33355148306;-266.8871573758059
52195.35354741015;-267.0948968930928
41637.04338429647;-266.88690587517965
4922.709386197079;-258.86428739826147
27539.44554907806;-266.8866543745534
22906.644279412692;-258.92590505169403
43705.991646347815;-266.88690587517965
33502.945055774966;-258.8600118876151
6680.545328942448;-266.8871573758059
57906.26681467051;-267.1386580020612
28203.76789426279;-266.8874088764322
36562.72958228267;-267.15525704339404
8410.658391749661;-266.8861513733009
44248.12796513845;-267.09238188683025
27217.0387231306;-266.8843908689171
49002.77189363298;-249.4245520380523
65687.09538673388;-248.62759724548695
61483.96009752571;-249.41763627352697
42080.35365277948;-248.62772162974102
75271.3657506862;-248.6004317244019
113946.35417445525;-248.62784601399505
35270.1258676913;-248.59886448280082
101072.49937538386;-248.62821916675722
100514.21829788497;-248.60481005014452
59451.17588711108;-248.62879133432585
70918.64318712425;-249.41716361336157
30703.70719790968;-248.62899034913235
96078.6884931629;-249.42042248081773
75324.78977724111;-248.62896547228152
85308.40473969142;-248.60806891760072
97841.6813694752;-248.62871670377342
35913.65608682731;-211.72270671571945
42152.83707470192;-215.43273167358848
34506.30459680877;-215.51503098712806
43084.01918702267;-215.43214632996447
28455.504677408626;-215.52427941638783
38475.05898402332;-215.43074150526678
45375.60243075756;-215.45157973828248
32701.32414379487;-215.42875133694506
28721.266892471845;-215.54710781772525
38890.65660278086;-215.42687823734812
40293.95065440149;-211.712053461762
29533.91384016789;-215.42535634392564
33483.540303506576;-211.724813952766
38986.58603918862;-215.4234832443287
29593.326330994456;-215.543010412357
32518.159781831997;-215.42266376325506
-2553.0204917485535;-101.77402945994152
-87168.39638918347;-101.98469263283368
-75043.99162171545;-101.52967379251572
5010.485821052818;-101.99286051029638
-44685.81832307466;-101.57153416451207
-82872.78069685202;-102.01191889104268
-23649.877798642687;-101.61203322359796
-47509.605948820456;-102.02178840964345
-79608.82019137967;-101.61849945992259
-67745.76807124927;-102.01396086040836
19996.014306743455;-112.82925160570686
-41203.73643523781;-102.00647363940088
-17503.17794246116;-112.69005736061334
27117.382682319483;-101.99320083852399
19158.899812263495;-112.67440226214316
-46770.744329279456;-101.98162967878517
33372.24036199244;-101.4529544756862
34279.33096572485;-101.51986214131364
46483.47913010803;-103.25924225789524
19002.413381198116;-101.52238282322917
48046.32064945534;-101.47164040032088
-21030.51859685908;-101.52654742813309
-29154.648816537505;-101.45531076530288
20126.827775408085;-101.52961608437808
1614.620370902412;-103.26307807820147
53968.86638299156;-101.53476704307502
-33949.000611681535;-103.24400857153616
-60220.612222281576;-101.53526021997155
-47107.48368207486;-103.25277616080757
31924.674940202793;-101.53257514575718
1756.3532777356013;-101.45662590369359
-39380.205601529364;-101.53191757656182
-22054.18140964995;0.22107311055756895
-19523.402768744087;-10.753547100332923
-44519.40191875592;-0.001266005463634201
-18614.307000946075;-10.722381068173881
-34267.875753902554;-10.296980794167997
-32430.227915089876;-10.7082438989471
-29702.45420411542;0.19697566301191927
-17313.166723332546;-10.707280001045273
-25400.665562913906;-10.332966315836167
-32261.930892265846;-10.707280001045273
-34227.017517147586;-10.26709995921139
-32998.8383765965;-10.70567350454223
-41826.16314599101;0.24292146299895734
-19692.67260672895;-10.70342440943797
-46553.07201247635;0.24741965320747994
-26431.849633396407;-10.695391926922753
2155.7501891871907;77.17895756879041
4006.47984025572;77.02174367813565
890.9603141728558;77.201757308383
896.3480133709518;77.02263778557065
3740.8332838761116;77.19058096544545
-998.0329965066439;77.02233974975898
1860.1964046059047;82.00281619853916
589.2491590794589;77.02219073185316
3179.6329429152174;77.17269881674538
1127.1394545302228;77.02397894672316
3816.590931784038;77.16554595726535
4173.498515396707;77.02695930483983
2178.2905633833084;77.115624958811
2010.7221230180253;77.03023769876819
-1057.0777815959855;82.09118381669866
453.1272895438815;77.03515528966071
31611.23685778804;165.3744193128981
42264.23424183916;165.01632360871136
21380.617130575825;165.1722085186548
-19957.360320179698;165.01936691497926
-37661.4505097664;176.42703138754192
-37735.74495103448;165.02241022124713
19869.963491458155;165.38862140881486
-36057.240907570405;165.02646796293763
-21795.459830071508;165.30780472014573
-38218.658819277014;165.03154014005077
24641.317608452773;176.46625622388342
-31493.63606152913;165.0376267525865
48813.15165732197;176.46862323986954
48110.10611124808;165.04269892969964
23308.14513458663;176.4026849373989
-31889.87308162557;165.0474329616719
-31037.889644950523;321.0527277419182
-6275.080024419578;320.94897030420503
16075.721418342953;321.02215375419166
10229.506906839386;320.9484850028125
-20749.50078048704;324.22640472820973
12258.091955726224;320.94829088225555
-12058.840046888829;324.22591942681726
15685.97378424272;320.9488732439265
-564.0518119649751;324.1907836060014
8007.233885630929;320.9494556055975
-14556.22904510922;324.21068096309324
-11355.238841312334;320.94994090699
10401.849674048011;321.0352568917888
-31799.201960647337;320.950135027547
1776.015118941119;321.05758075584305
1343.577074614892;320.94994090699
-92746.28577597841;333.77607753827124
-83412.3519240132;334.3923057337052
5715.43010367233;334.37327831106603
-20599.37280099834;334.3922140794536
-10249.675676640654;334.374341500385
4048.231906100269;334.3922140794536
-27293.906181035323;333.77374952027975
-89459.41046960118;334.3921774177529
-93041.31253540624;333.7712748554856
-9786.345061163385;334.39206743265095
-26418.726129578252;333.78540794108756
-76735.6389522638;334.39199410924965
-85879.4884491614;334.37644954817256
-57855.906394247635;334.391957447549
-27432.509356605442;333.7735662117765
-54224.5031943104;334.39201244009996
-81635.46282964759;364.6165167032921
-80632.46255062973;364.8320142342173
-54310.901144527554;364.64622565360946
52941.490722194285;364.8345976212014
-13079.397400883987;364.6348156944296
-72705.88197914202;364.8358893146935
-69477.68240561435;364.753005648953
-40680.72516741072;364.8367504436882
-70077.71127010408;364.80467338863536
-29466.1635488115;364.8373962904342
-7087.965270591885;357.64309410416297
54619.80023984448;364.8367504436882
-36531.44807496157;357.5634396721527
57028.77221240834;364.8358893146935
-77027.86110638895;357.5645160833961
-57488.175759076395;364.8350281856988
50785.39198080862;296.21878309462636
53058.19567454966;302.73402285898203
58455.36267052217;302.57702444767307
46483.08733860954;302.7346057738755
62317.942107222014;296.16670936414266
54681.203011986145;302.735188688769
69435.4375387442;296.20226717264455
63068.02666828955;302.73596590862695
62289.457883384006;296.28212651305046
56442.477519302956;302.73577160366244
50390.17337505627;302.57780166753105
53724.60782809305;302.7361602135914
47641.44577468852;302.55176480228926
67549.54455213611;302.73752034834285
43147.46604291284;296.26269601660135
58683.23646122623;302.7396577029523
-29747.3098119124;222.43221624834652
-29210.7885515832;222.63352562847342
-42899.41718759239;222.44634023697756
-20498.21916714094;222.63522731385066
-23261.207964389192;216.8760433231365
-39349.190298493675;222.6364184936147
-50679.93239683731;216.86872607601438
-15472.399323058336;222.63573781946383
-29895.953633145105;222.55490776404517
-37496.56516175644;222.63403613408659
-15462.829978343783;216.92437118784997
-46607.85724263836;222.63352562847342
-45283.4599341444;216.89135849153163
-31131.675013950895;222.63386596554886
-39759.3962085908;216.87042776139162
-50808.7995723266;222.63403613408659
33908.942236866074;180.38274727329858
30610.229563864283;180.88336956384953
-46066.98287899697;166.79240040120328
18774.14979080516;180.90874474867985
59858.70703899885;166.28403652883972
-43803.988062971126;180.92594826381907
-19229.2280019961;166.27844538641946
4720.529903907234;180.93756063653802
-20497.08951657012;166.32876566820164
-21420.794000299462;180.95906503046203
-28792.572665703585;166.48918844687475
24597.221817408237;180.99218179710502
9134.5061627123;180.68939993065496
22574.487570085286;181.100563942482
39988.5086543817;166.4057513984496
16262.777494971604;166.91927632535493
26675.365618300235;-85.14849268743617
35871.4617859384;-109.58734430079167
32003.778896140742;-85.18102308922874
36196.17121050714;-109.61677656908017
30188.215215455908;-110.38588821146163
27407.5789023875;-109.63768897023255
26307.410886190755;-110.50129368448765
35182.678618398466;-109.65008150424876
34113.92813332106;-85.01682201351387
31053.86060229709;-109.65240510437681
27628.79528326899;-85.05787228244259
29358.792393905263;-109.65937590476094
33750.963244389364;-84.99745867911354
33189.88310039922;-109.66557217176904
29018.004585763687;-85.10589335175543
32715.66318950373;-109.66712123852106
-8895.545503783103;-269.2166301920434
-54152.24131264848;-270.045603608097
-42849.74028217939;-270.06378624322605
-28534.06905135389;-270.0452425344916
-24409.63670065944;-270.07162669865755
-12033.226869443486;-270.0449330428298
-19581.716265997482;-269.2182034413241
-5697.683741559129;-270.0445719692244
-26832.41645886612;-269.21892558853483
-21859.23299801618;-270.0443398504781
-13568.864574859283;-270.0602786710593
-47019.82672681863;-270.0444172233935
-34575.97334772969;-269.22220104195526
-46358.87995766332;-270.0443656414499
-42037.3049285709;-270.0713429979676
-19868.091946196644;-270.0443140595063
-51592.649388401915;-208.97058177275912
-58145.14304096918;-209.2607699720286
-19464.450801540035;-209.26234474313682
-81659.47152834668;-209.26090730671828
-111489.6622891779;-208.97061839534302
-63631.57573814856;-209.261026330116
-71416.0162613586;-208.97081981955455
5323.296035293955;-209.26109957528382
17230.489452338195;-208.96862246451985
-60987.159089085675;-209.2611911317436
14386.033905467979;-209.26741697100857
8565.389879025111;-209.2611911317436
-83540.32506748644;-208.96647088771505
-68369.08231792728;-209.2611087309298
-68908.2115425056;-209.2697699720249
-35462.68362861978;-209.26094392930221
36270.66649909303;-210.70237408941068
-22827.85216524056;-200.8136507377097
55194.90778868126;-200.48002140954281
57522.160762805375;-200.8139628324975
44677.065869911035;-200.4332071913716
25920.515114172602;-200.8170837803756
-11454.059434558778;-210.7844550186042
50521.44551921521;-200.82176520219272
34399.8234127514;-210.68240002299095
-11783.607788037509;-200.8242619604952
-28624.111922222626;-200.59612067060743
35061.836476819284;-200.8242619604952
-32088.744169414924;-200.45442963694254
61778.583965479746;-200.82675871879766
43272.839921238396;-200.48126978869405
-26285.19351965678;-200.8292554771001
22193.23448989146;-140.0729969367046
-39635.00057621569;-142.82559744611115
-17546.658763395957;-142.9036056616812
-40996.53608327953;-142.8268176863547
11454.652663955923;-142.92696454634356
17130.742911182075;-142.82786360656345
-27561.508826465557;-140.05547777320785
23546.298220466895;-142.82821224663303
16046.355520667224;-140.07953393800938
3707.818192208666;-142.82856088670263
-43124.162235651296;-142.9017753013159
12445.850513098398;-142.82899668678962
14106.318704824254;-142.93620350818762
-46341.016793674135;-142.8289095267722
-16665.594008602646;-140.05791825369496
-41479.42734311817;-142.82838656666783
-27765.871098876174;-190.85922159950564
-20895.13119072735;-190.71761494810377
-41047.109964388714;-190.84396563429937
109843.43365639639;-190.71696298377873
24416.68622585223;-190.84905095603477
71101.00790638017;-190.71735416237377
21674.417227424405;-190.81188898950666
71101.00790638017;-190.71735416237377
103463.0695231912;-186.58350916293287
11308.037716884079;-190.7177453409688
17981.531503267863;-186.60619752144476
-34135.27711420553;-190.71931005534893
-16909.115813392185;-186.50644697971143
120100.23198817836;-190.72152673405412
87286.14800898913;-190.82010374000237
87540.9242496023;-190.72243948410917
-6223.573596905568;-206.0044427002579
10884.471719176781;-206.20411964491245
6874.140056384138;-205.934110169692
-679.2891257424599;-206.20893694152656
13926.609353958918;-213.99657864788466
-1105.5976507960095;-206.21230904915643
-1530.0114712937666;-213.8248420235919
6379.622167322019;-206.21447683263276
11786.351087734516;-213.87542363804
10333.112693440857;-206.21447683263276
-5494.112342925047;-205.93724141249118
-10061.487145120998;-206.21447683263276
9675.650212580491;-205.98252400066374
10569.95076291505;-206.2161628864477
-7131.894960952999;-206.00685134856496
9009.851031674636;-206.21833066992406
5954.5926125745555;-116.36596537074378
13658.98806899138;-116.48152254361726
17209.58803708553;-116.37954655823448
2693.4892598987262;-116.48093714760472
12792.049651543592;-116.35390621288566
7575.835716069438;-116.4804688307947
-953.9198657629652;-120.21670034116765
-2991.5664611028483;-116.48000051398468
7454.5139833485755;-120.18508895649101
16945.2245683434;-116.48000051398468
16129.793587293723;-116.35226710405058
10862.072215421455;-116.47894680116212
8510.106143748497;-120.18778177814866
10459.011011318134;-116.47777600913706
8313.074685237636;-120.16694168010258
8215.334670385791;-116.47777600913706
-89167.15878816244;-131.61285544330923
-106638.61225518433;-126.94745598709005
-98847.65449488767;-131.60330001840833
-103094.03547127015;-126.94936707207022
-89196.78863947293;-131.61535455443715
-109897.04933215726;-126.94789700670086
-113016.64939156105;-126.82529355489575
-87887.99577872983;-126.9473089805531
-63053.947544642855;-126.81000487505435
-66954.08254428284;-126.94613292825761
-63210.562472998274;-131.5943326196552
-104760.92624927996;-126.94554490210987
-66371.64432423675;-126.81970730649216
-105856.38418058756;-126.9464269413315
-83354.6285282258;-131.65636937824243
-71317.28979154666;-126.94819101977473
-1264.6284751672058;-93.39643726121278
-4501.429937239907;-86.80866806482445
-1691.1014972001876;-86.6006552763489
-4213.7861760527985;-86.81243489600408
-2157.446613493963;-86.58809917241678
-809.4392816199736;-86.81934075316676
-778.2440161620468;-93.41359726992002
-2359.3550424622663;-86.83817490906493
-1112.439652513744;-86.62513967901654
-1168.4947211290914;-86.85889248055294
-3812.9304581044717;-86.53494499910411
-1976.6793467675661;-86.89363103476515
-1963.3886486806348;-86.55419769180004
-3701.0957757564074;-93.74340426653717
-3956.5113156757243;-93.44812655573337
-4065.3848580355084;-93.70050424476908
8151.466200631541;35.35649305925664
15109.731173894466;35.336154164722814
18095.057671638006;35.36661950674653
13084.791233844266;35.33606816516876
22283.82665128979;35.36307202514179
27539.12186982616;35.33630466394241
28749.27206392865;36.066161379312234
8785.542288640248;35.33701416026336
27620.008987462614;36.057647423460864
17981.815706946967;35.33860515201336
21218.08955501629;35.35442906995934
10498.770897310937;35.33944364766539
9225.883865627002;36.07028935790684
30903.236820891638;35.34049714220255
32883.19563210986;36.0688058655994
24476.064824890513;35.341314137966066
-2491.716377245495;152.33623969685507
-10547.655815200647;152.1590857630803
-49192.35978929473;157.76659387745724
-46881.078843764546;152.15793005242196
-44785.127911418116;157.7576783952356
-5177.390210019803;152.15710454480882
-37124.14050769448;157.69444451207087
-5877.483267958953;152.1575998493767
14156.864441072568;152.3477968034387
388.7283217251752;152.15561863110523
-18922.803061644292;152.33607459533246
-326.5135813625893;152.15248170217538
11790.398416786753;152.32881012833704
-47603.89516942661;152.14736355497405
-47860.34347658515;152.3108140623711
364.9229936345073;152.14455682908945
-1996.1847575065985;93.83231925120319
6209.317692080636;93.73551397171973
-16311.597587583354;93.83054067651452
1044.701560151505;93.73644560608047
17150.880886615152;96.56793651044701
3842.397365954599;93.73797009867076
-12446.677304135545;96.60054371307268
16171.419376058613;93.73957928529384
-19.84313223860954;96.60410086245003
-23217.404188689266;93.74101908385133
829.6487934698016;96.60943658651604
3256.1943415107053;93.74212010627765
-25971.5534841051;96.59554676513784
-8586.446644883286;93.74339051676957
-17329.246038017955;96.60215289969577
10791.750477447778;93.74398337499912
-37931.115493230966;181.5605344668435
-5789.343858863751;181.6903645953788
-73225.95046686464;181.57434377432503
-70365.00351985855;181.69285479836728
-71333.59997840607;177.881259551377
-62886.56763554391;181.69579776553547
-28669.232161432003;181.56585444595524
-69149.13309768712;181.69783520434422
-48187.21952851257;181.56042127579857
-64074.25138828669;181.69908030583846
-79195.11832450074;177.86507323195195
-62577.795484075716;181.6999858341979
-48703.54806395523;177.8407371572919
-79658.9171578264;181.6973824401645
-33973.45086300175;177.86654471553604
-80928.59849436159;181.69387351777166
119197.55341287538;130.6783253064972
87884.1466097274;136.0883782007516
85223.19520854633;130.67848461781065
89343.26194871173;136.09076787045373
68100.6296338065;130.69489368309846
83571.5702009167;136.0915644270211
79885.10000414861;135.98610033750148
121426.70742644086;136.0933168514693
105478.99057717177;135.93735107557853
82701.67838044946;136.0958658324849
95301.166319916;135.90039085085263
110159.49434334658;136.09984861532172
112549.67279937705;135.93528002850337
86863.1257035947;136.10622106786067
95562.04390826708;130.7323318417648
80496.81296993737;136.11625768060952
77327.98106064218;32.45833546864952
75679.4568098716;33.76135209891184
74277.5471046041;32.45711552271289
72638.92795652829;33.75967467324896
72912.33130250138;32.46157595004372
74878.3816294309;33.7570822881336
74319.86890702727;32.47873143977771
71094.63240002327;33.75647231516528
75672.0279828505;33.70351903685303
71382.21805212751;33.75658668509684
75143.56824248673;33.70473898278967
73640.8065825087;33.75712041144412
74632.10475788331;32.46302463584348
72847.94813498527;33.75895033034908
71650.44373078288;32.461537826733206
78202.66916338274;33.75944593338584
5864.551170748437;60.62021230067282
5378.037874364356;60.462334999389256
7638.814211778426;66.80526577012964
14354.861987163866;60.46644541433392
8928.36752749527;60.65216143501541
-4477.125349979353;60.46924796997801
-10180.918861803844;60.60937575218235
303.690666295357;60.47074266632152
15969.959881184051;66.82731254119645
-279.7645751513537;60.471863688579155
8887.33628563155;66.82338896329473
3333.6900654622023;60.47560042943793
-11172.8829508168;60.70316794773779
-4349.071803943135;60.47690828873851
2276.797417895672;60.69774967349255
2024.748360732834;60.47298471083679
504.27757010554706;92.04089335025596
-21269.127844360846;93.34099337101986
-12437.642583966433;93.30697291753121
-24123.653184916417;93.34068825484508
-51.94008796364142;93.29122129500787
-9055.45843820097;93.34045941771399
12033.894453016517;93.29785757180947
15197.127393527358;93.34106965006356
-25075.614946893023;92.04306730300131
2975.9782878090955;93.34179430097868
-23751.70812505841;92.0443259072223
-4876.346303123664;93.34213755667531
-11498.60030304522;93.29442501484313
-8365.966133455055;93.3422901147627
-12344.486325830148;93.2939292010591
6925.2596546377645;93.34286220759043
-58162.589039122344;62.540520340514384
-52873.31486792638;62.57739547794454
-55563.08111015132;62.55192409648913
-58709.79076748329;62.577814513597154
-61143.511130553416;61.55635524811109
-54638.746922995124;62.57823354924977
-58668.68641230125;61.57260784520896
-55076.33703753729;62.57814375589564
-54260.58685532033;62.53722791752955
-58597.78139961223;62.579071620555
-57058.08076175153;62.54022102933395
-55727.155994586305;62.58140624776243
-55935.93186528176;62.543393727846606
-52391.195035270335;62.584519084039
-62295.46068453017;61.56434685662882
-53487.65370975133;62.587362540253174
-16381.933294555354;15.673870339007832
-21299.426062458395;11.858600286000103
-15793.577776123368;15.656516066548384
-17187.555862462614;11.862938854114965
-20947.279993823577;12.028694405169942
-20118.150591781912;11.861270174070787
-21602.732689299402;12.012230095400723
-19629.7561738438;11.844249637620175
-20484.218183544872;15.668753053539021
-15887.83333435161;15.470068882945604
-21154.27706722071;15.653401197132588
-18135.132321938803;15.487534400741332
-19165.09681173072;15.652066253097246
-16146.636731520684;15.496767763652446
-13451.795008617306;12.009226471321202
-21120.043813626922;15.506557353244956
21050.600712631043;-40.24624752379149
4338.756225299076;-45.51022955724237
31591.700763153473;-45.664012166415965
8926.217550032467;-45.51305278008897
53552.91423076905;-45.67381041041298
78735.41162206235;-45.51587600293556
89230.61940846665;-40.28544049977958
41903.33949308517;-45.51338492395327
-18046.07814186864;-45.69955155989669
37335.29412624792;-45.511392060767434
42397.563875896005;-45.73226773053081
50942.350437278976;-45.51321885202112
54703.751007885694;-45.69307475454272
41883.92353518903;-45.51255456429251
-4059.52810832212;-40.289758370015555
23767.069731009135;-45.511225988835285
6346.5917478188785;-72.5182605194726
-1163.3389922716597;-72.43863984567622
48215.49390470261;-72.58611244403995
46413.399440021116;-72.4376227932737
66046.83943449202;-72.58335187323316
56290.61058411712;-72.43587927486941
42283.75010061571;-67.82514485469703
59354.893456426245;-72.43297341086225
-8015.99279334009;-72.615316377312
45454.569619634465;-72.43210165166009
67211.51972479219;-67.82761483910312
-2122.1688126583176;-72.43311870406261
-5482.587448702674;-67.86103227518554
2531.13523091306;-72.43413575646511
-592.7359353184002;-67.85812641117838
70840.98853642527;-72.43587927486941
38773.79981648958;-55.978496714907564
-19558.25053464019;-56.236283004653174
-5358.300970947574;-55.99459729992256
7303.610045870744;-56.257868404343604
45512.700086202865;-61.82672459497026
45908.493301425595;-56.328994065618645
2902.4357841981328;-56.039537394360025
-20319.74742240789;-62.15581347549657
-10957.27048921529;-55.98592775414525
410.79019245973177;-62.20358444202458
24257.910054680582;-56.011405602960195
-7468.040828699137;-56.300862274218815
3461.4069039425085;-61.98967666968248
33966.41672866732;-56.25910691088322
46686.19225063517;-61.8417636029513
-7705.285299812174;-56.236636863664486
36819.94302122753;-81.41578552565548
-3506.847800289019;-80.99462678533094
50190.09544811364;-69.46844434340879
17020.80152114504;-81.0040584194812
10639.886568139373;-81.301154895214
7249.736592382811;-81.01240178815256
27846.723587168854;-69.30375350093908
29688.33219139767;-81.01965689134506
26066.132135489785;-69.53482853762016
37413.47350512055;-81.02473546357982
39656.316112479544;-81.2880957094675
-6391.295011731738;-81.03017679097418
15695.98970896638;-69.47968975335716
4892.255698415196;-81.0363436286878
1370.8263944455393;-69.56638823650752
36221.79002577771;-81.04069669060331
-6106.0697227536475;-211.71699996213871
-8110.43575731562;-211.64212845989073
-5193.3414925840025;-211.73683294518102
-4809.030963799564;-211.6418098577535
-7712.619818946559;-209.08821372789092
-9433.74327996727;-211.64149125561627
-5510.4217956339935;-209.1141001515405
-5249.663502884714;-211.64133195454767
-5934.358086606284;-211.7016274090176
-9218.25037099063;-211.64260636309655
-5666.772883517526;-211.70975176351683
-5546.411486010602;-211.6441197232484
-7147.247755071556;-209.11951638787332
-5140.507143000198;-211.64507552966006
-7139.752994807562;-209.12533087687768
-7124.02141880789;-211.64595168553743
-53365.836321484836;-264.4284618281174
8260.35269335383;-264.5632175565817
-2944.1452670321887;-269.00081018409514
-74882.93912218991;-264.5658680315722
12141.175440181814;-269.0898103443024
3396.2721653788485;-264.56768151446045
4211.3029515213475;-264.5136955238645
-32478.13451933109;-264.5694949973487
8588.105287069498;-269.0001126906766
-46702.0169935048;-264.5704714881347
-33406.28345728696;-264.43836623466086
-5954.828384526543;-264.5704714881347
-16078.90297182331;-264.4565010635432
-70733.82332298407;-264.5706109868184
-42680.52167326788;-268.9863023209893
11943.943790866191;-264.57130848023695
-49573.35251489208;-178.99120722886033
-48571.65869458029;-171.85398594095494
-49643.36994060335;-171.6461384679799
-48520.64809273621;-171.85601042932808
-49876.92422874004;-171.6666082948638
-49592.01731365112;-171.8573600882435
-49007.64298601203;-179.03597091622183
-49571.275933878314;-171.86095917868462
-48877.72230564478;-171.62161966434974
-49728.534192532694;-171.86433332597318
-49847.70551235809;-179.00402898855685
-48959.49073685749;-171.8650081554309
-49447.7071483767;-179.1032289188404
-49469.79219821724;-171.86725758695658
-48967.40617507468;-171.59800063332986
-49948.48076743799;-171.86815735956688
-47672.33835120415;-98.488554575207
-34798.181350758765;-98.550330070514
-38439.5454926963;-100.85992941694998
-39863.94880475331;-98.54937967827851
-52122.04419810351;-100.84976753073973
-52617.57201250615;-98.54696714414226
-50271.94614201335;-100.85356909968169
-40867.44045978876;-98.54535878805143
-29339.24414441001;-98.47093576530288
-24658.993503551115;-98.54448150291097
-45956.16673143902;-98.46537962608001
-44711.6074910185;-98.54462771710105
-36913.26242729204;-100.86519312779271
-30496.75120121926;-98.54572432352661
-53147.05974469121;-100.86848294706941
-40015.09435432013;-98.54747889380752
-38587.27395469039;-83.63631675772137
-49935.424894365424;-84.10690873226648
-41408.61603654389;-95.0512155105638
-27026.7472648978;-84.12499504614405
-30532.49732979434;-95.0348682653283
-61405.26558866986;-84.13438601681125
-21046.897220529732;-83.70900982696006
-47473.726418550395;-84.12777755597136
-17410.931367239955;-95.10164850118392
-45510.41337093091;-84.13229913444076
-18530.942166217512;-95.13016922691392
-14636.870018076852;-84.14586386984894
-26596.570106812997;-83.67179375801967
-19241.703344530608;-84.17021083083796
-28990.060312517286;-95.16460278602698
-26811.271138866134;-84.25925114531212
8989.774618602081;24.57653872228307
-32932.46082377087;24.19319242660835
-7709.980195275544;24.506097328834954
3638.167426867636;24.203169104650357
572.5690164170519;24.51063218249041
15661.95939428865;24.21163416480721
-30442.498796068645;34.52056581797146
-19722.74766289016;24.218285283501885
-28920.330358513806;34.5051473155429
349.71662747342634;24.230075903006075
15252.47797290815;24.547213335311106
-17158.76399363069;24.240354904625114
-10748.804820482022;34.35398552702763
7144.745829574153;24.245192081857603
-32504.080259865106;24.538445951577224
-7275.299917194701;24.246099052588693
52152.81742070732;127.9848988730612
1756.7919889389595;128.0783730635918
48322.21113480485;127.98155081396185
27830.608666331304;128.07710623041908
-5639.192884743621;125.0225904748027
48468.63892647656;128.07611086149765
75390.631680156;128.01693165471448
40928.98904964438;128.07457256407363
9634.883459729346;125.02087120121114
76654.60742902033;128.07212938581193
58851.19819255767;124.99933503727475
17410.751755201738;128.07022913605286
21579.79963506241;127.99584793119692
-1890.0888602433406;128.06878132671258
13788.736002718419;127.96978736307221
78432.4618429967;128.06751449353985
8727.277548259779;238.8523444464643
23332.98140925059;238.18410998621584
23479.007378505336;238.84679202053783
45453.5855497078;238.1843677774196
46850.92979805509;238.84346056498197
8459.304359999733;238.18450658806773
27036.44854439227;238.20179842881012
28982.943645202897;238.1846850589011
8213.856454231114;238.8493501024825
22806.35583927868;238.18480403945665
7225.07422624551;238.8530384997051
31915.89077236208;238.18492302001223
5685.587678038544;238.20195706955087
7152.061241618139;238.1850221704752
28759.244288046688;238.20522903482896
33915.98051082471;238.18510149084557
-68358.96840744164;357.7396679617835
509.44917392593925;348.892928175135
9613.85882003402;357.6963207908344
4535.102669868884;348.8955394504934
-75274.16958024054;349.0879904444058
-78699.77936351503;348.89736734324424
-10140.894417789095;357.5448668200485
308.85819216933305;348.89788959831594
-53219.53698262185;357.6884869647593
-34313.836952061625;348.89658396063675
-73250.96743666098;357.5968311996802
-25052.067139230683;348.89397268527836
-35162.890159324495;349.155361348652
-33674.02088956209;348.8911002823841
-61675.48440322366;349.16084502690455
-31585.10790713122;348.8871833693466
52517.644845018425;311.72568447816093
69317.82808911691;314.54084151079377
44058.74805814062;311.73946961289295
-34780.88408009107;314.5402602099316
31680.26086172826;311.7451995785346
-23892.88163837188;314.53984499503
63475.76113711012;314.45563941299196
-56412.13778856682;314.54017716695125
74528.87038777104;314.45049074821253
-54591.4394159902;314.5410075967544
-4772.156120653977;311.74495044959366
-21524.842885467864;314.5420871554985
-10980.624484284883;311.75076345821566
13726.591692146438;314.54300062828196
78495.9572765902;311.74727565304244
-25645.727897684803;314.54391410106535
33850.38350155072;233.32996097291928
-7012.791314670627;233.43256846922785
57218.280822383225;233.328691078163
85389.50591951792;233.4344733113623
-11829.32022738197;233.30595996202533
-10028.308045847385;233.4357432061186
47281.59685955;229.18375459361872
-28800.32401966441;233.4371400903505
32928.18982953981;229.16229337223734
84795.45478110599;233.43777503772867
-33507.47208784276;233.32335752018656
66319.52143817999;233.4375210587774
52422.496552600554;229.15746777216341
29367.654752327988;233.43701310087488
16715.3084424688;229.12533943482916
-3946.355914487136;233.43701310087488
45552.66816861047;181.98131886530348
49495.72725470986;183.97134323182982
45990.2233893499;181.990626027187
48962.30852573903;183.9718144805328
48143.830321796224;181.9801407435461
53511.23763910957;183.97228572923575
45262.23021297866;181.97884480961292
44465.898694105825;183.97305150837806
49757.84909157365;183.90583966211793
45523.71928741188;183.97387619360825
49386.892116651754;183.91432213877127
52944.28250131849;183.97528993971716
43396.05561461894;181.98255589314877
43951.304647444456;183.9777639954077
53445.74672754553;183.91756197360414
49491.614298911154;183.9795900841317
67792.29699325922;56.58907757287976
67033.66273566011;56.8647962118427
70183.49948154298;47.632956915693086
69994.1479736425;56.8647962118427
68548.37244669751;47.73712931608635
67201.26440819365;56.86073754689231
67124.70498770199;47.631874605039656
68979.83800429452;56.855867148951845
69225.22732331691;47.61969861018849
69934.78371711154;56.85370252764498
69682.69033118781;56.569054825791184
69672.14805804525;56.85262021699154
67941.78233233417;56.56418442785072
67897.46384426882;56.86696083314957
67993.62370463232;47.856724643291074
67579.76271966174;56.90375939536641
99454.7202504139;-13.099479879840931
82065.845254944;-25.082787138354803
94150.14010165524;-25.59080196878539
79668.17502770509;-25.089236915888275
75751.08853872608;-25.53540976173321
79035.31555256623;-25.078993151570405
56498.6914736053;-25.48153514939479
73645.86212142743;-25.074060968750693
43094.248071611684;-25.46635920225721
63512.730233781316;-25.072543374036933
63342.98366902104;-13.168151040638495
72982.55896891309;-25.06950818460942
81557.52809634121;-13.131349368829856
56390.754799274044;-25.078613752891968
58801.34052600559;-25.59990753706794
54637.93701098857;-25.09341030135111
-120750.01713435487;-55.86159121000279
-59529.448277742755;-55.57142282755414
-90743.13777408244;-55.86047955934815
-109065.690644539;-55.57117477327583
-109908.76234879032;-55.861113475837165
-67970.95417204715;-55.570871595824556
-115727.03599330357;-55.56061868565445
-55098.31272066313;-55.57054085678681
-88761.07157359394;-55.55953459658628
-32321.505325003047;-55.570301989704
-112898.81555948057;-55.5614639076398
-115011.88924600446;-55.57022849214005
-51120.308938811824;-55.861563648416315
-50152.394806691475;-55.57012743298963
-110104.50294557262;-55.56049006491755
-97439.93220730365;-55.57001718664372
27868.629978570283;-158.77782690090302
28315.709470763744;-158.5322064725605
28224.79998827541;-158.7638267423722
28726.445084415867;-158.53405943471898
29569.55668506162;-158.7117379172501
29680.84529213843;-158.5357065121932
28755.088707412375;-152.02501514129912
28673.339873761855;-158.53920655182588
28950.11759353923;-151.99804424765884
27964.285739260824;-158.54517720766992
28821.038740893324;-158.70412018393185
29459.23060992791;-158.55032432477685
29275.055101228467;-152.0155444458224
28899.368926607993;-158.55238317161962
29369.084514842725;-158.71544384156707
28078.39556065363;-158.55485378783095
16103.297398702402;-332.48520896614286
51599.03654055053;-337.5248814181558
-75134.10266772305;-337.66047585287384
-6067.202718007058;-337.5261501380128
-1782.20590289963;-337.66333047255216
25622.963770595234;-337.52662590795916
-75806.2140525338;-337.671894331587
51234.30715425391;-337.5267844979413
49796.034668669134;-332.4320813221305
-10299.439936354596;-337.5274188578698
-15481.349896380125;-332.4036937153299
-71835.48092247441;-337.52805321779834
-31981.34030915726;-332.4650680384128
23042.331320383324;-337.52884616770893
-59418.62451981033;-332.4726803575549
50305.279472177615;-337.52995629758385
9243.610895963237;-426.6571106661133
5986.785933264961;-430.2093508755877
11449.05656750277;-426.663787391023
13461.84760941422;-430.2093508755877
9404.156420653306;-430.26921884227824
12701.932125881222;-430.20923959683915
10803.772139762972;-430.31139348795807
7631.330525307593;-430.2084606455997
10125.91325773823;-430.326193561508
10645.863594705492;-430.2075704156117
8535.814539286144;-430.3070536167667
5575.41711058084;-430.20679146437226
10575.595843319403;-426.6734686421421
7767.677883957422;-430.2063463493783
12843.708560245206;-426.6743588721301
12538.749621558562;-430.2066801856238
-72704.30618588728;-397.03969448870885
-58638.5062282794;-397.0044520598697
-80671.4622533723;-397.03328291430563
-75489.08877321791;-397.0044520598697
-66833.98049497684;-395.6564928479098
-63369.239331873534;-397.004536981385
-76810.53655640583;-395.6597198654903
-64211.06901605941;-397.00470682441556
-73244.37614945105;-395.6501237342642
-88647.11155802713;-397.0049615889614
-84925.57487108314;-397.04309134931987
-77533.46092021413;-397.0050465104767
-72419.03333741837;-397.03468411930766
-88286.89838158914;-397.00470682441556
-78187.93978447733;-397.0361277850673
-73158.44457337985;-397.0043671383545
-99208.5738139029;-357.3649100636812
-91577.77245530469;-357.6089350018484
-114016.47434883515;-369.5680457099544
-103306.88648616557;-357.6074240115192
-95378.83197367015;-369.59033281731024
-88281.26105342266;-357.6044020308608
-96245.8203392037;-357.22967642921697
-87128.1013401679;-357.60138005020235
-88244.1044091855;-369.70705682024163
-83879.828388699;-357.60024680745545
-85019.95068292317;-369.64132874092104
-103985.48414670724;-357.60062455503777
-78447.1358786565;-357.2719841584348
-91841.78019067392;-357.60138005020235
-93841.0683990133;-357.26329596404184
-109853.6264523711;-357.60364653569616
61192.754777219656;-354.7328065257559
57916.521907759714;-350.901206845181
49308.22291613418;-354.7255798194553
63362.35409589393;-350.901568180496
46095.19341665681;-350.7866635503166
62948.65931055349;-350.90229085112605
47782.72339519133;-350.7936493664071
78685.14928403101;-350.90361574728115
71538.57186727501;-354.7295545079206
55567.0802726805;-350.90590420427634
77356.15478612485;-354.7440079205218
47351.21675103763;-350.90843355148155
64397.74021142651;-350.8445976458263
72732.54098385476;-350.91204690463184
79378.66262556697;-350.7791959538059
45416.619053480346;-350.91541936757216
-104976.69259086886;-119.85299273684248
-106164.8023692258;-120.27370807946785
-82343.47725107387;-135.7334051574303
-67895.3685595216;-120.28056490693788
-68085.37151677709;-135.9018872038367
-88383.36378856061;-120.2810546803286
-97999.4055713208;-135.8176461806335
-69625.89341917221;-120.27909558676573
-100985.84209449007;-135.78874955058123
-78987.28393556923;-120.28497286745433
-109328.62754543443;-119.93037693257567
-82288.28967012829;-120.29133992153365
-94034.57207738778;-135.8955201497574
-62067.56001166857;-120.30701267003657
-103086.12374647606;-135.81323822011706
-87925.30686671232;-120.3471740880753
46351.03676329987;-3.1292042103722366
-25549.39338340833;-14.09413811887417
35244.71387320776;-3.0588002402952625
45338.00027696144;-14.046017974188532
30215.285670445162;-3.063321596171768
6255.9795955153095;-14.02276528682366
52050.52570081704;-13.598080788423564
53561.472930767566;-14.010493035158866
41381.1989420866;-13.769569357739496
18714.342031426437;-14.003388047352932
-2554.127258876353;-2.9903339941653613
3004.9932243246367;-13.997897829502893
801.4733377008961;-3.011971911574342
21752.12725974065;-13.98788625577635
20311.364256948204;-13.60680054618539
-26137.35181469495;-13.979489452005701
112334.99291183775;131.21571092090147
114378.61987622837;131.22819093322428
124793.94677369285;130.74508496019428
134873.94169248024;131.22794901736398
101833.19676200999;130.74622338777218
108277.26506922934;131.22765018012478
76447.08967184497;130.74739027603954
89138.03421077228;131.22716634840415
95501.96028409395;130.74417421813195
72202.71478450118;131.22681058978606
93085.03923023259;131.21292177333558
93380.30009196086;131.2265259828916
89179.15983079872;131.21061645749032
84119.6540644694;131.2264690615127
123222.73718806746;131.21646512917184
90175.6652391316;131.22654021323632
-21005.243406645906;257.5763970244468
-18348.067808983815;253.8361188386959
-53756.39263442331;253.93300044681752
-18056.07049055941;253.83690104314442
-9115.477597052139;257.5845542994098
-41211.45784161478;253.83745976060763
-52811.05131602429;257.6119314551073
-57356.172075624185;253.83801847807084
-49929.40277982344;257.62187662595255
-56373.41860080204;253.83824196505614
-20313.574758628096;257.60422115411495
-57222.94829909305;253.8381302215635
-30631.117506830455;253.9573605282137
-25224.604657878568;253.8379067345782
-19644.718401112194;253.96451211174286
-53186.08537187564;253.83690104314442
24195.155141975443;251.08670138337737
9814.481902404668;257.0612092010706
9072.078343949444;250.95656071797163
29283.689607297118;257.05994042021007
6264.341577761639;256.87524217780276
15075.313534425475;257.0584903849409
17827.230484188076;250.96671096485565
15692.680704088241;257.0568590952631
6504.738920499522;250.93154760957887
29771.182670743907;257.05613407762854
27546.204788035244;250.93970405796782
24388.663838916156;257.055409059994
26324.86720465176;250.95819200764942
20452.250384610707;257.05522780558533
11587.319272069173;250.969067272168
11274.728300088027;257.0557715688113
91248.30112613301;286.3475589205611
64128.09212167808;286.53978906926534
85804.91234100572;279.39662818118205
64929.84426502966;286.5432179236458
59376.60395923866;286.3164849277382
61783.49996422867;286.54343222704455
37104.618038404624;286.38141885756806
46014.06823671235;286.5423607100507
104625.59302307683;279.32612236298394
67900.75404775575;286.5404319794617
26537.557580529527;286.34477297637693
85385.18115757422;286.5380746420751
62724.61597707899;286.33341489624166
88287.22879301858;286.5363602148849
57366.48508858623;279.31519288964626
102907.31849090412;286.5355030012898
-2478.366834152883;316.86365285345977
27264.242840965657;316.5687103285455
-4218.490735188512;316.84084139456115
-58136.91863568672;316.57031676931297
-32675.736022224628;316.71714545546314
14259.458298483427;316.572244498234
9999.431684495357;327.4211815775167
25319.477159101094;316.5744935153085
-391.8231864852569;327.43596083257773
-21409.73785279874;316.5777063968435
10323.113455479688;327.37909282940797
-30430.026545023386;316.58059799022504
-2127.934503583063;327.3620645572724
-31607.051166784608;316.582525719146
25330.17738293529;316.8748979388323
-46540.55105538013;316.58220443099253
87257.92394262902;404.621074065431
85138.41598206657;412.89451994758997
99275.49194168294;404.62817762803707
64086.603316122164;412.8935401458512
56656.94837364955;404.6742283097592
67803.95902747047;412.89109064150426
75338.9573079432;404.66859444976126
99203.85847184286;412.8901108397655
68230.38885969497;404.8407946053498
91143.82899477752;412.88986588933085
99257.79426089893;412.72158494069737
51952.7362719161;412.8908456910696
73586.04416362118;412.72868850330343
70564.79722977767;412.8932951954165
55220.90799003189;404.6492433654206
71243.20832649845;412.89574469976344
-1202.3270502284001;352.78474908243675
-1578.7109855800638;353.0800806629315
-1498.5328911522192;352.9779732257376
-1260.2917787293022;353.0829169806313
-1114.8826433145032;341.10443825482645
-1294.7307844854388;353.0868169174686
-1168.827415668179;352.75886768342576
-1691.9604718170506;353.0896532351684
-1987.8347699658407;352.70426856770405
-1172.8888146622842;353.0946167911431
-1966.5607752348137;352.89926540956736
-1124.1382124507293;353.10206212510514
-1259.780650284466;341.10833819166373
-1618.924361334622;353.1077347605048
-1328.7277332082035;341.13776498779947
-1780.9244497831637;353.10986199877965
68652.6906335118;177.73382385488605
75906.07253975513;186.81522742786663
68344.45955725272;186.548736327786
60095.37831042379;186.81684089567742
45192.701632096505;177.7303280079627
62598.881676758436;186.81872327479
44543.426049121445;177.69752082914349
72534.35807903626;186.82141238780798
69125.52678714485;177.7150000637603
65883.99019807467;186.82248803301516
64215.88449566733;186.58503935352857
70120.15027755154;186.82598387993852
53070.61456719985;186.55196326340754
65459.56730249279;186.8348579528978
69345.00022364345;177.69913429695427
51124.40159354304;186.85018589710023
51314.28113525755;48.32520340599837
-31966.337531794088;35.377412457008745
182.8780591229297;48.422865396380246
32852.18046596041;35.139992790735576
6514.199071045179;48.42707496493119
-1245.888740839684;35.103790501197466
-55048.379199871444;48.37319248747912
-61446.42833157216;35.08821509755898
34090.57586537856;48.39297745966855
-19872.847117824815;35.07727021932653
-40352.49211454169;34.59485366338849
-32508.012857054644;35.070955866500114
17791.251313607252;34.563281899256424
-27472.002405538064;35.071797780210304
-70046.50541596251;34.57633156176435
57017.57278455887;35.078533089891806
15946.437135715096;-94.30161773020848
18228.173448014582;-100.49025346711335
-38168.84016508845;-94.30004979614795
1147.4121590271898;-100.49613321984033
-35360.36883776456;-94.27731475227029
9254.90812524916;-100.50083702202191
-8385.43579662608;-100.7293634113439
-48224.90374813789;-100.50377689838541
25177.7908845504;-100.74327882613109
-29765.71563809554;-100.50456086541567
19138.521714515562;-94.22263305190936
-49940.01865229308;-100.50338491487027
-25900.254893094614;-94.30357764778414
-6990.585166639401;-100.5031889231127
790.780879367012;-94.30475359832953
15422.048379109518;-100.50554082420349
-40643.49517581044;-221.20997108782885
47065.338522751554;-220.93895031886552
22624.03723830379;-213.51563102351258
-63907.64574209569;-220.93546377381026
-35263.64493347441;-213.53678273018124
77231.98501922666;-220.9336042831141
-17722.371758004432;-213.52306898629715
72493.76829203161;-220.9338367194511
4362.160268906213;-213.53445836681107
62995.12444673281;-220.93313941044008
42680.02022888405;-221.16208920240308
61428.05797706153;-220.9336042831141
34605.30922295583;-221.12327233412103
87201.9827160329;-220.9347664647992
15492.033935390413;-221.06772004957367
69354.6997102649;-220.9347664647992
-52167.94591160457;-219.80939531351032
-47308.051951861344;-219.70697542854663
-50667.39972565529;-219.78346894095677
-39249.181091947496;-219.70815390002633
-35430.75996938969;-216.32133400111695
-47159.87301599885;-219.70976090658957
-34386.94252878873;-216.3156559112602
-36750.30277165884;-219.71061797675665
-33335.15343657491;-219.81432346697093
-42100.21884525113;-219.71136791315283
-35086.10326730447;-219.77329123272293
-47186.601494936076;-219.71136791315283
-31369.906853664463;-219.7919325088565
-33254.96799976324;-219.71083224429842
-39277.316332934046;-219.79396805050325
-24370.327816894187;-219.71072511052753
-6199.093827965262;-254.4193077684631
-36776.45772495003;-254.48670996610278
55966.733965145955;-254.4293089938323
64195.423450279624;-254.48670996610278
38592.1049080916;-256.41385517451573
46641.948333832435;-254.4865887391286
63935.122749975206;-256.41791627815047
-20345.640050632122;-254.48604321774482
40035.26865467734;-256.41415824195116
273.0086183793901;-254.48543708287397
-44957.33687737472;-256.41664339492166
43642.29264461005;-254.48513401543855
41756.440632200465;-254.42245966979158
-36562.19660429128;-254.484770334516
-5473.085072014146;-256.43816118283723
52749.27564913823;-254.48458849405478
-29138.630680853646;-324.11862508683174
-45236.08645631466;-324.07392798315004
24185.786609097948;-324.1184029894221
-28475.096646278078;-324.0738724587976
49939.01367503414;-324.1237888516049
-14246.645108479002;-324.07403903185485
-4455.765077931879;-322.29848129082
26023.265474076434;-324.0742611292644
-16294.29312468051;-322.30425582346953
-11475.414728781056;-324.07448322667403
-665.2143148022442;-322.30542183486995
2626.9353182842096;-324.07487189714084
-25711.372307695245;-322.29043025972203
-13288.874262191195;-324.07531609196
37665.135243609235;-322.30891986907113
-9914.158176838551;-324.0754826650172
68861.33529029302;-380.8173004652389
48696.195342184015;-378.1741905285746
59278.19355744728;-378.09681096328575
55247.15334191984;-378.1748547308518
52297.379409805406;-378.1249565347803
65622.50587528992;-378.17593405955216
65271.74657155541;-378.10038105052547
67316.6691711316;-378.1770964135372
53117.336223730235;-378.08211548790365
62358.8292841073;-378.1782587675222
58384.109334586814;-378.1104271099675
66625.08943413438;-378.1800853237844
71609.01885614719;-380.8163871871078
66953.9003989103;-378.1813307030541
50007.29800525776;-380.8398003173776
62027.947721316414;-378.18116465248477
75807.33332763099;-233.38219163162205
73838.55958458825;-233.3474729191443
79584.87679379692;-233.38922920847563
53425.20721608964;-233.3469255520557
72266.83285393841;-233.3550969607357
92453.0190213167;-233.34583081787846
56296.06123604494;-232.09701280520818
65477.5264778469;-233.34504886489475
55818.682987313834;-232.10334662437643
78693.99021375117;-233.34446240015694
69134.57308950555;-232.09974964065125
78597.1976584912;-233.34375864247158
78771.68763906189;-233.38680515422607
67423.91282715603;-233.34317217773378
58212.15875853803;-232.10060978893335
58775.13586566229;-233.34235112710087
-40709.09730087627;-81.00261839530391
37646.4976374382;-81.38006684629286
39266.90605282182;-81.06512061191928
-55995.4126627018;-81.40225378032949
-63967.33629084712;-89.92528331878948
-44777.467465838345;-81.4174058328423
-44518.965480943094;-89.88361517437923
19971.20755614452;-81.4217349907031
-9267.275339423046;-89.89984951635725
37740.182920554595;-81.42227613543571
-7138.537517500459;-81.02155846094493
-13668.748733243432;-81.4176764052086
18409.786170871226;-81.01858216491563
-22648.656611215163;-81.42417014199981
-57648.784418441195;-81.05023913177277
-67315.71770593317;-81.45095680626353
65775.45086150414;-8.107929788823421
67342.3389528718;-8.06321322874645
67481.4770207545;-8.098014746127896
66599.13645970031;-8.063665196504651
65502.53373070181;-7.168910275191904
66504.53695135827;-8.062930748897575
65352.775683471555;-8.101235016405075
67484.67935298852;-8.0635522045651
66235.47568998058;-7.179107797736306
67233.49233377427;-8.063523956580212
65485.47641002666;-8.091178733785112
67486.11713480788;-8.06411716426285
65507.66399764817;-7.172808497106384
66460.48854471058;-8.06643349902363
67068.14742454776;-7.1806049409353445
66681.18805398248;-8.066828970812054
25495.918607224638;-29.377402241630854
68983.41879370346;-29.468487612229843
19890.44890322318;-29.383725241090822
685.4293500678032;-29.482158962413557
66507.5464231234;-29.40668171660764
2761.9674673285044;-31.350178073140654
31610.16973027002;-31.263478927392274
52393.2990919134;-31.3432284701306
73111.35176042326;-31.246332775703532
36558.95643992408;-31.344937388903563
31249.289886529557;-31.25499129748655
56756.395563365724;-29.490931412114772
66159.97772116025;-29.3799656197903
-13847.379439251003;-29.47384222438513
-9675.075999940163;-29.40240941967523
18013.577912622168;-29.47686131421737
62374.140109284876;4.8228700653250165
80749.74711766983;3.3509311022660837
79955.01660636082;4.830007051768169
50792.87031683935;3.3557034245262645
56640.02324723617;3.420022290303112
60681.497444790104;3.3599168261613785
54016.42711726928;3.4212261193417164
48131.59549742309;3.3612066429884546
79648.94971360287;3.409617767898034
58001.67311672185;3.363528313277191
83631.29735232856;4.831425850277952
79928.35168767357;3.365635014094748
67085.13563474684;3.4202372597742916
54445.38450484672;3.3683436294316076
48925.166664441356;4.810788781044739
77988.18901710372;3.369891409624098
-46929.840424138136;100.1103362591225
-50631.871488583216;89.89649680481041
-45739.06577650771;90.16606399191998
-53885.93844541813;89.8992537419513
-56733.80066060652;90.24662782170387
-32344.432784830686;89.89956006830029
-61111.57419246355;90.22549130362368
-63043.26122711589;89.90078537369624
-29030.890367380867;90.1605501176382
-52276.30470281886;89.90170435274321
-29986.926760882234;90.21599518680506
-41708.021525682285;89.90354231083714
-44346.454193386264;100.23960597839552
-36220.46120745767;89.907218227025
-57790.43916302034;100.19733294223515
-27380.12997648406;89.9121194486088
-11541.755528439913;189.56874110690188
-23489.095215424913;189.1703383132311
-6263.560860583821;202.00573803160694
-5934.3649402170995;189.17375319431972
-22965.374433023317;202.05696124793604
-20779.40942821665;189.17906523156864
-23953.612778946328;189.52928025876685
-2810.2566208475764;189.18323897512138
-6069.035998548941;189.58885096220143
3141.2933386677178;189.18399783758554
-28654.73870892638;201.86155416342135
-4175.834164028882;189.18172125019314
-1088.158594739467;202.01598267487276
-12336.119597150908;189.1821006814252
-9740.28615394299;202.03002163045926
-18028.086212345406;189.18399783758554
20028.33354400244;250.62749605652948
-37958.95922125109;250.75958592408483
-42461.85055652171;245.7180563637716
-30523.368094471953;250.7625743826268
-9052.61919236341;250.62913970872756
23659.484165423666;250.76630995580427
-12117.601338022061;250.5905885935361
-23505.78920680725;250.76944783727333
-50640.868513624606;250.63167989848824
29835.74728069351;250.77348225630502
-28688.61184240957;250.65289795413628
-17803.09691939489;250.7758730231386
-3291.722669124996;250.6277949023837
23853.939226024377;250.77617186899278
-13686.470058242667;250.6159904911429
-17773.994801481866;250.7773672524096
56504.06396384534;122.1389678793023
40989.84635668007;121.99904145308801
32113.01681891747;126.80762870039536
24963.843348729286;122.00074441162207
55386.777405174464;126.81458244774271
39630.35933485505;122.00287310978962
56085.3857762824;126.80124260589267
46284.17808894405;122.00585328722421
44815.761713087384;122.13357517727782
52543.66041056098;122.00840772502528
50603.013985941456;122.09965791980802
58512.25875884202;122.00940111750347
46774.055910147785;126.79216016037775
46981.56937229744;122.0092592042923
48505.971784863104;126.79698520955755
60963.473496492516;122.00940111750347
7007.804529066019;208.84388579516647
3524.59524433405;208.84237201078426
51021.52690993415;208.8988933110945
41348.393141346474;208.84236031487845
-11808.4094213023;208.8984405124548
27860.250310311254;208.84236365656582
24612.467423875394;208.8438039238257
55069.20884555155;208.84237033994057
7089.0335202909955;208.84347978015006
31640.840308680417;208.8423653274095
-14329.261674402791;208.84414978846934
1789.8744147837388;208.84235697319107
45674.18111471717;208.8977454414802
-5508.343932395779;208.84235028981632
39587.513823096604;208.84377050695193
43145.068286237874;208.84234193559786
-14278.12527120941;192.43864973138497
-8858.174615228352;190.14498540934352
-37445.861932713364;192.4140071693686
-11850.910677687345;190.1455299963494
-16837.620396712013;192.43374844833198
-5431.309827007735;190.1455299963494
-5867.214130379842;192.43939853851805
13253.09336804178;190.1453257762222
-3527.0028397711503;192.44150881316585
-4142.240481801429;190.14505348271925
3195.333993494789;190.1837872335129
-1149.50441934244;190.14450889571336
-17951.79534728633;190.21653052724182
-23110.736094527267;190.1436239418288
-14271.91074957274;190.21598594023592
12535.76001340907;190.14260284119277
67686.96209130232;148.53519896361942
93512.70215246093;150.42119511516907
62840.365515657904;148.53936292332995
52838.02962000164;150.4204733621526
72158.33106055873;148.5501892185773
32675.42620928402;150.41958505074768
55751.36396094251;148.53669798911523
49397.136465303316;150.41925193397083
75411.0503708595;148.543082727338
83943.83814836334;150.41930745343365
46058.170809653675;150.35618182422223
57685.746278053186;150.4196960896733
96325.22907676025;150.3534613705447
47077.44580014048;150.42097303731785
95830.15265280951;150.362566562445
33292.591615611746;150.42280517959048
-16828.792997122677;107.32268137216866
-34146.87858830912;110.03757915216839
-43324.7400186592;109.95801966603698
35421.471927739796;110.03503070016018
11385.288293934256;109.95021503176183
-66152.75994796117;110.03431394803286
-47763.253548253575;109.95236528814375
19371.073419308108;110.03495106103492
-44824.08565460771;109.97219543033266
-49719.48133077867;110.03638456528954
-10199.17565190397;107.36401407817687
-49174.118486801686;110.03765879129364
-63894.08905432199;109.94177328448463
-6244.892848082673;110.03949049117455
-67060.0892813034;109.95738255303493
29932.45120900983;110.0406850780534
-108671.75596589176;106.6203131314094
-73260.40965984737;98.56154343837909
-79582.74575578135;98.83823633550503
-107484.24853499234;98.56368098007361
-101884.08161519689;98.85723670612312
-113244.59920017663;98.56011841058273
-102108.69681124492;106.54098658407888
-108057.86742211104;98.55228075770276
-105877.93667480812;106.58088736237687
-65191.26534604175;98.54420560019008
-73772.28174008435;106.62268817773668
-94207.79017416056;98.54088053533191
-56240.66299196791;106.6248257194312
-64586.3256148526;98.53660545194285
-56794.5944913852;98.85272411810132
-80973.39123250908;98.53589293804467
-2080.6130067026243;49.31585036198111
122082.2269507765;58.13512825105109
110197.1773000227;49.35907959362503
15724.149473937185;58.12843801282049
88360.39461636802;49.45428682998367
-37516.19650236424;58.127666062255415
35852.88399521145;57.77539928772846
-35745.41535238389;58.142333122991744
-16386.585678927164;57.75224077077636
-7449.986445370916;58.17938675011511
7143.987669926108;57.83458216438383
13320.335449084625;49.779792651588195
36237.83641912023;49.340810096918375
132068.1779769137;49.727557330018456
-28382.84380769907;49.37863567460681
-25477.165882046917;49.72318294348306
-3963.675375091567;-27.07171117329898
19544.422331108653;-27.04605341459698
32205.61549509367;-26.500939186977018
-7703.439567241585;-27.04549639405528
40961.14648011314;-27.069326429104834
37699.66265420788;-27.046366738651685
2107.484993476668;-27.07279040059852
70413.33375646968;-27.0474285590593
61689.57047105319;-27.071293407892707
93019.5817683855;-27.0474285590593
62508.471171929836;-26.497597063726825
13663.868160158265;-27.04803780027678
-3831.3099600791757;-26.503410965630806
35753.00861742569;-27.049204062035965
77502.82538453322;-26.49216611344526
21012.796001646086;-27.049830710145375
-53406.8220018366;-105.22661580983257
-75733.3573231369;-110.63249276045036
1292.620416426842;-105.24210250281246
-32784.79785278444;-110.63402441140443
2783.711992817538;-105.24346397032717
-69393.37252886503;-110.6352156954798
-38332.28454777232;-105.21266076780672
-4947.76856644488;-110.63623679611584
-30230.876689023666;-110.8241193131466
-59799.450296419964;-110.63793863050923
-1612.7316818458494;-105.17743279586347
-38318.056574715156;-110.63827899738791
-24817.132940773117;-105.23308278052747
769.031007923244;-110.63708771331254
-17287.689598922414;-110.82156656155651
-77615.71815859957;-110.63640697955518
-55118.03573133316;-126.0785513354653
-29195.41833151494;-124.94059919012176
-29798.33469244018;-124.91974096053447
-44965.97179445974;-124.94027774480278
-42169.82179527039;-126.07180098376669
-25185.634474566636;-124.93999201563035
-37129.17355041848;-126.06772934305958
-47383.20947809534;-124.93959913801827
-54373.027252075255;-126.07826560629289
-42550.40578280453;-124.93917054425961
-21786.568114452035;-124.90681171548208
-30108.151232804725;-124.93909911196651
-57092.8375641604;-124.908097496758
-44428.807864762945;-124.93945627343204
-39010.91897633766;-124.89688262674018
-28145.60832783364;-124.9399562994838
43231.52412595466;-125.1081565760073
-14763.536411562134;-119.11917086701465
15401.083664586316;-125.11728612739297
30581.708333174378;-119.11422569334742
-63092.04876178301;-118.99972590305227
-38354.819148624185;-119.1121335044882
-80917.65413516267;-118.88636730668033
-75701.69298510601;-119.1121335044882
-57819.00169723445;-118.91622854767093
-9477.803588237599;-119.11403549436022
-24271.512614158302;-118.90938138413168
-81321.48412286465;-119.11974146397625
-22582.192403823778;-118.9118539709653
-35158.00793707751;-119.12487683663069
-45710.44494556261;-118.93315625753183
-71851.56519659642;-119.12849061738751
11234.313363071793;-109.25107377924546
11164.433876374049;-109.02483610234168
7748.235015382044;-109.26834568791232
11800.060845771612;-109.0297014287267
7392.915591495206;-101.33397141920912
1527.3815018432706;-109.03310715719623
2337.5097883052586;-101.37167769869308
1334.3246148647559;-109.03699941830425
-1681.9424945746196;-109.25350644243798
-7168.074399387388;-109.04016188045452
-9471.728664253718;-109.27904940595937
2911.942856922313;-109.04064841309301
-4994.703923279567;-101.27680383418505
10074.392843761205;-109.03797248358126
-4299.462250540988;-109.3084846305888
9752.236566103806;-109.03675615198499
80607.16746555224;-167.40315545988094
86804.08374302843;-163.6174707808835
76870.13014582603;-163.5080901939417
51603.53065018015;-163.61687696662213
87046.92371326336;-167.44341606680086
70759.78182070209;-163.61770830658804
75833.56323584181;-163.51533472793025
55240.50890809661;-163.6186584094062
30356.157513746442;-163.5237668904415
92623.24895569475;-163.620321089338
89855.3229986653;-167.39935504860824
71394.98822432583;-163.62269634638344
40637.507179479355;-163.50761514253261
41417.74300977117;-163.62661552050838
87618.04734696398;-163.51866008779385
38178.75248085083;-163.62946582896288
38912.64909656122;-69.73433745724131
6561.887719169987;-69.99101014101906
17975.489383977034;-69.73277713697517
9794.444545215796;-69.99939686244949
27637.889498408033;-69.73375233714151
8718.418528648417;-70.00895382407951
10344.214341401628;-76.17163375517809
7406.696906995261;-70.01168438454523
15247.35474363737;-76.12072830649572
26335.68527648518;-70.01051414434563
3719.544282066672;-76.13769678938985
6903.394415375038;-70.00310262308153
7976.621196727618;-76.2131772822637
16599.94519942654;-69.99120518105232
15435.463350071626;-69.72536561571107
10474.658702411096;-69.98652422025394
-42789.97856384663;-61.659085695382736
-34102.30613951346;-60.05571625395465
-35361.261951572844;-61.64555793070912
-27175.855870378353;-60.05450027510758
-35581.32333335558;-60.01589294671321
-42792.90296759125;-60.052625641051684
-34705.09886137349;-59.9858481360336
-31161.818174296932;-60.05166299113109
-29366.234275099567;-59.992181359195406
-45487.74101825961;-60.051257664848734
-43220.597015242085;-61.64601392277677
-46429.76457449568;-60.050903004351674
-23304.31086296808;-61.64322730458557
-43965.22331871624;-60.050092351786965
-44650.264895893735;-61.67301878633871
-37620.72939476074;-60.04912970186637
-61980.468074420336;-117.64563995677057
-54652.79590854079;-117.78652449774998
-34979.147440999135;-121.63182956752486
-45227.39134582097;-117.78929402291453
-60063.331417959096;-121.64302808232065
-56463.83256752935;-117.79194313394149
-59576.28728062437;-117.68585827872536
-42311.89886207684;-117.79158189152872
-42353.09726535081;-121.62665175960852
-51007.58376132761;-117.7895348511897
-36965.13622347989;-117.66057130983162
-40488.44624593722;-117.7873673967131
-32964.94057408416;-117.65732012811672
-56621.289478672334;-117.78544077051167
-54639.25122801237;-121.60317100277861
-56621.289478672334;-117.78544077051167
54556.674833149584;-116.58816035123392
70159.18179488654;-116.50633904649213
76219.53236207779;-116.57549278798763
46604.78928268627;-116.5049846529375
52108.83728597703;-113.9828648435792
74602.69501542138;-116.50386927001014
73280.74584733688;-113.96724948259633
76145.67748492195;-116.50275388708279
63395.88156958602;-113.97059563137837
77001.11886780622;-116.50116048290087
69115.64957377802;-116.59580869130716
51395.79235688965;-116.49916872767346
67409.54877847282;-113.963664323187
45299.84267624916;-116.49717697244606
71967.82929012754;-116.57732520279684
62367.22658991897;-116.49319346199125
-99823.50654908139;-36.74800519081447
-77774.0520813862;-30.82908404506835
-83766.5956643212;-36.722266636831364
-117242.242801685;-30.81659327622361
-89548.38055937567;-36.802699618028555
-79104.30630974952;-30.803913253305467
-118737.17891976875;-30.53403694462972
-71969.22878725166;-30.798046377029905
-111619.16687807093;-36.83260176162657
-79104.30630974952;-30.803913253305467
-74642.53635457836;-36.77601479367843
-122464.27992649807;-30.812051178461886
-109263.27725362503;-30.550880557162778
-86644.6890012484;-30.8162147680768
-111788.96841203135;-36.76901239296244
-105296.40624165509;-30.8271915043343
61269.60914134266;-18.59088219169309
58201.72482926325;-20.434591391068608
93894.72468906884;-18.588291389292333
76577.7726655963;-18.479889861569724
94777.30453311926;-20.527919159368626
86670.44092391449;-18.508212042359826
96205.06130167165;-20.532217536078974
56706.85521840285;-18.517397614507967
94588.83696225433;-20.526682640040992
107595.85741394733;-18.522343691818502
77362.90098519948;-18.589351263001735
88989.9710765595;-18.524875612346516
82039.65480466247;-18.60330626684218
76894.0304430477;-18.525523312946707
67281.26497493191;-18.58416965820022
97588.68907802153;-18.525228903582985
-6291.593725620956;102.43274834803107
-4961.546854823213;102.30267727550023
3088.6622338630987;102.39904014137326
8808.572506643734;102.30555938982413
4354.9235531305785;106.54038780618238
-18284.694870011415;102.30856681346646
-5297.011607315717;102.36645971858134
-4168.716073580366;102.31207547438251
-4600.095396151712;102.43212180143892
2207.9491371785516;102.31545882598013
-1902.675294771845;102.42748535665699
6991.393016381524;102.31783970303032
-2143.6429338861817;106.55717925485207
-927.4650847091325;102.32009527076207
11280.616992616666;106.56820647487395
3776.1287336892856;102.3214736732648
-27026.47924929116;304.5659482674606
-7538.209173446703;304.4646535602099
-6954.085590307248;304.5665754792702
12179.736705836265;304.4642354190035
-26214.26931464011;304.54504120714057
-10546.246945124021;304.4638172777971
13621.369603543702;304.5526722841574
-22292.296684989495;304.4637127424955
-17409.500365521737;307.9969014012861
15238.636939174707;304.4639218130987
2349.7712638608864;308.0098637786846
8791.81992362743;304.4645490249083
-31555.622515021423;307.9209042370227
-29633.180409423687;304.4658034485275
3951.9388061862483;304.5617668553966
-25673.06093352723;304.4661170544323
-50581.81059438135;319.3175673559747
-46112.505222599146;319.5284040986984
-49777.64320536382;319.34797650155986
-28780.98646706767;319.53043137507075
-41164.46972718837;312.7153363941637
-53044.9142874548;319.5316477408942
-21715.624373059214;312.67174995215834
-40215.93916099372;319.53205319616865
-29226.9744268004;312.6701281310605
-49545.47149773877;319.53326956199203
-28588.998324223878;312.7767628682457
-34958.8374821419;319.5354995660016
-24495.731743851473;319.303173693731
-29219.03693252262;319.53935139110905
-26769.327761042932;319.3131073479555
-24200.55617539655;319.54462230967715
-25183.115167317726;157.18731836373746
-14889.283684655817;157.5522331866222
-15824.937115791636;157.16621563821477
-16354.952001045616;157.5571030463582
-20968.200101193892;146.5453762113002
-24745.697644856224;157.55807701830543
-24223.53618484894;146.49570364199295
-17528.582480936064;157.55385647320088
-24054.413585350256;146.58628303308265
-24927.97016569822;157.54963592809634
-21656.0140425676;146.57946522945224
-22402.819992189765;157.5502852427278
-19376.876980856905;146.55057072835194
-22741.430466780006;157.5551551024638
-15022.609276053268;157.19608411126225
-25442.64347605167;157.5619729060942
37932.23801439186;48.75408206136058
-1044.208358805161;69.48189438166106
5721.236424627867;68.78053401169693
4673.712199666872;49.66208240167809
-25579.258876773412;68.51737193180571
38836.85105816971;49.48583066225903
9532.692359893816;68.4730051146416
45438.75830437254;49.44024831585755
-16833.683912823406;49.150344592744126
-24175.19335442767;49.398920321786875
44164.344162893976;48.58208467427232
-18455.799484809417;49.38798055865052
-14737.162151755198;48.84646228340092
-10379.107781242368;49.39223491098133
-50002.33774762909;68.51554863794965
-2305.3626999677654;49.396489263312134
-33458.72831144306;-80.48414817691544
-34834.98478437719;-83.38759294980744
-36424.39909340953;-80.48654489927297
-35166.37798607521;-83.38971312727756
-33282.40962357684;-80.4619324042937
-33197.273795049376;-83.39137239660201
-34835.30304915673;-83.50263562296898
-36520.4354906363;-83.38998967216497
-33179.6100997848;-83.50383398414775
-35854.943836614155;-83.38713204166176
-36929.32616615278;-83.5029121678564
-35188.65652064315;-83.38473531930423
-33040.607957319866;-80.45769204935345
-32452.932041895714;-83.38316823160892
-32017.3866910926;-80.48064527500829
-36161.910216482334;-83.38224641531755
9704.498680014858;-81.60604756869537
16628.84397978292;-81.37234773763052
-29505.296255748442;-81.5966241884105
14426.191808355205;-81.37291314044761
-29553.573563615355;-75.34383443418587
8905.336815860852;-81.37291314044761
-21937.828247610494;-75.4522033074619
-7958.099241007054;-81.37498628411028
-4520.065245056478;-75.40056318350081
12280.437892627779;-81.37913257143563
-20647.272356954025;-81.62206731517965
-30907.062373455476;-81.38497506721225
5073.325503924967;-81.60227821658142
3567.24591743408;-81.38667127566353
-17927.36331552372;-75.43919904266878
-24118.928049454764;-81.38761361369201
6289.558882304904;-162.41524552858013
103696.30730797898;-162.14213254386485
7004.162279968703;-162.3336790497369
58960.03283952558;-162.14164265510303
-45290.61944980372;-162.3892814242036
-30483.616695269826;-162.14188759948394
88933.96726579906;-162.4000589769637
121025.43970132631;-162.14262243262667
-12523.951892219106;-162.39050614610818
17623.37894672279;-162.14262243262667
-8974.579869263951;-162.34396671373517
-5159.858790558617;-162.14556176519758
31103.63642250588;-154.36147428424036
6237.014514829614;-162.1502157084349
92309.94287608578;-154.42148565756347
93182.17937617544;-162.15682920671946
34206.94893335425;-268.1775002822552
-7552.296477007636;-279.24990506739283
35003.34508268132;-279.53380398330177
58415.25866892567;-279.24886387332475
-9463.291701397364;-279.51749194290113
-7253.647921009993;-279.24712854987786
60765.33837743099;-268.19936535768585
-28048.83130232255;-279.2440049676735
28070.432175593014;-268.17055898846775
7083.260436853394;-279.242616708916
30767.15752945275;-279.460920398533
-20907.931008021595;-279.2422696442266
44892.523160151126;-279.5841283632612
-36062.567554926165;-279.24018725609034
-16133.109452011544;-268.2208833684271
-37230.496729274106;-279.23741073857536
-22070.83191358684;-221.7718817787451
-13210.897356059926;-221.91247944778442
-14164.673195938845;-226.5123617081609
-41182.96370127291;-221.91392295568008
-56094.195160503514;-226.48248109472033
-27698.823807703826;-221.91421165725922
-65374.7555799995;-221.76755125505807
-34735.15324815888;-221.91464470962794
-12401.795379533429;-221.7483526000455
-34744.97678209021;-221.91536646357577
-23003.174588524656;-221.7926682924429
-29442.054556246567;-221.91623256831318
-31280.841498485042;-226.49590571815014
-15958.807711216697;-221.9165212698923
-62188.35839208941;-226.47555225682106
-34754.800316021545;-221.91608821752362
67311.61201219859;-183.93645512243867
95566.29162104786;-183.95591145456447
85956.71753769394;-183.93387088419976
39402.86202993151;-183.95660721101342
95021.07644871723;-183.93016846595359
30725.79389649481;-183.95789933013288
79854.06771222762;-183.92763392460387
29908.597822104988;-183.95921629769694
48031.048803090285;-183.92795695438375
72877.82024282005;-183.96110477948693
87124.85671151496;-183.9291745281694
40604.8421454834;-183.96259568616324
65135.764795725074;-184.75039077392302
53413.011906510364;-183.9628938674985
43287.05011970767;-184.74529684277897
55755.5570952137;-183.96229750482797
37670.69922220717;-61.61970769551747
39247.142370068636;-68.11525100310787
32414.728727019323;-68.26314494524483
66441.07667125795;-68.11380309038765
33458.73081169579;-68.40297194508342
57156.41813153525;-68.10656352678653
38980.34183731799;-68.32271621144825
16883.457713982436;-68.08174216586845
86751.55722748043;-61.59695478134255
53459.490749464254;-67.99176473254036
38838.82155472851;-61.53179870893256
48394.92063646709;-61.2593842728565
64115.27202706205;-61.555172157130436
46756.997365841344;-61.29578893553637
86895.39751470252;-61.523318077285545
74971.73370538099;-61.31233650948177
-58734.601668420684;49.980999538109515
-92353.62529833036;49.865318334429695
-73047.88897777538;50.09929160228905
-73073.89131637538;49.87134339712135
-60884.79505265158;50.09868909601988
-78533.38233242954;49.87475759931329
-87550.19328695314;56.65435897538895
-39330.85653314262;49.877368459813006
-84119.88477164524;56.63025872462232
-69529.57254720593;49.87817180150523
-88615.28907960706;56.62322948481539
-95868.94145906132;49.880581826581896
-68601.48907717511;56.692718541192505
-63482.02864281327;49.88319268708161
-54487.21966710505;56.60856849893236
-59301.65266788995;49.88620521842744
60405.38585242965;136.6957085393159
63692.19563807051;136.94830531912734
47234.89783428259;136.94218926518954
37898.05252956719;136.9482602929634
49703.63781032317;136.94052329712306
58590.52050217969;136.94820776243876
53728.11504417077;136.69358480524915
51712.24379043702;136.94815523191414
43543.65448380087;136.69521325151234
54221.669298749024;136.94803516214358
49185.865977011934;136.94273708351773
45708.22167095516;136.94793010109436
41668.7295382931;136.69561848698797
43213.8110614576;136.94793010109436
40255.8759950107;136.94080095846746
34570.55721165492;136.94795261417633
-48396.100770210884;175.17407601291575
-51029.36492984558;178.8480144499219
-48286.92947887738;175.18006068931768
-43423.414215807825;178.848558511413
-42757.863933702356;178.7772864560807
-51325.31120153279;178.84953782209695
-48956.1626479194;178.72081287330596
-39580.058634163186;178.8505171327809
-46006.170211741235;178.71297838783434
-41948.68106107135;178.8523669418506
-45280.641485240485;178.74105196077437
-38234.22652220603;178.85606655998998
-53463.22706820124;175.16667677663696
-43053.81020538957;178.8569370583757
-54228.74142429884;175.15296642706159
-42127.564140846735;178.8543255632185
-36608.87351430889;138.03871414212978
-29828.849322727518;137.87845350910405
20657.98275137953;142.4778925493202
74441.18017829962;137.8770825883767
-42357.53490989649;142.5125768437218
44733.93605931176;137.87680840423124
-18448.897116084307;142.47912637797478
49526.15205328769;137.876945496304
88608.0594559575;142.44526463600954
-35522.571295768226;137.87749386459492
-21617.902898447755;142.50380295106686
56328.651463183705;137.87845350910405
38368.45478331142;138.0128037403831
5781.885473570968;137.8794131536132
-32615.77639374218;142.41236253855345
25427.723527040827;137.87968733775867
-50949.2078510773;154.3125611390019
-60944.061132389295;151.87608813183002
-50000.09188646352;151.95274445929607
-57185.56191251869;151.8759437696314
-62666.81697048479;151.9491354043306
-63850.56323053682;151.87565504523414
-54557.61431375317;151.9521670105016
-58107.0872967658;151.87464450984382
-53079.86282931379;154.29538203736638
-58587.604844431895;151.8734174311556
-56705.70653878139;154.2955985806643
-50218.38855832469;151.87255125796386
-51667.666563825645;151.94509326276932
-55109.6466457297;151.8729843445597
-51310.31336691641;154.3183356269466
-63190.817272808774;151.87305652565902
-25990.231024014014;122.31669457251928
-26040.833371136247;122.11995549472202
3710.5866087134873;122.31607026093668
-23369.029443082203;122.1198745654428
-21960.44410773415;122.12689807074702
-15673.79250980258;122.11969536489595
-20012.71376486555;122.12733162045716
-4137.377408607793;122.11941211241866
-29970.33563584659;122.12640093374605
-34574.229181295086;122.11869531023123
-13003.828667098434;122.12670152821175
-36167.74309430803;122.11708250530953
-31793.86021759697;122.12637203043205
-30416.556333197208;122.30640499273204
-5405.196214688534;122.12617548789679
-52676.98885360616;122.30702352365184
-76700.27611788346;20.44023514197591
-85475.67911170155;7.248830882473089
-72436.56663192007;7.742503635217633
-76673.10314016389;7.265611853514999
-71784.65996825122;20.341890846567512
-86263.6954655694;7.26444108809347
-83709.19075832774;20.600239749584816
-85467.60065886601;7.254684709580732
-84585.09088698233;7.69684378377802
-82155.67979789118;7.250001647894618
-78629.31273437262;7.743674400639162
-80736.56491644605;7.237123228257804
-84385.33278050325;20.576434186013735
-78479.4941545133;7.200439245049909
-81232.28815862758;20.5381891822438
-80872.9194082461;7.170389599230676
23591.063372981367;4.026461103683054
8307.596830625967;-6.519345952363839
31254.771943918484;4.07768215089568
6732.464054321994;-6.542597611953781
12639.566405780599;4.104640596797062
5360.78002095197;-6.560794562937215
18753.66190336016;4.038929384912444
22203.783965588533;-6.567197193838794
18101.491716951674;-6.718164490886533
8983.160078068671;-6.56281644637982
38464.08802628186;-7.028186618752425
47685.91623822534;-6.554391932035635
33660.71282725588;4.150469954829411
35506.63800704686;-6.52777046670802
23011.907892225136;4.033874676305934
33876.21254102564;-6.4789082835117675
8701.881763023894;-0.13422981708324144
-11715.811915230785;-6.445269106203291
4758.228928057026;-0.20743053441925596
10968.377134552175;-6.431142651980553
13826.66598878719;-6.154300841303745
12032.050206166838;-6.428023824424882
-9250.824262158407;-0.15991427930640434
4676.376440822345;-6.431509572869454
-729.1618161559018;-0.1355140401943995
-2651.876741298529;-6.429491507980492
14408.637173025763;-0.21623663575291197
3676.13904681456;-6.421786169313543
-5853.536779483024;-6.140357847525457
5767.470095660627;-6.4228869319802495
174.48964291496122;-6.147329344414601
-5825.297671387059;-6.435178781758477
-21313.338107048618;21.49382224129369
-10704.08979652678;17.051243369338547
-23012.53822067791;21.43111667062022
-18661.50748014926;17.058543809999076
-12066.916332694133;17.22319481989635
-14146.783491046572;17.064149505506265
-24137.20712852775;17.189169551817816
-16221.515174933944;17.068712280919097
-9803.455962215521;21.494604431364458
-14567.250462873993;17.069624836001662
-11883.965054876095;21.514028818121936
-14990.28517193395;17.07158031117859
-40493.693299768536;21.517027213393227
-14983.223894544482;17.072232136237567
-9411.876034254106;17.237795701217408
-19931.89547594539;17.07079812110782
42528.06754068022;34.62233965883003
55629.298292680134;47.5058438563058
41631.96143890957;47.00682819465528
92635.55532040143;47.56175490985963
86325.58564828945;47.18901455283409
3309.465478320417;35.12782122463304
22367.009785116315;46.98933221871326
-11070.777246829894;35.06924773995759
-66145.40508028277;46.99541777556266
-51834.29813746491;35.06240148850202
60274.69105171075;34.574796245944114
-37783.779912669386;35.034255788073565
1057.234415413186;34.464115180745715
67385.04035774845;35.01942224325316
17184.48517873355;47.039157715417694
53738.70055274266;35.0209436324655
59487.18875060322;-31.35940193862908
47028.16999399882;-31.218119171987315
46356.60715841443;-31.385729539054946
43569.5800892118;-31.221507873032227
46368.17158608747;-31.407886430502455
58685.93911897116;-31.22098653440993
56154.568504397525;-27.114923545219686
58681.39595095676;-31.220334861132066
59530.96836965116;-27.11661789574214
48854.9365510651;-31.22085619975436
67754.92850627871;-27.084816239782185
66890.07452244493;-31.227894271155332
67768.55801032193;-27.134995082178015
47348.66984665164;-31.23180431082254
50559.037571742345;-27.107624804507562
44559.57770107883;-31.23323799203385
-67208.00881150433;-60.18900021605341
-95711.11867384678;-60.502802219368164
-75935.87137330431;-60.268410356035965
-89933.74414116146;-60.51071924238758
-91515.6443108253;-68.080592797885
-89910.81805174604;-60.5083201445029
-117408.17033929907;-68.01053913965265
-64300.382601731544;-60.49992330190656
-107039.5972045522;-68.25452739452354
-98856.97685624065;-60.48049060904074
-118066.04942687193;-60.284724221651715
-126725.13372042566;-60.474013044752134
-74832.42872187529;-68.0268530052684
-121598.66076983893;-60.47185385665593
-79138.54638598856;-60.18372220070714
-108462.01153480445;-60.4720937664444
-100348.04547138698;-63.417263607162866
-54729.08084245869;-63.70199630527285
-98921.37623862232;-63.50719130099243
-66957.09526078543;-63.69486648811501
-90898.38832311757;-70.95532029581764
-77036.99975477901;-63.68704668865156
-63047.94050225837;-70.93508081485344
-100128.16818196232;-63.675776977660135
-71591.74374847408;-70.96498004809601
-90796.04912389227;-63.66381728436311
-59163.1039692898;-71.0546777478237
-55312.71825586241;-63.65944739642766
-118968.71343340146;-70.96682000091093
-84448.99225312672;-63.65760744361273
-97545.36997577117;-70.9852195290602
-97158.3048856319;-63.65737744951087
-54938.90332648177;-153.901251918611
-40452.32429966578;-154.0415851598722
-84225.60107479992;-159.3619354352358
-32894.97252541381;-154.0415851598722
-53003.31827795257;-159.39448869913414
-50857.66163398365;-154.03972979249977
-41780.68747281945;-159.40950030787485
-40795.1276991893;-154.03804309488845
-31817.441108009058;-159.38116378800478
-32749.69913354256;-154.03703107632165
-90770.21963521559;-153.85014498098823
-98561.68104816656;-154.03686240656054
-85180.85201127708;-153.8398561255592
-70359.83064346251;-154.03838043441073
-53994.103713160825;-153.8484582833769
-33759.29695043198;-154.0415851598722
68766.10906367542;-128.64089063690452
79401.54621152044;-129.93164349146554
30345.907149163497;-129.97939355777865
56483.312373395864;-129.93229260026843
-32194.996142090844;-129.9580541058834
-28449.089411841564;-129.93265772397007
-32730.125674983596;-128.6182529674035
-35191.72152629027;-129.93286057047095
48817.319496308686;-129.9631658377062
-28117.518956166838;-129.9331851248724
-21297.24059576899;-129.95931175418903
2210.685002131526;-129.93338797137332
53931.47899301317;-128.6414180378069
87472.55869585586;-129.93355024857405
54630.29520655546;-128.64770627933495
95881.43727742945;-129.93395594157585
87806.1016989392;-213.80833095441452
78385.026384682;-213.73521568677168
74498.41368733691;-213.80766094050713
64334.32376764828;-213.73479692807956
67249.04031662;-211.08422191048373
81430.94891368411;-213.73328939678794
63695.78799816698;-211.0457798625478
66366.0726658228;-213.73211687245004
68407.05457740686;-213.81812990780998
78700.89263290334;-213.73077684463527
61830.7192894385;-213.83044141335807
70587.01763820832;-213.72851554769787
83079.28478132535;-213.8163711213031
88192.43041791761;-213.7260029955452
72683.88357832385;-211.08572944177533
63843.030264645546;-213.7238254503462
27367.67767482814;-88.78141017816841
-37950.128386004784;-89.007390609873
9749.715091951319;-88.83337542116251
36965.33975076392;-89.0120059439547
4657.046757813696;-94.37878478948957
-52302.89114512599;-89.01730503123372
-38125.04980513455;-94.38921202574825
-27608.283079560802;-89.01901441422694
4606.411610170864;-88.81833285082212
12803.167934655103;-89.02106567381881
-54873.0084876028;-88.82944384027809
29538.85142981601;-89.0277322674924
260.9953033682905;-94.48596310316489
10748.608459087078;-89.03764668885312
16708.21189680643;-88.84619579361171
-14823.675498953788;-89.05525333368335
8201.007906529197;15.803242153268194
7723.064082790039;6.397740776925141
12803.262308317533;15.819999428341415
22275.80952724683;6.412849795433782
4878.723963509161;15.77329882567834
4841.477066830288;6.422739334821257
11309.209219105254;15.736213052975312
15807.033069457504;6.424662300813266
8201.007906529197;15.75791509774227
24317.078705984204;6.412025667151493
19612.83046562662;6.7993659598275755
12291.204504442589;6.384005305553649
21415.997987089715;6.836726441958034
14623.834921686643;15.266185222642846
24608.788046329006;6.764203153116555
6733.41055701406;15.406561740059496
-64362.241322133355;-38.886543635522806
-65031.067358403656;-39.012827842117034
-67035.43394065963;-41.906948451196634
-64235.72568938452;-39.01863507205531
-62584.68788398484;-41.90621102517272
-66043.80828230623;-39.02103170663301
-62793.28911155612;-41.91026686830422
-67061.91600286921;-39.01402615940589
-65511.263689101266;-41.90123339951135
-64719.70517182636;-39.009509425009455
-66705.68387699992;-38.89244304371407
-63139.31552574332;-39.00821892946761
-66200.94105010138;-38.88119729684947
-66363.35263428383;-39.00969378151543
-64255.43327056375;-41.92713548860111
-63236.53372754267;-39.01688368524853
-7008.406066151313;-5.123463683483143
-7906.08010246679;-10.448475631111313
-7246.6974195959465;-5.152328060188244
-7492.162249770575;-10.434198627579757
-7723.939756529351;-5.1153940727913945
-6812.3310355314725;-10.437767878462646
-8028.317795021;-5.098944481765907
-6553.87973886289;-10.443199347197476
-8350.918113481945;-10.178764412221712
-7733.215804025034;-10.442888977555487
-7319.215497573302;-5.127498488829017
-7747.727664996057;-10.466166700704761
-6782.029280378911;-10.19645548181516
-8318.472560685937;-5.397209707718618
-6464.8709097821;-10.180471445252659
-8590.405046381578;-10.469891136408645
-46623.38779434864;5.323586875698144
-57639.0880317135;3.081179959477076
-43091.1642017407;3.153564355982544
-53531.09157603305;3.086036210919873
-55143.44406165836;5.31892749931384
-54340.56602673564;3.0855768357833924
-59932.12780281514;3.182767489658821
-60876.985834523875;3.079342458931153
-51432.489012919345;3.177845613196527
-43068.23380402968;5.219308719717013
-41895.642370396476;5.332249378271781
-45699.575470128104;5.237486850117751
-47179.68552511864;5.308755621291765
-51769.848562804706;5.240439975995127
-55058.31888659418;3.1894612416475407
-54177.85443749857;5.2410306011706025
69347.88835423216;-29.09620455648951
71998.04838566622;-29.210348856482963
55032.60725110248;-29.09766700748238
33845.68203313356;-31.637432524248915
41304.77828827403;-29.12194369396401
41034.241118398466;-31.60335741611506
71774.99324968719;-31.497549086780964
57655.16144887578;-31.59531393565428
55160.698319288465;-29.12070061062007
83206.01685193945;-31.592535278767826
58822.33609605319;-29.09430337019878
88909.38208625485;-31.591145950324602
47155.006557664725;-31.506031302539604
103113.135621395;-31.589317886583515
83715.06842464408;-31.517657787932915
100279.67285445341;-31.589464131682803
-36825.47835999252;56.05255449637141
11371.110453876994;55.97932513962842
11272.528944362377;56.037645525537506
-14268.075115290823;55.97795482980913
-2546.6448218315127;57.848921044678235
-16527.45673876108;55.97751633066696
11832.045619985904;57.84223393276009
-25652.907281668675;55.978228891772986
-20159.87452177734;57.83428613580819
-11379.015201317256;55.97932513962842
9335.535500656151;56.04312676481467
-11369.245862536525;55.979051077664565
13630.492077347255;56.038906210571255
-2243.795319628931;55.97833851655853
-11245.79694521641;57.84760554725171
-42187.0691071977;55.97669414477538
107286.51048370407;35.75530487248214
106272.75615603637;35.9549952690175
88664.02344083796;31.651051522203517
44384.254161186844;35.96070796313327
96787.55479139407;31.637594953841948
52399.81167802686;35.95144070378992
117454.04649196887;31.63353259358185
117091.13443975647;35.939507520525886
72305.98763285088;31.62096466652718
51591.507561735605;35.932017543796334
103005.04804954538;35.76787279953682
76644.43625702642;35.92363892575988
101896.8166173761;35.824618894420034
93000.97242843409;35.918687924192895
54868.213487702946;31.60395353293802
48158.8394315117;35.914625563932795
-54060.524364052675;141.35800859492798
-45060.14051374454;133.7231227520726
-54695.686587723074;133.90095323783876
-52848.23100848653;133.72357756149913
-27865.44852627191;133.99282474199416
-73152.75355790982;133.7242597756389
-49298.79505268139;133.99077809957487
-58596.488880026736;133.72357756149913
-34355.39144747979;141.42327374763244
-44040.22420214364;133.72289534735935
-28240.663256650412;141.46488881015827
-29358.357983159265;133.7251693944919
-31275.768851110442;141.42873146075058
-39060.67956000177;133.72903527461727
-70783.81309916418;133.85342565276827
-52977.80728190114;133.7319915358896
105641.9785102008;178.8803224208812
79317.20330191198;184.31782942231234
108913.2767904828;178.74244638065156
104929.7501668981;184.3199785692224
83359.7181625187;184.1535023431897
80127.74537358471;184.31931729325007
101384.62994685964;184.16523999169846
90189.24515995514;184.31882133627082
106367.31535061952;184.16523999169846
75448.0119031724;184.31766410331926
82755.2707955031;184.15217979124506
74629.45908326212;184.31534963741612
90037.76919328135;178.7183098076617
62815.061932546465;184.31336580949915
83133.23246234779;178.70359641727748
93459.81519039735;184.31154730057526
-1388.9398391038626;227.53951451723623
-2887.628298972827;222.80036993326803
-2003.9090854515434;227.52577176921938
-3345.201630955602;222.79994923690018
-1068.2850017863684;222.95308271480204
-949.5159675285445;222.79896761204182
-1041.5134699264381;222.95476550027348
-3303.988129412778;222.79686413020252
-3530.8348293273593;222.92167071933497
-2182.2566334459602;222.7949008804858
-1129.11371588357;222.91900630900517
-1081.088777893292;222.79448018411796
-3512.426706776328;222.8610904423628
-1669.372713095567;222.79518134473108
-2366.208527884485;222.90442216825264
-2451.480814549449;222.7967238980799
-54120.62248866047;237.05000903941337
-40998.28124290683;226.16846138857565
-56867.949252368046;237.12170014751183
-44867.52666888562;226.16943018733372
-51399.88847702147;237.08876098973687
-51750.321854280795;226.16943018733372
-54914.85935044214;226.40517121846833
-45668.55945619593;226.1678155227369
-54037.29853217891;226.45651755264697
-47331.4928855513;226.15974219975286
-40744.17272314038;226.46362207687292
-51319.22379574677;226.15102301093006
-47615.444382639165;226.50108229551898
-39833.22322727992;226.14004329167173
-48994.42631490667;237.02255974126757
-56775.17009515099;226.1316470357683
-22318.977199275854;115.8688111803073
-65697.63919551778;116.11012811044037
-39009.061672245036;115.85952975991756
-20927.83532200365;116.11723728350485
-64687.29753302556;109.43224487854185
-35018.34778243688;116.12928338230854
-35638.844094406144;109.4464632246708
-33249.11923110761;116.14192191220096
-29897.896438329008;115.8682187492186
-61952.04848434472;116.15594278130034
-39080.51824461467;115.91521828225598
-24734.932956229066;116.1701611274293
-71436.77782444633;109.43876162051762
-26356.72579494756;116.1903037844453
-43634.74409121124;109.38781254688887
-72817.06553882694;116.17845516267118
59074.534483173804;12.322914873585585
24939.72070008507;7.8205880917078705
51852.223778758926;12.332586121522034
80125.28317004342;7.7950386755175485
73492.93532066848;12.313965360569766
82062.69205202642;7.784356998692216
69912.37063501865;7.623698805359847
14783.619402953049;7.780170936152558
54638.88783231795;7.575342565677598
78340.82762084853;7.7847900396445935
78110.66927246258;7.663682919962782
70615.95596584407;7.808462945041277
39821.351631166646;12.31483144247452
66145.34855320807;12.603236716758504
-8692.53213241409;12.34240171644261
81761.15548167269;12.550405720568346
-55370.99433142529;20.489992728271027
-64287.06252694212;20.3450056861819
-55706.722941764965;20.51515475916434
-60410.88878506768;20.346960018678466
-59196.94095836703;24.50687888340419
-62835.574434883034;20.345127831962934
-63287.99611675809;24.52043706509913
-54336.995529276785;20.3432956452474
-57033.02089397298;20.507948158083245
-56761.8700028325;20.34146345853187
-59862.54464309557;20.476068109232983
-62106.1483259167;20.334501149012848
-60311.567497644355;24.524712167435375
-63488.52692900822;20.314591386704063
-62554.98235672514;24.50883321590076
-55234.47476715331;20.29272729189871
76513.46844553019;-12.922958130256866
49321.55021176984;-23.845976553041258
71374.63890189634;-24.319824255196384
64384.574376707125;-23.86151820507987
50400.69504021767;-24.341927938095747
50820.72708465262;-23.863245055306386
55964.71327168912;-12.974072896961648
70373.78129601618;-23.866698755759412
54319.275240476316;-12.986506218592538
72758.96326262894;-23.87222467648425
50561.01977146405;-24.32500480587592
69576.37671165922;-23.882585777843328
60863.0557184534;-24.29012243130036
77712.15364376697;-23.889147808704077
64928.36586280595;-13.013099712080837
53316.54249154065;-23.89881816997255
-46897.6836196192;-151.7365821770623
-76671.06503518211;-151.30722620076327
-71930.41254915149;-139.44288955498948
-40192.00463058775;-151.3121052459485
-56610.29075693294;-139.481171294135
30444.75931291391;-151.31848553580608
-57116.65495653973;-139.43725988746806
-61596.83203125;-151.32599175916795
3830.4236858443765;-139.1137416605714
-69967.46984944122;-151.32786831500843
-76231.38254087334;-151.6089763799105
-27459.96652524834;-151.32561644799986
-75556.23027473094;-151.63599878401322
-14736.263633071183;-151.32036209164656
-39858.59610409768;-151.74821682327322
35149.98714300497;-151.3121052459485
-44595.84927975126;-142.98666924208192
-46410.292656650556;-143.26217334754415
-42941.28630075371;-152.70670508436132
-43732.72271883679;-143.2606792905731
-46853.032121506105;-152.7061074615729
-44619.583431346226;-143.2573923652368
-47027.86828616634;-152.72194446546607
-45663.31713213752;-143.25291019432362
-43444.25523934856;-152.79485444565347
-42568.5300705669;-143.25261138292942
-45788.81552276299;-142.97142986097717
-43534.55880928697;-143.2547030626889
-46187.256656730664;-142.92003430117293
-46054.44294540811;-143.25888642220784
-44853.917537676054;-152.9574078441041
-44322.90653640906;-143.26814957542837
7814.497535235467;-96.31077973533456
2805.3346799377287;-90.05046614671564
4632.731022046999;-96.34133139881052
-3122.031357567317;-90.05145808384148
-2731.7335731589483;-89.82370931974798
16209.790591465404;-90.0538387329435
5528.818694959391;-89.7838334472891
3256.245341672893;-90.06058390539923
1837.1668285826563;-89.80823510058482
352.5608805445336;-90.07407425031069
-3539.3592088916885;-96.32546040479703
15619.224583997548;-90.08121619761675
-4690.184785164001;-96.29986842695028
12471.040881219875;-90.08141458504193
11838.70113397274;-96.31454909641276
629.4142931993665;-90.08042264791608
-19278.41097560045;-35.39738809129966
-20386.44512235538;-35.344359263628114
-37026.65269006355;-35.3968075813873
-28254.743992860575;-35.34444792940724
-33239.70913976905;-35.39776450262612
-29031.69223919073;-35.344565035153245
-35090.054854040456;-35.341886659448086
-39744.95282637162;-35.344804265462955
-36227.971625654245;-35.34179799366897
-22676.20125216491;-35.39963819456227
-19642.77525370895;-35.342299875437575
-19447.85904156144;-35.39939561837411
-35568.51642706458;-35.39666370861363
-24304.804306972335;-35.399397291313335
-31206.332348237174;-35.396657016856715
-34806.169917881365;-35.39953781820855
25519.52683006149;-1.4237722389960044
-29352.667469843902;0.01522417809851384
7963.315430611401;-1.4218212544115865
-32373.52893285833;0.002812595316789346
28917.50322995506;-0.04895076163575385
-1609.0968173486326;-0.002625255333397636
20360.80473184721;-0.051358359633546624
8505.99302270577;-0.0028743171952382296
-3335.6787931646177;-1.405175619978571
-7118.654065899958;-0.0013384357138876979
-23217.651301590595;-0.061652916589625795
4758.4954618022675;0.0012767138354388141
-617.0348753843427;-0.051482890564466866
12526.800363647111;0.006590033554705554
4825.508917484622;-1.412315393351336
-22768.26695172068;0.04274551383190295
-32274.97617633952;9.147012734306188
-10185.081814491095;4.241388195989028
846.8713109261516;9.140296811283237
-1893.018107400596;4.253105338284388
-21938.20502054516;9.105859844293215
19619.56893120961;4.253534014222023
-26263.3692107222;9.06456406230103
-30616.377805557036;4.239673492238487
-18149.50969344157;4.458441112411613
-22566.560418989335;8.865086859321487
10320.465922328962;4.476159717833864
-15878.33442018766;8.934103685280743
-10845.922351702695;9.0678505778229
-11804.698018752671;8.95153650674457
251.9291980713242;9.138296323574274
-33018.42178070258;8.957680861850672
43689.214634471704;-73.99315213655048
27247.977722054344;-74.08072646264426
22060.260398079383;-74.0052917948007
39321.46847768787;-74.0835828528208
42403.624576317256;-76.12187691560273
32047.324951283637;-74.08410219648925
14218.444525158215;-76.12778444983144
46845.07600655647;-74.08046679081004
8696.218652424213;-73.99529442918288
51159.66932190614;-74.07877892388755
50109.36917516695;-74.00996588781682
39753.778254685785;-74.07812974430198
51288.653550453055;-76.12914772696115
10832.254173525384;-74.07767531859209
34787.885455629425;-76.14440344722212
17212.721259283106;-74.0765717132966
-9699.478294406787;-99.98104867700306
-45448.845146739644;-99.99313341546409
-35744.907938859746;-100.33646810987221
-28359.574394004183;-99.99302483740064
-37085.01831290133;-99.98768279667932
-9170.961016243864;-99.99289454372452
-41983.2117252255;-100.33760817953835
-36250.51734738093;-99.99269910321033
-2304.3270911333357;-100.33457885156834
-2090.7930205442917;-99.99259052514688
-30660.997154797216;-100.3362183803263
-21565.754768826315;-99.99247108927709
-30957.9813219383;-100.33812935424287
381.6206243602737;-99.99242765805171
-46754.593716318625;-99.97952858411487
-34151.174722356074;-99.99267738759764
-48959.53244081794;-89.25155489048981
-9235.085975052069;-76.9713390947687
-42420.100807524526;-89.24492031130825
27741.57956306555;-76.99319417913152
31104.562095272122;-89.55791634093286
37001.88826374954;-77.01192710858535
-43951.827251526876;-76.47920942724171
-11209.829317963762;-77.05251512240201
-28512.59864500202;-76.56233680169314
-31558.115626168285;-89.959113246736
9782.356045740577;-76.48155104342344
6839.073733553385;-89.81120115792336
37218.9127364946;-76.40427770942634
-18384.19205333777;-89.765149373016
48792.95341933673;-76.43627979724332
-8510.475338779295;-89.73509863201713
58250.03792926191;90.93122036590142
83041.11850718712;91.13252320375325
120362.02487830745;84.5499592675504
89855.38119382688;91.14340443823173
127492.52702080218;90.91625866849353
62218.14551320689;91.14612474685134
71246.08439083147;84.53499757014251
132470.97316040145;91.14748490116116
63028.50911883526;84.5248935666982
90678.53389509645;91.14010120633648
110893.4435235908;90.89080435212423
106228.9115497299;91.13116304944344
69971.82540694525;84.67043007784783
68530.14553466521;91.12844274082383
119588.86591454435;84.57463635288552
88341.61732793282;91.12980289513364
-10699.865334759736;69.56576702620733
5671.261951475986;69.6266734239969
-2342.83509471676;67.64148552431507
-649.0125420642835;69.62783686999097
-12856.962316719066;69.5736202866673
-18349.399226480957;69.62870945448653
2750.8239955908502;69.57140973927856
89.55229514986786;69.62952386668238
-9394.595529267848;69.55803011034676
-14561.796485687832;69.63219979246874
-1175.210493178518;69.54581392740903
-18337.99433815337;69.63539926895243
-170.00723230558287;69.55081674518352
-2140.300008899245;69.64075112052515
-1533.0880234580072;67.64625565289076
-589.6284683585654;69.64220542801773
-124407.28933192122;42.88029711328056
-118970.2863310934;31.712775799608696
-134030.3193304239;32.141357535092354
-147128.87922609827;31.710138373544183
-104558.1121488464;32.105092926705275
-103452.099030179;31.68936864328613
-149632.62089764472;32.07278445741497
-114985.59667298177;31.651455643608728
-132956.52018608662;32.07772963128593
-153798.06674505313;42.18830244960348
-119508.97556850262;32.12322523089882
-103388.56591413904;42.4342424301195
-145008.12591603215;32.06717992702788
-120683.89079893166;42.447099882184006
-135360.93543678187;42.95546375611924
-111519.01510201288;42.44775923870013
-90865.13215609126;-9.272465211979059
-11177.130913847854;-6.528360997564199
-73661.19302523606;-6.391649077277481
-43870.62838911177;-6.51250523361342
-55633.327605969265;-9.277486203896805
-55863.6175623576;-6.50272751251044
-55276.37817356735;-9.283652334322108
-74724.36499056222;-6.497970783325206
-64052.9842892561;-6.380902392821953
-77086.11643218924;-6.49215700320992
-30411.459826860213;-6.389711150572386
-48316.50393605323;-6.490835689547356
-31200.842621813557;-9.27554827719171
-68474.55145191212;-6.4903071640823295
-63276.39538076877;-9.270967723161485
-75082.59381161073;-6.4886335001097475
42417.15349022072;-110.043388271585
55097.881002907365;-115.7050679810742
80077.92570671212;-115.89013119595501
71147.88844671159;-115.70559075851736
27925.426357763718;-110.18227281231947
75764.91167919515;-115.70402242618786
68628.15571106816;-115.86207547317176
80560.98327779402;-115.70245409385836
48312.69396199635;-115.90703433328405
68291.50748102844;-115.70053724323343
35615.1806649864;-115.77651423164023
36247.44520783105;-115.69583224624493
60849.809764361344;-115.78156774692417
28753.525051046974;-115.69408965476771
67746.90203409441;-110.17704503788781
87465.53589611524;-115.69513520965404
4001.980586442962;-100.76686609226103
-58.02152145022046;-100.76054595487179
4682.455615536877;-100.76722394478901
-1975.2723333498652;-100.76049978035205
23390.05524750273;-100.5785317698764
-6441.572670293284;-100.76043051857243
16651.862368168382;-100.57835861542738
16377.685568124703;-100.76041320312753
16643.418517442402;-100.7675240791673
-7078.83505155423;-100.76042474675747
843.483717823834;-100.76678528685149
6002.179814297848;-100.76035548497786
-4304.781739518086;-100.5782662663879
9355.878643817641;-100.76029199501322
7675.055652245517;-100.578248950943
9998.604693195397;-100.76032662590302
-3617.4898213022025;-66.7020895411331
21840.276033883056;-66.98353802966807
15198.239889968852;-66.71000593089205
17227.732801165832;-66.99562094035277
10722.780449902439;-66.79437797963865
-3755.2263939180193;-67.01478693661126
-7951.296008962781;-73.53643381565415
31472.044417514906;-67.02707817334223
5794.944494088351;-73.52122601427514
2063.001434161324;-67.02811980357367
-2984.2932552484635;-66.88395817954245
4569.67649977612;-67.01999508776845
5245.303763555108;-66.7556293350291
19623.43527272997;-67.01937010962959
9868.944255677397;-66.75062950991818
29449.079305967967;-67.03791112774921
-64422.09698365066;4.837071982951722
-60799.72162887299;4.50753645459686
-55813.933024627484;4.865580188483887
-46529.66445053808;4.520340987590121
-51926.138315249525;4.838038362800269
-42564.21429680109;4.518408227893024
-41991.26392871925;12.68576751789628
-64791.05693072966;4.516717063158066
-62202.92846425615;12.776607223659791
-45554.91476835974;4.524689696908586
-55165.25893965823;12.752206132483956
-54498.42661645577;4.535078280280477
-49153.72304798368;12.749306992938312
-42887.19913005558;4.550540357857245
-44178.36577208491;12.721040382368283
-48844.26030703051;4.555855447024259
-11121.335327606663;81.47401949453241
-13585.056421630852;81.64264002316936
15991.593577856533;77.15947307854782
11890.844877754294;81.64884610370652
18881.74891170518;77.2116305639132
31480.64491797673;81.65069472344098
25670.8873846138;81.47586811426689
-2864.216070033781;81.6504306349075
8556.80530961266;81.47335927319868
-2828.2254564424584;81.6524112989087
217.88920296859214;77.14692887320679
25919.549805790215;81.6521472103752
15077.650117567784;77.13438466786575
26631.727705036697;81.6466013511718
-9894.38259153884;81.47600015853364
-24791.224744383642;81.64092344770165
28902.22707511559;73.82086159008796
31400.877930641203;73.89458338027653
15889.20399449439;71.97815578613319
21566.368672147997;73.89463987206977
21218.244450608414;71.97047290225146
16650.72572911223;73.89452688848328
25948.812093767046;71.97617857336951
15876.579119176211;73.89317108544533
27642.96291571932;71.99227873444516
16133.374455435347;73.89192826599387
30403.78139487351;72.01227682925494
26315.20209236272;73.89153282344114
15507.771591264293;71.97544418005728
27352.053554664253;73.89108088909515
23684.661581917404;73.84701729036176
16480.961448237984;73.89158931523438
13965.814380703147;80.97765942541328
18847.205435674372;81.40425688732851
14515.413040696194;69.27996433584146
13867.194107167892;81.41639438833698
18548.0947708203;80.96552192440481
15474.992052014508;81.42531902143145
18463.223838335587;80.95445537936769
13875.318717788667;81.42710394805033
19317.807881631576;69.2328422731027
16213.206672419088;81.43138777193568
14805.274148843539;69.22427462533201
14930.268158393925;81.42853188934545
18216.735651502226;81.00693222196311
16297.827616884699;81.41996424157477
18825.831460041256;80.90626236065759
12686.500692954945;81.42531902143145
35741.252790834245;18.100554396891013
35655.00453104496;20.846711648264705
35498.403945196864;18.096686569776402
35440.3581484778;20.8456641117545
35668.2545609674;20.72850118207441
35097.74437165965;20.83986237108258
35764.65570746196;18.08524424789568
34806.55137659936;20.83414121014222
34561.2207142118;18.07629989769314
34635.22397730806;20.83124033980626
35447.14725049688;18.08177931943884
34516.56852359081;20.828178310007196
34916.22306389861;20.72020146972431
34674.46129501957;20.82769483161787
35351.812669878425;20.71528610609949
34845.76818342864;20.830595701953825
-45018.11722701909;24.193895795629295
-7079.852017118501;28.505151478914694
15764.123533740596;24.21257344451186
30873.354746558085;28.496065055133986
-33345.44338268113;24.203613221061442
-26787.76144765981;28.492531445885934
29840.727363372447;28.327082812878874
-1227.7434548526362;28.491017041922483
-9166.68902783288;28.332004625760092
-26844.207317480235;28.49442445084025
9931.937043176062;28.32203479966737
37334.74666835631;28.50123926867578
-43490.75839658374;28.356613690166174
-43660.096006045045;28.507927886181022
35679.55454450409;24.175470547407304
35858.853189816065;28.515247505337705
4254.276571131013;22.442588666275064
53859.41049302652;22.31675262112393
-22278.702038254953;25.3925838945448
91598.51538502437;22.313855676199587
-22173.606415539074;25.407068619166512
60160.259687480924;22.31611891442173
-34007.862350197036;22.396871254187783
66402.45085995438;22.316390503008385
45266.01027281639;22.439239073706293
35017.96501589347;22.31774844594167
84195.38419417784;22.426564939662295
-37713.09407199411;22.321098038510442
28487.37190201365;25.395028191824714
103567.1959533887;22.322908629088158
76684.7132963662;25.41956169415274
72131.38434009445;22.3251718673103
23317.104085552208;53.29775997146382
13976.15666901854;53.280532709493606
12671.973120360832;53.29950766470717
6179.562121305236;53.28013323675226
-8220.619727972193;53.30212088222343
-7103.868022646165;53.279833632196265
4037.280292198635;53.29972404577539
7542.184495640504;53.27940087005981
19326.15989293845;53.842857171717384
5713.476853096414;53.27943415945492
16473.347463825434;53.84918215678857
34091.940737003526;53.280166526147376
15338.77904335381;53.84839985600345
12116.091607818202;53.28089889283983
9167.06891691896;53.30122206855541
11618.648920953128;53.281548036044505
-22944.976261338343;59.814296476710076
7081.326991523485;59.97664311104823
-22064.787722069843;59.83413119969065
-14732.396257542601;59.980426613119675
-6539.29223141804;56.06197963446487
-20164.937513113422;59.98501267623657
7778.692643620583;56.057966829237586
-5052.835354966028;59.982375689944355
-2203.0600415313966;59.82450046714517
-22800.477072165068;59.97870683945084
-13419.966665442747;59.8210609198075
-14301.41171939971;59.97733102051576
16048.444065741402;56.10199303515979
7102.059483883131;59.97836288471707
3138.383899125838;56.082846221646754
-12689.303374101371;59.97756032367161
65972.71053423246;42.159390264912695
38492.14977164168;43.1759588218468
5363.205996481788;42.15965975289539
43888.155977330236;43.17577916319167
31076.07314100553;43.13646386082777
60824.857255811396;43.17473115437009
27132.025552307536;42.153910675931286
11300.92476254573;43.17416223529552
43836.41345207021;42.15735413348791
28273.529017737932;43.173563373111755
12041.1596647351;42.16999012556526
19820.489942094704;43.17281479538205
54498.541565345615;42.164270991710346
32382.3079113454;43.17275490916368
42527.010772020534;43.13936834241901
35091.9266831256;43.17281479538205
-47570.06338873238;63.30907057318794
-51772.68561154801;66.02481580884375
-50946.076633765486;65.95460672926
-32094.022385207485;66.02707281714265
-42189.920417145106;65.91809155928131
-36214.21059285542;66.0306195444695
-41601.16004275929;63.34179719352204
-55457.63734461787;66.0342468792356
-43718.35293690584;65.94332168776548
-46703.74995410303;66.0377129991232
-44462.14976183641;65.93493851408384
-39890.843296871666;66.04085668925381
-39123.60193551725;63.29818856888965
-51604.79247973857;66.04303309011347
-32913.82488467341;65.92542683625274
-32636.64996211413;66.04295248267422
46394.235020180364;26.65815656169943
45620.202774394784;22.624698680768603
48980.38226030572;26.667300839665266
38102.21876704745;22.62933019817987
46084.13139183954;26.678701497908385
47318.69489334735;22.637999448718908
43671.627084199616;26.66991349051265
39992.66182332358;22.641680911276584
45325.38727380539;22.78751433130317
39206.361326873266;22.644412318980663
46470.675658937536;22.764000473676735
39934.90667404038;22.645362373834256
38037.480152001255;22.781932759038312
38966.281098480365;22.64488734640746
46935.170503336056;26.64058054690795
38968.35726397748;22.645481130690957
-65072.87635717957;97.56889030933162
-97661.31165561483;97.34759367345785
-119570.47188965126;104.37428085080806
-120470.30616311762;97.34842405483073
-72887.34916155163;104.39192645498186
-109990.08887460851;97.34489493399597
-105228.99938110608;104.33795166574436
-84181.25876203096;97.34261138522054
-64795.82518371904;97.5989916340987
-78561.07781468875;97.3353455482078
-58628.526372820306;97.54730039363662
-48657.01228936267;97.32475818570352
-63618.939736792156;104.39690874321917
-113722.13115240037;97.31147208373737
-96245.78969373245;104.3697137532572
-117470.47055804287;97.30316827000851
124695.4738624464;1.6972535094914498
66558.03846369346;2.109371740678977
117544.27511351455;1.5523179277755403
151333.04262005218;2.07246057617656
101526.81842202139;1.7358578466774617
96283.03706091494;2.071106038029683
110564.42063840429;12.68120334252238
79601.21719450972;2.059931098317943
126568.94568659016;13.065892176235636
131508.83342997526;2.041306198798374
53692.66982835246;1.6975921440281674
89833.37996140361;2.0297926245499127
98536.37590721037;12.679848804375503
77389.90618896298;2.0277608173295967
59541.00551407476;12.674430651787993
69603.44046256047;2.017601781228013
-29524.365512081516;-86.08999145900843
-28583.420430854596;-79.2949584000249
-28271.86717939352;-79.0359171020627
-28088.959646423995;-79.30626745174811
-28804.831243014123;-79.04530574877633
-28132.708234346865;-79.31778988180575
-28657.91738031499;-79.0335699403843
-28134.20043424501;-79.3380608235738
-29442.56582675596;-79.09459614402283
-28077.429010847423;-79.34296852526501
-29421.65241909257;-86.00165282856662
-28805.17037935461;-79.338700958577
-29253.531230568293;-86.02853849870108
-29242.11364043855;-79.32909893352897
-28131.64560714667;-86.10108713239725
-29457.917398435355;-79.31949690848094
16502.381838489404;-25.74285259084422
8962.41978927297;-20.787976771113776
10531.403468069473;-25.75331795835901
12533.863461533476;-25.974993470263232
6816.582025918948;-25.76124626708234
17511.969347714992;-25.943280235369926
8434.967889677555;-20.518889973044057
2815.747933987808;-25.928533581144535
4982.386617325876;-20.499386333584674
14679.7012248875;-25.91790964745528
4924.81264237004;-20.62195798644731
15042.974434608848;-25.91283552987235
7608.502765311499;-25.738729870308088
-1060.652083038778;-25.91045703725535
13309.06917593885;-20.525866884720585
11238.263302527272;-25.912518397523417
41961.88432093842;67.37257957662229
-2902.7393694330544;74.59862455560773
36781.24962566396;67.40906828709377
35807.742474341205;74.60566623657591
22007.590679119687;74.44029342595952
37724.26495635704;74.60715992647826
19118.304748723287;67.34932069100012
6081.935875127796;74.61377483890291
43885.84383237613;74.33360129007797
25230.055527615852;74.6265778952087
44361.81371537579;74.29327166271474
34812.66793769503;74.6340463447204
7322.43238269567;67.37620710924226
-681.2986811205587;74.6624264528649
7237.650247286356;67.30579029956044
23181.153921890735;74.71875990061035
-26028.63221780631;9.70680832712237
-24949.725823558667;8.364549391742708
-24796.654765024166;9.708136793451452
-28301.895687198154;8.350834930521906
-26580.20593812706;8.429214443937665
-27858.07593571419;9.64765250293919
-27963.95967545234;8.434567381793078
-27914.4705362269;9.65527164806186
-27341.533045048658;9.70934804216326
-27988.991972618696;9.659608699900916
-27706.947038166734;9.711614249430516
-28234.567439647264;9.66121067400363
-24989.79188540252;8.426948236670409
-28811.820844130052;9.66179676208999
-27165.227986558028;8.432457464682185
-28071.138189181856;9.662695430489075
-52833.4302232429;-101.88513094393608
-46471.17102906507;-101.8038518800106
-58424.77500252731;-99.52666659612304
-9437.742163418992;-101.80363532833051
14112.068679282891;-99.52803809009691
-11316.292231894895;-101.80392406390395
-11803.651919471191;-101.87134382030396
-7510.456126185454;-101.8044293511575
4360.444385142635;-101.89696910244743
-59700.771275454346;-101.80406843169068
-27833.355098117012;-101.89509232122002
-72982.06118567748;-101.80320222497033
-2375.4572361770224;-99.5225521142014
-12713.390002946944;-101.8026969377168
-71422.51018543333;-99.53402935324596
-51607.64676661161;-101.80356314443715
19275.529606348035;-119.72387926101277
6222.2972178154;-119.5933536170156
5006.057535042342;-119.74507161649571
14617.480499030084;-119.59263115035141
9404.330242467471;-119.70389101663682
4759.345913155827;-119.58974128369464
1080.243660170825;-115.77981333008334
7590.452923917594;-119.58865758369835
15614.961108209187;-115.79426266336716
6715.112797495116;-119.59154745035512
11495.910051663008;-115.78944621893922
1834.9624640699694;-119.59455772812258
5826.100228973015;-119.72604666100534
19045.83257907438;-119.59515978367607
5847.672304285752;-119.74182051650685
6308.281687019691;-119.59491896145468
-72118.72559681568;-116.18816438482196
-54473.37921483266;-116.26750286438862
-73633.65941605694;-118.98086172982786
-61019.07727644238;-116.265532254205
-83457.85723852551;-118.96261216595346
-65082.759432424864;-116.26347596531774
-53681.20067773742;-118.96903806872614
-62402.160727756775;-116.26107696161594
-81165.27533089933;-118.98086172982786
-77352.91612112844;-116.25884931532141
-50770.267452772605;-119.0073364492513
-62483.423607581084;-116.2583352430996
-72332.91517410094;-116.18773599130377
-81244.38555165543;-116.25884931532141
-74059.88591155926;-116.2403427153361
-64131.82228905034;-116.26064856809776
-21018.99032806146;-155.48498742847522
-20636.749082626717;-139.80968809370833
-10474.89812370177;-139.22226443715493
-18005.515672446745;-139.8224902857204
-13023.731109683404;-139.17007088510576
-9994.073977984592;-139.83529247773245
-10335.58002500074;-155.5288103165165
-11482.675772249424;-139.84760227774404
-20888.228481083053;-155.32348285232308
-12196.56477467207;-139.84858706174498
-20724.357660047528;-139.34437765327
-17991.007245612727;-139.83972400573663
-17528.59764164642;-139.1887817811234
-13806.256131359294;-139.83480008573198
-10332.975948389505;-139.3561950612811
-17210.156273186913;-139.8357848697329
64771.43477336192;-97.33014197667808
47679.967989898374;-97.21553246555182
66109.78949262024;-97.36015875340163
55790.42053838466;-97.21735166414113
56382.90738037698;-93.62238785184933
59355.28649536882;-97.21837496334761
54782.54266320726;-93.621933052202
49893.091855468156;-97.21985306220142
46351.940672017576;-93.61101786066615
59935.915950594346;-97.2215585608789
51084.18548100986;-93.63841953941757
65958.32093908315;-97.22144486096707
61052.80528475677;-93.62909614664738
56926.43468991287;-97.22133116105523
49429.50628252129;-97.35799845507682
66484.2534166425;-97.22042156176059
-44426.601842888806;-81.95682131300754
64401.71428595274;-82.43255662290883
-5878.029712868505;-81.85618499745149
-73661.89496601955;-82.45037262135656
-8751.541415047905;-81.98186001352866
-34908.2506344512;-82.4778188892355
21596.643533557013;-97.85784068433432
29854.550966626106;-82.49707942809789
-68620.1198645455;-97.62767724492863
30019.609080067225;-82.51152483224469
69185.89869523837;-81.84029505289001
-69430.40514871097;-82.54474926178233
-52334.3860050222;-81.81381181195421
65982.27076617672;-82.63575530790717
62378.501956045715;-81.81188575806797
-31176.936918479332;-98.38509793569256
-27963.51797978316;19.955429871823675
-26102.260887664524;19.796767946849187
-72213.88369679914;19.96967837690241
-43279.571017257025;19.76452133009205
-2247.7064196131687;19.96196490046881
-22132.074435680275;23.299757563875385
-33386.302282103505;23.47138241452301
-5996.2261919638695;23.31432746380552
-40037.54103244892;23.475132021122675
-12351.49658235164;23.314755990274055
-11116.850327632885;19.920933491106737
-34951.59101426448;23.304899881497786
-73335.83906969301;19.967535744559743
-76432.98077786912;23.293758193315917
-34672.95971304912;23.439564324234404
-20751.301542990805;23.297507799915586
-55693.64260524594;-8.324502729847866
-55508.91677292512;-4.309712691313908
-121818.77327310537;-4.169359707077796
-98748.19614198356;-4.290287117877012
-62138.89482749412;-8.327075653481891
-26501.92312131154;-4.276650622616676
-37968.35933118925;-8.324888668392969
-78267.13931484992;-4.271633421530325
-72295.45695364238;-4.11597154167176
-68569.03311800698;-4.2661016357171695
-60745.05445634613;-4.10696630895267
-68605.97828447113;-4.264815173900156
-87760.3677703916;-8.364511692356968
-29823.629451589528;-4.26713080517078
-113930.98023300644;-8.30494851022927
-69835.24473227875;-4.265715697172065
94824.97453772803;-59.635393461629704
2099.7233363895502;-59.627115480783466
53939.63394546986;-59.63938392368836
-5294.241726712236;-59.62656097488946
38650.557298322725;-59.64136430188123
49963.32384486846;-59.62541235553759
87516.45084868875;-59.31362161285059
-5011.627950967013;-59.62262002228563
87233.83707294353;-59.31599806668204
74080.79477735913;-59.29839250454734
59519.61291309068;-59.3158990477724
10706.298669840035;-59.29452086518026
19284.941246385468;-59.31202740840532
-1225.91783865889;-59.61990690416138
52092.78578304177;-59.63896804426785
66394.35731842798;-59.2921444113488
12914.302808316817;24.634491567809317
-7308.6625191992425;15.175887454399007
10988.017867261055;15.541976562806415
8249.21969871138;15.190118052363013
-3098.028068639109;24.65486085509113
-1033.9185342663259;15.202395430998628
1533.064516263148;24.70369133830096
12281.520300486318;15.208255088983808
-4909.769597681403;15.505702489564827
5997.463843031981;15.215788934964753
8937.877041670403;24.618586781849544
-10604.346544529843;15.221648592949933
13002.77129727031;15.488123515609288
-9404.434460144854;15.223601812278325
-9675.89303414425;15.547557189458967
2113.697177973696;15.227229219602485
-50739.099416786514;118.85899123053498
-40642.18413807623;118.721649132435
-39769.52483992088;122.64216303932338
-61096.273321028966;118.72235164956084
-32807.37340028172;122.68454823924853
-56526.35573507168;118.72211747718555
-44662.666847910055;122.69309553094614
-53757.259929006315;118.72281999431138
-34537.76677075545;122.67143458623302
-58030.07223814642;118.72328833906194
-32002.344031700148;122.6613651740961
-44920.12699359779;118.72270290812375
-57079.05550434698;122.66230186359721
-50166.810288600194;118.72211747718555
-32761.1984828486;118.82948551125008
-55009.11324608218;118.72094661530916
103917.81094605949;99.89095350402819
91046.32772754409;108.32833402031025
62796.95581623184;108.17843451252403
97979.12968435278;108.33235816817027
51025.56099112197;108.03306217108036
61634.90326025899;108.33009458499902
95561.6293128853;99.78607415042609
94826.14164415133;108.3275794925865
95945.0886957295;99.76570190188468
98577.21855782876;108.32305232624395
88703.36395742572;108.08889722263831
95394.59548335597;108.31450101204139
106351.47588167497;99.82983675840394
103753.47121055482;108.31097988266386
100394.83399313714;99.78381056725482
82396.48984568125;108.31324346583513
-25649.09486237583;105.55266576912433
9977.598757539025;105.81117190674975
20637.751570630317;105.5739476188231
-13193.37913537725;105.81878651352271
-29495.727689658233;105.62197821539097
-37676.96161379494;105.8287440762258
-3527.198649627484;99.21575096340624
4193.120687233917;105.83362523441359
2273.311232408938;99.18451155100438
15177.917687884343;105.83089178582843
-1202.585948586806;99.22258458486914
8129.932455504961;105.82249619374544
-16448.83890506741;105.70163871701573
-16377.697740509699;105.81644355759256
-13685.355357881977;105.64950794757011
-34725.10427876656;105.81585781861004
3540.315356311943;61.20320677139516
3880.0340711143263;64.3947036635593
4431.207266457107;61.20517862801746
7090.723812481284;64.39526705116567
9185.605468764901;64.2750776951396
5924.699069644431;64.39629992844402
1862.2924613797804;64.28916238529891
8742.125828604356;64.39845958093511
9920.85599087282;61.20367626106713
869.0009208155552;64.40155821277017
1792.7151644923833;61.21682197188248
4852.452422612332;64.40268498798291
10322.589252900927;61.24424016872593
4072.884187487006;64.40399955906445
5265.378554139717;64.3094443391283
2175.0877873866048;64.41019682273453
72527.99526706795;9.46392576260901
69031.56011747003;14.29829168836311
70537.88495606765;9.456531419182703
70466.44184930484;14.29047879719569
67549.788896496;9.460856412507525
73582.85036226425;14.239974036434877
65690.0503745551;9.445091114258982
70303.12068949896;14.232858724835976
70829.51856926129;14.029863070396791
73772.78447536536;14.227557120115229
73085.75841321395;14.0051687536712
65024.25131086535;14.231324049785233
65247.134794712954;14.02121308374715
74061.8835215785;14.297036045139773
73478.9331160638;9.478714449461624
65237.31334766352;9.672781085423761
-49085.62246338733;-6.306647320038472
-62805.38159170002;-10.905255444118886
-53204.29408243717;-10.66175960526714
-62258.38722111328;-10.878244922730609
-59261.14314879729;-10.677939175009621
-48243.21549787134;-10.873564881896007
-67715.85874263503;-6.310658783610989
-62258.38722111328;-10.878244922730609
-57350.404507047395;-6.297019807464433
-50974.62386956341;-10.872361442824252
-52444.91622985063;-6.380859396130026
-58771.52082620042;-10.865943101108225
-59188.448131468496;-10.703211395516476
-62918.700295183124;-10.859792190297034
-61482.617354815346;-10.684357516725647
-61627.65104134876;-10.857251596701106
-5122.6663070409995;44.1500584182695
68155.42514358005;40.03299602921017
2402.294166720705;44.12404070393256
-6215.169325035487;40.03877774350727
17544.46506751266;40.1930772438111
131.62745983953937;40.042391314942954
-2540.9854719973664;40.18464557712783
22573.405377122937;40.04263221970533
62248.792421443446;44.130545132516794
22587.901798350853;40.043234481611286
52848.52218338;44.13981996586839
175.11672352328605;40.0441981006608
19609.54616425252;40.19331814857348
43365.226987374874;40.04455945780437
12984.681663096635;40.192956791429914
67497.81476242295;40.044920814947936
-75605.5968798162;99.21707824335422
-62515.44250241287;99.01314312992533
-77314.18076756912;104.8842180932951
-70479.48566607601;99.01331669172399
-73656.11416950553;104.90417770014133
-76136.65294088755;99.01262244452933
-70855.21591916982;99.21690468155556
-60548.70136899358;99.01522587150927
-80495.48342725722;99.22818619846865
-63899.352305434964;99.01366381532131
-73259.5299884888;99.2101357714077
-64939.53184821047;99.01036614114672
-58701.330995408876;104.90955811589988
-69682.00269826541;99.01106038834136
-65944.83499428732;104.91112017208785
-72457.73241490104;99.01383737711997
17238.923064059545;141.5978249195283
20888.365910669938;136.74234337206707
12322.941353587688;141.5959674831596
29938.542482778503;136.74291489094975
35773.23416250296;136.85450395279148
37215.34380173841;136.74277201122908
23853.74526454958;136.89222419904783
34468.599753041475;136.74034305597772
36360.12640848584;136.88822356686913
8483.020778977203;136.73477074687167
10742.804375221735;136.91137008161735
16828.15370280718;136.72876979860362
38257.17415749542;141.53724391796504
20731.56685341769;136.7234832489389
19990.08398760865;141.58782333908152
10089.106897099693;136.7159106237435
42880.242397493574;54.795449437142494
2831.4234068861188;54.776872070081524
8897.813487738713;54.81794448025034
35187.72143330418;54.776840475919855
16481.03868829062;55.83628749914353
-14270.987607518138;54.77595583939314
24431.117495486596;55.854643707072825
13839.882800042247;54.774628884603075
-9372.636600669597;55.85442254794114
31563.854070263144;54.774218160501384
42346.11875258692;55.851958203331016
21808.969566131702;54.77396540720804
6649.171950640601;55.848798787164185
9178.180881417473;54.771564250921244
-7961.295652829067;54.82012447740545
36455.55229149897;54.7616436841574
52955.331325740444;-30.987361786068423
7628.779246231861;-47.58515414347032
23790.985904255987;-48.17916934892649
15692.864069009025;-47.59407486652046
26899.998280115095;-30.64207732918665
49655.53253787961;-47.60037184749702
-2593.968735813658;-31.05085634424881
19160.16078665541;-47.600896595911735
40914.29030912449;-31.051905841078238
40169.058878206946;-47.60719357688831
19715.50151642569;-31.04823260217524
32980.97927109968;-47.61506480310901
1162.6425878259543;-48.276772554063285
30682.585218534285;-47.61401530627958
37160.366118048274;-48.33554437651125
40471.8091470172;-47.59879760225288
16897.579737712484;-70.49520985622571
2634.3485461447017;-70.47159467401382
3126.200059692894;-69.73599798645081
-1374.495775004435;-70.47236019563758
-7315.118147953854;-69.74054472094348
-6576.184124307134;-70.47328810063608
-1977.8583090278044;-69.73237915695665
3366.8047511746045;-70.47416961038466
5620.622928496563;-70.501844376965
-5032.612488186;-70.47454077238406
-8231.266780903448;-70.49894467384468
12879.018688638127;-70.47461036525895
12854.032816830408;-70.49746002584708
20752.807217377143;-70.47467995813383
807.6036962027811;-70.49901426671957
2909.1931360295803;-70.47502792250827
37954.608656295066;-204.3712275143556
14603.984945106025;-218.16890333697623
27921.9976650807;-204.39210540476245
13594.343210486997;-218.17542767772838
-9049.406175968772;-204.40819877861773
24840.52605124344;-218.18108210638022
48498.92159231635;-204.27249249097326
-9529.830495787492;-218.18412679873123
41366.3719900077;-218.64561516793242
49845.110571808385;-218.18369184268107
39492.216700714875;-218.67649704749255
7834.255792660468;-218.1806471503301
45864.094463310554;-204.31598809598754
50629.553406512394;-218.1758626337785
48086.05694247213;-204.3751421188069
-11371.457055092586;-218.1745577656281
-8298.183295434552;-296.25118351614236
-15429.079958077582;-296.1647778213393
-36895.30013715745;-296.2305628322837
-34784.88152586468;-296.1654819422516
-22942.946366297576;-292.95106938913625
-16371.696158524344;-296.1655825309533
-26462.183014986138;-292.9650512186795
-16209.316986399714;-296.1656831196551
-36301.441718349444;-292.96605710569696
-20394.410366064752;-296.1658842970586
-38891.849077432016;-296.25410058849315
-11374.19629190871;-296.1658842970586
-7087.488273083916;-296.2659700552996
-28314.735330923762;-296.1656831196551
-32259.834336693908;-292.94956055861
-13144.537769129147;-296.16518017614635
94339.84205813013;-303.52396661633446
96091.26567459258;-303.5449414058961
95707.99014633625;-303.5177459563124
80761.86174066133;-303.54510090999923
90111.68227489738;-304.3976769252471
93553.07604759552;-303.5453135821367
84071.4540131363;-304.3887181114546
84803.23534873119;-303.5456857583774
77869.50611919958;-303.52944292387525
66489.29560299806;-303.5462706067555
91685.2142959666;-304.3983149416596
69342.83851273765;-303.5468288711165
64999.04919249931;-303.5206701982031
68947.43401206817;-303.5472542153915
80732.75220686971;-303.51439637014664
75437.24285127758;-303.54765297564927
-14679.635497175128;-153.366790180775
-46144.55451237621;-146.59620105271796
-2746.484160893582;-153.43338473527785
-26239.15954421083;-146.59470213991563
-20825.00213808386;-146.3882804339968
-50155.89043986233;-146.59470213991563
8808.455502224984;-146.4054108660233
65457.687566163164;-146.59534453111664
-29794.34927194281;-153.3556553999578
-15933.464498509362;-146.59598692231762
-12722.103564561905;-153.36721844157566
63199.87848697812;-146.59812822632094
-5194.545172639395;-146.36558261156176
-19435.93381119438;-146.60176844312656
-69841.23498000561;-146.37821630518127
-38555.106937572484;-146.6105477895401
-22960.13665076883;-58.47242260442013
14257.80947228967;-58.84474649364418
-46049.31382946257;-68.31211060179882
-36791.10683564543;-58.8588701601442
-2932.8826246502285;-58.48925080280314
-24352.547066754;-58.87840289041019
-12531.431057882408;-58.41562743487748
5051.343575680898;-58.88441296126126
-23587.92863023035;-68.3752163457351
-13160.37283950411;-58.90124115964427
-19197.983982640457;-68.26162600664979
-41408.71231095214;-58.903945691527255
-19944.205584601128;-68.29648441758603
9220.526208515093;-58.88501396834637
-30755.795296829463;-68.31060808408606
-42555.06506465752;-58.883511450633605
4468.055202425339;3.6834298176139253
3022.3747078687206;-6.572372183370595
4285.181195849018;3.7919037699841276
3301.7854601535555;-6.535302653428957
4059.3590882407534;3.7940307102266804
5442.740026743334;-6.5179832828824535
5423.884762875652;3.8353541206534256
4044.0322948044504;-6.506133187245372
5176.671303277151;-6.247558023472143
3301.2341366486526;-6.49489078882045
5804.297981258715;-6.160961170739627
3514.6514653966;-6.490940756941423
4740.133352094965;-6.1658227484368915
4542.814669690185;-6.49489078882045
3167.207392606736;-6.125410883828384
3836.0730687550426;-6.496410031850845
-55432.51620532853;123.65918739512801
-66680.53467570269;119.81716920412191
-90846.39532055879;119.939704577196
-56896.299430925166;119.81898791095789
-76751.43493406093;119.95175350998437
-89845.75525752854;119.81978359519863
-91145.6019284837;119.91105994452933
-66963.61637661367;119.82012460273037
-99170.43065240944;123.64691112398515
-85807.3618787099;119.82103395614836
-72545.52168793108;123.60712691194811
-44223.914174321726;119.82194330956635
-71862.0047961745;119.91788009516425
-44945.055849110766;119.82308000133884
-76700.37272851687;123.66327948550897
-80913.45259998627;119.82478503899756
-31826.75989443457;231.66519930749286
-57799.661057976584;231.32486513786097
23534.881624662376;231.625696234232
66718.6893618675;231.32395352847803
2901.658287825776;231.53453529593776
-499.06657147912483;231.3260806170382
39888.589614741955;241.60538801909854
74064.25505796607;231.32911931498137
47903.50433076723;241.59627192526912
-53567.64789973048;231.3339812316904
-11629.693015743738;241.59627192526912
-27035.516425991664;231.33762766922214
-8678.079756905769;241.6026531909497
-51488.34755718405;231.3409702369596
54774.04814175656;231.62387301546613
-25139.747266328362;231.34340119531413
-40795.13655250755;365.9709058894256
97894.96176686433;369.7341869704785
-2669.288582310328;369.6288324553351
28155.557185964542;369.7336307164387
113116.83982974249;369.619376136658
73087.95560671511;369.73340821482276
86756.53158236564;365.97913844921504
8182.118390418051;369.73340821482276
98838.03803410968;365.9758009249761
75977.48340252053;369.73285196078297
-29017.537030873267;369.6672139840832
111221.0394562007;369.73207320512716
-9140.576625837828;366.00661739878257
-3477.2951028402167;369.7322957067431
72991.47721620409;365.99927484545685
12403.047975275724;369.732629459167
-20464.016807353815;384.98498577067045
-21680.96913934942;385.147410989146
-20828.937993303094;377.2097095593464
-24023.19483326403;385.149785626843
-22328.255570820107;377.1299217327268
-24870.066233033616;385.1523977283097
-23568.165034800637;377.15912977640005
-21555.11619755585;385.1542974384674
-21474.953182937483;384.9515033791426
-23117.098519709234;385.15667207616434
-23338.07026243057;384.88358874100805
-20360.971439682075;385.1599965689402
-22851.259418059708;384.90923482813577
-23124.35207606929;385.16830780087975
-23780.61197932562;384.98736040836746
-20602.357830715737;385.17424439512223
35822.32204701829;160.59792130830272
19677.368710609066;166.62827050561825
-5520.044286812845;160.5807977421958
43238.34177762211;166.62577331889432
-3647.8566882684536;160.5718792181818
66799.31484463516;166.6232761321704
-2895.4705133678217;166.4450840223704
47868.02470717728;166.62291939120982
23399.172322450817;166.43545201643525
59553.83598034215;166.62452472553235
22245.513520936525;160.58418678132114
49287.52662382313;166.62844887609853
55459.601211924586;160.580262630755
-455.2313527734659;166.63183791522385
15823.897518159698;166.5374799311556
16269.059338309235;166.63433510194776
7697.669057450885;80.49205431052079
15954.007785013968;95.70205963620931
7759.003686592729;95.2635526536902
17811.4877860395;95.74721998456349
15358.974676704225;80.41437851135159
16662.989588222306;95.83979869868956
18048.97779556029;95.13891009223266
5537.004136070169;81.04797819876076
14418.025887452326;95.08020163937222
15231.945136727987;80.94862543238156
21036.93349674048;80.32676743554447
5135.858220355738;80.90617470492863
10867.012477041078;80.28567151854217
5964.021056493724;80.87998170288321
18706.508274796557;95.27032670594333
14277.043446059935;80.87049802972882
11081.6823801922;-98.93528924422148
10894.928809407378;-108.5042193525096
10607.244518857817;-108.78069985562271
11170.21893452671;-108.5120329319454
10552.684799588764;-108.80023380421223
11310.411069495534;-108.5195459890952
10567.284840812594;-108.74613979273357
11170.123716866556;-108.52555643481506
10352.569017162132;-99.00531093685774
11144.573644724851;-108.53156688053491
10551.65327493708;-98.99509317913399
10910.036678152037;-108.53938045997072
10713.15829617069;-108.83930170139126
10431.805980021463;-108.54358777197461
11177.407867868444;-108.77078262018496
10364.947312982335;-108.54539090569057
61665.51491061653;-299.026835012091
51238.20317143344;-298.9283804317657
84645.80373567418;-299.03284026739175
45961.78696426306;-298.9283804317657
74562.30949800985;-299.0830947722769
55216.662831864945;-298.9283804317657
30771.96612996808;-299.09020625881726
82086.27344658998;-298.9283804317657
78150.56358132086;-293.9067227360705
40093.24061558814;-298.92822239873146
77220.9829290664;-293.8942381263663
66028.72272750954;-298.9290125639026
79454.88711882858;-299.0614442465874
71080.47511754991;-298.93027682817643
32457.399543497937;-293.91683685026123
85614.49590265167;-298.9309089603134
37409.35925298557;-351.1104644711127
97993.49048955027;-357.7760390660242
59870.6174225879;-351.17326178536024
63805.43637200728;-357.7737742448547
29636.078397133315;-351.053432156206
104121.51079052834;-357.7715094236851
56321.22664511456;-357.9837849351249
80910.96874934433;-357.7682151383475
34104.45649503026;-358.0047860041519
63431.51351862679;-357.76306781750753
31331.674720731797;-357.9487831534132
54417.09642251542;-357.7583322823348
60966.49901595689;-351.2265880292622
56489.49192913579;-357.7558615683316
32933.79033098517;-351.2494421337916
81894.67348669918;-357.7558615683316
1742.499210586895;-217.11679610114047
-10640.45662494254;-217.1175882770984
7782.162623287029;-217.11674977061944
-3798.872106985378;-217.11759966984948
12859.29369733471;-217.14204243751857
13891.064800913815;-217.11761637921774
-5566.730736055186;-217.11743029761686
-10900.953289707562;-217.11762701245206
-414.6855884803117;-217.1170095253439
20003.93969456098;-217.11762853148554
-9204.036018144565;-217.14173407372286
-1604.2302711545744;-217.11762777196878
8555.139654681276;-217.14164824833145
12428.537774553333;-217.11762169583488
3337.2609273400776;-217.11712193382115
-2524.197795302938;-217.11761637921774
-39009.81636351217;-164.56342008118446
-39202.890139356336;-157.5898280469565
-38278.038219992435;-157.41591502651906
-40610.52160856507;-157.59153516862952
-37848.90084235259;-157.3864671776597
-43227.384598011624;-157.59366907072078
-42030.70762871539;-164.3306113630283
-32289.897861790967;-157.59601636302116
-39894.53176395674;-164.31759456027163
-33756.117235393795;-157.59366907072078
-37766.15493841937;-157.42999878032137
-32635.90889455998;-157.59196194904777
-33872.15172136911;-157.40353839438978
-39431.915583805974;-157.59324229030253
-39266.804216877164;-164.34000053222985
-39489.93282679363;-157.59985738678543
33745.10623743496;-64.07012378849676
16473.728000088697;-64.77474577410102
23246.031763688505;-64.0716082449271
46268.413846307354;-81.01915249137798
18226.35657927803;-64.0038180679413
36373.214256149484;-80.90435452743122
45639.49346063446;-63.960274012651155
33118.96868532698;-80.86328456619165
49126.38391748463;-64.06962896968665
37966.108188712155;-80.83705916925553
30581.581040828998;-80.4946445526557
40126.7001685194;-80.82815243067346
34131.363536246456;-80.29176884050841
30129.648869885288;-80.83507989401507
19395.14667654624;-80.19626881015614
44981.63160588635;-80.84646072664772
-5156.618189425051;73.27659150431903
-16644.763636632677;73.31058900186831
8190.923312991038;71.84178479072081
8162.539138975093;73.30955222938904
12154.470760004468;71.85388046964559
-4846.718846890308;73.30838586034986
-16085.921128548252;73.26916130155095
-6187.754740561675;73.30734908787059
-1385.2455599294117;73.25728161689268
-5585.637999961138;73.30708989475077
-9204.852844158184;71.84852381183605
-1840.7882871689217;73.3073058890173
12713.313268088892;71.84118000677458
10423.966773688086;73.3073922867239
11624.47774026412;73.26207668960929
-6606.537635878896;73.30721949131069
21718.869263593137;109.80268938178259
19834.199562202444;112.28041366857485
27523.9620090454;109.80773551448
24627.485308258405;112.28019427150105
21202.72776303379;112.19623832459321
24627.485308258405;112.28019427150105
24307.620909923666;112.19082653010612
21947.761711418403;112.28077933036452
24571.761332142476;112.19302050084413
26178.103667263844;112.28077933036452
25088.195347012144;109.80393263186745
23690.854486614295;112.28019427150105
28274.261215015773;109.7898912191442
20215.930737169827;112.27880475670031
19658.544718855384;109.79808204323277
26501.77075163274;112.2768301830361
13526.158961676858;157.3778001687079
30292.39191375135;157.23517534483756
24048.05960020514;157.3542360673728
10178.455243532935;157.23476193955096
305.4529277622114;157.39089133611628
10796.772202036824;157.2343485342644
14868.87198593955;161.90210762504736
-6084.140865988933;157.2343485342644
37951.1123240298;161.91285616249846
5273.968951350635;157.23531314659974
1377.7120119065094;161.86310972634658
2972.721291261978;157.23738017303265
3065.421051655914;157.38331223919565
30604.89522971854;157.23806918184363
36236.64459055843;161.81584372191418
16784.029922325626;157.23806918184363
84544.86935598313;183.55677184583604
84347.17494592501;183.59668935352633
12837.961689554752;182.33197401615286
-42303.05302495651;183.59680158644392
-47899.15274603402;182.32969194682846
-811.9387140048566;183.59642747671862
-6648.416865493964;183.55942802488573
-26777.302253231624;183.5959037231032
6531.959314177562;183.56967863135915
-5817.201732294976;183.59575407921307
81970.34897045331;182.3266616580535
-13008.335898159734;183.59575407921307
10861.017588973365;182.32752211042168
71074.69114338548;183.59560443532294
-22490.927998789277;182.33844611440065
-20228.67492005581;183.5955670243504
72916.52381230544;169.48446242801364
103335.1606828135;184.04437780698944
98333.14823567252;169.42758097403996
79035.86142057463;184.05870672287597
102173.14251524018;183.4981421650131
71400.56586788442;184.06435144731608
77442.77199728863;169.44842303351123
93192.0107845975;184.0691277526116
94714.4564235025;169.37764687322334
108501.52805688174;184.06869354303927
106069.3634803356;169.36635742434308
91837.52434733306;184.05653567501437
89328.9491468646;169.2738707854393
93652.63709295938;184.04741727399568
72311.72651541089;169.32293646711125
66794.30278426562;184.0456804357064
80334.91805205004;121.99151755175286
79334.8121578291;122.42259122335278
51939.624238870165;122.04227537315286
75519.24858001011;122.45495852975277
49424.73029475874;121.99262098265287
81566.43142711466;122.47923400955277
15903.89377369655;109.9968558584552
21885.910146310624;122.50681978205276
58480.21039283104;109.89938612895521
51103.09949490079;122.50387729965277
6632.96533139048;122.00733339465286
49503.196049757455;122.48144087135277
91637.9765560178;121.98600039725287
88942.21239699407;122.47886619925276
58603.893701557834;110.05717674765518
56474.67889218586;122.50130262755276
-16491.888340999518;16.78823891665991
-12273.41199069853;16.920947335144533
-10586.262567605652;16.80201738633864
-18335.897785882138;16.9289243439059
-16248.22618930393;14.148332471722675
-12294.978569270817;16.930938740057762
-17109.683747057825;14.149621685259866
-15017.189809929292;16.92126963852883
-11840.205064594333;16.79565189449876
-17753.33225662204;16.910633626847
-11422.268883566165;16.78582164127768
-11721.521905494668;16.91023074761663
-11924.32811641667;16.80016414187893
-11887.490792768353;16.91707969453296
-15637.39638626276;16.804998692643395
-10357.335345369389;16.921027910990606
-3187.2615786152037;15.57764609867694
6524.248815917596;11.034026195325765
-20284.93626358312;15.57379546080917
-18774.48417543756;11.043188057838734
8601.668408288064;11.210889976010876
6.0708592700939334;11.051154894806531
-1087.4360539471872;15.549363827441258
-14689.298215012914;11.052349920351702
-6118.054940231406;15.569280919860752
-14082.876786524932;11.051154894806531
8786.7608924852;11.209562169849576
-6243.235909806837;11.049827088645232
7084.884208841022;11.217130664968984
-5925.169088278602;11.044250302767773
-9244.169581224058;15.565164720760723
-10616.289391706498;11.036283465799976
-81591.99845529848;25.363558995224214
27572.608589684853;25.47472322596532
-76062.99511823061;25.37134360522009
40002.52235415252;23.436151837125326
43872.1714010094;25.383736704333526
-75250.73901554203;23.425689321290868
-33300.86887561466;23.327790065982736
34177.36129599712;23.42842950400942
37983.859064092685;23.330218864301447
-90672.71681511457;23.44854493623876
-8094.798128643146;23.372878527078846
-8717.60039504779;25.46830870732872
-78920.0460746044;23.33158895566072
-36567.31432878591;25.4651325864504
-11374.309363627079;23.332772216380096
8039.264779720746;25.464883478930535
-44796.163531123275;11.58522666791799
-22772.071927686153;-0.007608697496401362
-12655.012510457953;11.56765066989083
-9614.222442277693;-0.046056193180813665
-28965.34262232021;11.4490126832075
-39815.115492515695;-0.07022319046815895
-22356.887129915387;11.507965509923597
-7322.519312047225;-0.08596835536749126
-33990.24820998809;-0.2763750006617265
-38516.93204033104;-0.10024885376455828
-41514.44932677181;-0.3071329972092549
-14068.979892161773;-0.10207968689238811
-40958.92037200811;11.610125998456466
-42440.720762925186;-0.10354435339464985
-31980.987695705902;11.740115150532338
-41318.55227430251;-0.10391052002021794
-78845.66118782926;-133.8108682013389
-81750.49916413856;-132.36359995737988
-80102.89150091699;-132.3230052918544
-44343.739195046895;-132.3629613896076
-65465.20845492058;-132.31328993931854
-32549.255596391282;-132.36227720985153
-82431.45815083821;-133.82792708325636
-88806.64314700909;-132.36177547803044
-63458.53190072376;-132.33408900390236
-59107.634467026415;-132.3610000743069
-46726.117259146966;-133.8102296335666
-43559.070937384364;-132.3602246705834
-87654.10049423296;-133.8018826405428
-50478.240411435996;-132.3596317147948
-61271.83170636497;-132.32081591663507
-54101.216169695785;-132.35867386313635
50962.1482918218;-262.430415863513
23155.741285132644;-262.36564881036077
37640.47324356739;-262.4149520016715
64482.32352524369;-262.3653900009576
17414.653405385827;-260.3154254205154
55033.3292740189;-262.36461357274794
6215.77402666519;-260.31251381472936
4408.07331125649;-262.3645488703972
64276.114595021165;-262.3826008262708
64299.24083018631;-262.36429006099394
40530.28904607842;-260.296661738783
58416.50476005299;-262.36338422808274
7532.042244814595;-260.3063670914032
40456.09237492358;-262.3622195857683
33486.42325202853;-262.43520383747233
31936.965495963927;-262.36092553875227
-32136.627882568588;-130.46360841546726
-20430.222704292813;-131.0369215650445
18223.20413389901;-130.48778110555025
-96125.35600461211;-131.0395490313579
-6719.883281841292;-147.87372570111768
13385.899760525077;-131.0453294572473
-44831.06908925615;-130.4121100757252
36134.3041109863;-131.0437529774593
-85719.90065116485;-130.43733375233356
25135.169842419593;-131.04165100440858
-86905.1152362228;-147.7118737762141
-34084.837752039966;-131.04480396398463
-92728.31239282757;-147.5584297435133
-98851.56387476348;-131.04165100440858
-76861.86831835384;-147.57734750096958
-5933.312300437552;-131.03376860546848
-15849.800177972982;-107.26657391965314
-14383.374256230542;-107.55844341807433
56706.84909252735;-107.32366533110903
32014.458870884293;-107.57685332973945
21381.04338849872;-107.40992300711302
-26434.968346881476;-107.60953609426853
7536.988500184547;-107.29842927242201
-22159.96396485268;-107.65132038816016
20461.420352829737;-107.32221736052863
-13390.64923044479;-107.66890288806505
-6475.2009653982095;-107.34042041925369
19429.220252380925;-107.63766809411636
-33414.74636323082;-107.4548100951055
3165.48949120161;-107.59278100612389
4329.273173860616;-114.14795067654715
26109.2801092515;-107.57540535915905
48737.05023930803;-85.7813685175577
51238.81658959948;-85.38770150202589
46458.00039113761;-85.81156955532374
51469.121688860934;-85.39156442546108
46801.78148949877;-74.25967260981172
50338.9501519488;-85.39156442546108
51447.591250462545;-74.3137535379044
41780.424409586056;-85.39367147460754
44483.20034459689;-85.72237114145659
49153.01125000477;-85.40069497176245
52011.441665895756;-85.81999775190963
41384.58200526158;-85.40455789519763
49525.5584258982;-74.2610773092427
52014.61828795454;-85.40631376948636
45259.178521955204;-74.32218173449027
50143.58789533391;-85.40912316834832
-5978.475557177382;-152.41220412133694
4805.24635241225;-152.99151423521195
-15484.19154310644;-152.4089408155276
-10657.141482528392;-152.99153256839068
-12295.83499643315;-153.01268905661536
-12674.404777332902;-152.99145923567585
-110.453717160417;-153.01452237448578
-999.2366399562161;-152.9912392375314
-15397.063422678257;-153.01111240324678
-10453.208414626617;-152.99089090713602
-7437.966692384869;-152.99895750576587
-14970.93462407753;-152.99067090899158
-1820.6759936874369;-152.4129557816638
-14838.149846656412;-152.99087257395732
-15265.420061681962;-152.41365244245458
-7889.20665233171;-152.9911659048166
2069.318712900931;-147.41774771386486
-53379.78650645562;-148.2320562123954
-52542.01263710679;-147.41247861329393
-45551.69839391575;-148.23161712068116
-49197.122892077015;-148.25096298503232
-41571.164348014965;-148.2302998455384
-15081.552479080521;-148.2488450132342
-34169.49870230768;-148.22877593900074
-35969.16108831628;-147.40677042100873
-7.828563167116954;-148.22616721763964
-50517.170819548344;-148.26240519852706
-6847.43216319487;-148.22221539221144
-33610.98278940846;-148.26542718267805
-82.29735155367962;-147.37554325144856
-36310.476368421354;-148.2557413360403
-13196.782906344422;-147.37983085289355
66342.71972623466;54.24355435415784
52404.912425408475;54.39396639289638
53185.887098383566;54.24311519492064
67438.35895191332;54.394844711370766
49431.71151627877;54.29976673651852
48358.8191257353;54.39396639289638
58442.61751247444;50.64178987032079
56266.18768960816;54.38606152662691
67109.47762725026;50.686474322705166
47632.8159710036;54.378486029785336
48332.913007942436;50.66835900417096
60879.68815459819;54.371020322753054
54755.41872271216;50.64694999135781
65546.264568237;54.36893431637639
52471.889217751;50.66341846275254
63821.612165417;54.36706788961832
-27435.205425898912;173.4017784958498
-28225.657842625107;173.4548186699377
-41686.2666301438;173.39665609097742
-23944.21420432166;173.455424045059
-24802.586359543566;171.88801472142003
-27023.10345428995;173.45602942018027
-29308.623488946338;171.87665229606668
-16914.729612771374;173.45612255481433
-38816.136821809574;171.8786081233816
-38664.87998086513;173.455424045059
-16957.648220532472;171.87926006581992
-19181.915484889047;173.45505150652284
-35051.38321868825;171.88638486532426
-18576.888121111275;173.45472553530368
-34224.67916239686;173.40876359340308
-16367.62153519547;173.4545392660356
120147.34618027475;156.11290367285494
119045.49166439367;156.48932480178317
120489.14182046724;144.90524610700498
120627.91797387616;156.48659463947
118882.70670877903;144.90149213382438
120931.50180249946;156.47942796339794
118660.60330229347;156.1238243221076
118833.10610641995;156.4688485844344
119158.76396197965;144.94244456852192
118295.63433103428;156.46099936778404
118537.26137887394;144.90353975555925
119058.02373147909;156.45383269171197
119865.04487961401;156.16238786478112
119912.66673453856;156.44803109679648
120378.02415897664;144.96019062355754
118472.00668569941;156.4473485562182
82494.81847948203;236.53159234646523
69835.26494500946;239.96712517855488
8685.596754523416;236.5177855790107
-68.76754671239178;239.967943357367
70407.87333697965;236.5374218705016
86923.53538537725;239.96763654031247
48303.55338295293;236.5286264482713
49627.09678039262;239.9672274509064
41502.60171032403;239.87579596865206
83019.98217611756;239.96712517855488
63336.97770813624;239.89359135781564
11291.78294997635;239.96702290620337
-1035.657717153501;239.8569778559733
12350.290463132686;239.9673297232579
59852.24663700331;239.8591255753551
6835.253636471145;239.96814790207003
-65209.75605768571;213.3619134022653
-65970.72173145572;213.21320740588035
-68608.52316003191;213.385847148429
-64840.12557186442;213.21443928987406
-68585.81306298306;219.14824850420186
-65495.4064971284;213.2149672401571
-67459.12020132202;219.08190275196858
-65609.60753202775;213.2156711738678
-67669.30688077945;213.30999829110132
-66540.78065190875;213.21584715729546
-67416.06564233356;219.1466646533528
-67671.37681150004;213.21461527330175
-68687.47623180333;213.35927365085016
-68298.97980598573;213.21408732301873
-65590.26846500958;213.35117841317714
-67102.50070860164;213.21373535616337
-46808.94485132479;224.26880231184342
-47112.27190501781;226.16391141763827
-59993.95729113418;224.26349372478424
-47368.41475035859;226.1640808406295
-51585.25555562046;224.2566038564734
-58518.162135780665;226.1646455839337
-65248.057668240435;226.10822772784735
-67309.09560954286;226.16526680156827
-55664.90530130352;226.1083406765082
-63299.62741745936;226.16662218549826
-59341.3084932535;224.25954052165505
-54320.35361624071;226.16820346674993
-51900.08128193714;226.11698124906195
-53646.29349692287;226.16972827367118
-59291.34874323347;226.10755003588235
-68551.34875885036;226.17159192657493
38380.03235230233;81.37003739202419
38422.169661335145;81.61474767786163
38114.471623508405;81.41008089334305
38589.73722615599;81.62364623371026
38490.87422684456;81.3019078238081
38557.71485948611;81.62559279280215
37890.886662898745;72.14668425491514
38589.600537745675;81.62503663306161
38635.30417166566;72.13611721984489
38557.71485948611;81.62559279280215
38694.60208930193;81.46096950960242
38166.537481617364;81.62475855319134
37907.512944080074;81.25101920754872
38270.47037832938;81.6333790291697
38654.93759787382;81.23961793286766
38540.355431376745;81.65145422073724
13677.253923476266;12.963976662599975
25335.63565698006;14.961795145421824
9340.89029662799;14.880239662283104
2363.0093900446664;14.956792455300619
-34676.95901089988;14.869536232256339
22617.773947194873;14.952836839855944
21742.74932585089;14.917410813299966
9755.499278284933;14.95173159436405
-11649.12984838977;12.980322661716936
-12123.63984439375;14.950393665610704
33962.55625264653;12.970026427397713
9024.941809189695;14.948415857888369
22185.54702014174;12.965140078907233
-12853.022783795917;14.947077929135023
-6342.6046950581;12.969851914951624
17304.20161570473;14.94620536690458
-10205.57478809604;63.89447145173608
-21114.68240518221;64.1254108314399
-14824.9479701436;63.892851960994825
-18761.86292028816;64.14241548422314
-20855.246036125453;58.60732002874157
-12801.216490333863;64.20217469257565
-20878.2502461896;58.6125023991136
-46565.00680614917;58.877936931606264
-36777.99343552524;63.90240695636826
-28897.773476884973;58.90498242698532
-17235.27798019802;63.9156867804466
-39334.65578182103;58.89656107513076
-33328.63993757356;63.952773118421476
-45834.62313661253;58.91858614921191
-26679.145217365105;63.921031099892765
-26847.203752000394;64.1812832620134
16438.38901997675;19.232901342453495
16691.368719833168;15.2207747391976
-40667.10913418988;19.21440418732775
-69455.85940778354;15.22990624615841
-52523.19802074948;15.350723107486065
18990.258072890836;15.233184223016137
-61066.78090449113;15.354118154945855
-69474.53576146423;15.229320893148103
-53570.771677201905;19.205389750969
-49808.33533571314;15.221008880401723
2572.0453372426455;15.341825741729378
5692.694252250025;15.203565360694531
-80376.43275997478;15.386663782319001
-6665.958333353199;18.98951156076726
-24590.164315797665;15.3851418644922
-63440.375672271504;19.047227367583666
-58813.86943406762;-38.253268276371415
-56935.56033592772;-38.27254235503999
-56027.23105790029;-38.24978661479689
-57651.1469851289;-38.27289218706422
-58655.170099085015;-38.79535798592538
-58452.01123856033;-38.27235910969396
-54761.36250970393;-38.7963408473268
-58942.08223724994;-38.27172608031677
-55125.507195096245;-38.25498411915695
-58125.38192424447;-38.27064326690842
-55999.539124848365;-38.79599101530257
-55944.66336760784;-38.2700602135347
-59495.58215904626;-38.25090274554088
-54964.9447942814;-38.269743698846106
-57780.71474528012;-38.24910360941624
-58527.71945919771;-38.269477160160974
-32896.714776126464;-96.57695790031597
-29737.094998934237;-100.48487596066248
-31102.631146946384;-96.61712793696042
-28287.25924359159;-100.48868412927403
-28454.389823978538;-96.58531130243163
-43008.261752964114;-100.49126385639798
-36986.27377564747;-100.623198472166
-38669.32865370934;-100.49359789522443
-25792.930792544234;-100.5660759429927
-43530.801827671276;-100.49470349256326
-41837.760236545866;-96.58961084763823
-40839.676383901155;-100.4951948691583
-39230.346946396625;-100.5993667073066
-26211.491560648625;-100.4958090899021
-30678.489568600602;-100.61361662856274
-37155.460444018085;-100.49531771330706
-2421.9525293228053;-180.94831953992573
6709.661331465942;-180.89664649084418
9389.936685254148;-179.31378014520536
11000.806070220944;-180.89689515806785
-5259.7616644634145;-179.32163802947377
-2031.7341208231373;-180.89734275907048
1600.976010842176;-179.3166646850001
4886.8602725839355;-180.8982876945205
3948.8896742321967;-179.3223342977001
-317.09996969607346;-180.89873529552312
1718.8905178424793;-179.309503068958
5640.569801329868;-180.89878502896784
9218.567601747041;-180.93041549982047
2963.438834395003;-180.89873529552312
9152.535477826872;-180.93832311753363
2206.2704801103955;-180.89798929385205
-86940.45671581259;-176.31657617149688
-87090.60733943926;-176.68665054409303
-86957.1105876339;-176.45422798292017
-87164.44836375488;-176.68809192431735
-87106.42333726578;-188.08040087234767
-86982.13419000538;-176.6848488188126
-87119.0274847789;-188.0858060481889
-87030.65430182233;-176.6790832979153
-87116.02735531365;-176.29819857363668
-87087.87298720893;-176.6747591572423
-86892.19337183275;-176.26901062409405
-87079.17891833819;-176.67331777701799
-87128.41527727974;-176.33243135396447
-87034.28058443422;-176.67547984735447
-86998.97725918035;-176.40558140034912
-87048.70913500054;-176.67547984735447
62375.15134867969;-199.21565744598692
67660.20810929251;-205.14645474243815
72219.05961385502;-199.29711935553425
81001.66276832446;-205.1479358680663
46518.11421528329;-199.25287072739377
61356.783823807105;-205.14849129017685
80028.09968084315;-205.30252835550266
53408.66331575022;-205.1483061494733
74429.4118584914;-199.22010082287133
96440.5251527356;-205.14534389821705
46765.4720467143;-199.25898037060983
86996.12312096583;-205.14053023992562
47398.3347248661;-199.20991808417793
47565.4179393044;-205.1357165816342
77570.38960477576;-205.3441850137939
84598.15229475348;-205.13090292334277
-71559.29195269822;-87.85833152016369
-65122.7397613381;-88.37378560444964
-70685.56361434284;-100.8486474226031
-61235.64645862501;-88.39441964015623
-66165.08234042872;-100.81531551876935
-57531.33909097997;-88.39441964015623
-62035.04570629606;-100.88793145212142
-57726.561410870694;-88.3817217720291
-72540.89869893395;-100.93435803246126
-67579.64880944433;-88.38529304743984
-71020.18913154813;-88.04760911693381
-72598.45313102024;-88.4154504842418
-63428.78846118999;-87.8551570531319
-66572.88007531158;-88.51108130357429
-59333.16879900843;-87.85991875367958
-71574.3313017861;-101.42957488941958
-90007.51086339724;102.2187269927199
-91971.38010660496;87.23075540330545
-95809.94579900795;87.72837055893287
-86484.79779210505;87.22807042944416
-92077.0951000864;87.77491010586205
-95447.05129815725;87.20927561241507
-97931.22440903768;87.74671788031841
-100008.30432986122;87.19137578667306
-100843.6854030446;102.28182387846043
-99459.0516131178;87.17705592607948
-86869.6624016255;102.43710486677222
-98265.68700455107;87.18421585637627
-85688.4459707938;87.58830442250176
-97023.7296850442;87.19540324746502
-94051.82016169565;87.68630596843919
-95121.11827424505;87.20524815162311
-109673.5807005953;94.22255824381814
-80330.0437996641;94.27927077679878
-59292.87289797805;94.27753073699046
-116474.24214488138;94.27933460065275
-111134.5098088993;94.27774236345363
-112276.80434333227;94.27945720963538
-68884.19008727817;94.27722673389653
-53056.590339437345;94.27959325521886
-96777.21077447632;94.27698487508147
-64367.07642240096;94.27985694851027
-93038.98162350603;94.27822104235842
-50363.815803390215;94.28223186770812
-107164.07310899686;94.22212155429096
-106812.11727249881;94.22527579633733
-50027.4793087486;94.27760463829505
-87790.88275974827;94.27996108216675
10909.268378341781;23.043073258379735
30410.987732155256;22.920515823928888
22353.479903032505;27.18113037443148
25871.85579131783;22.922259527264572
7683.299656766612;27.136665939371568
36952.4859910728;22.9225086277411
39953.662996252126;23.084174837006543
16785.288257849996;22.92512418274462
18768.674800403285;27.148000011053508
7660.168055343289;22.92425233107678
34691.52023143968;27.122965413162632
45015.33188206247;22.924750532029833
29855.23618001039;27.130313877220154
18333.32619925672;22.92786428798641
39912.737855272404;27.13579408770373
11832.159963333681;22.929607991322094
11289.759068050553;53.367393784059225
35550.13661777665;53.0551220795515
32581.300103762933;53.36783410725233
39733.12825069811;53.05525050714949
22838.841515949738;53.366513137673024
16275.424105116239;53.055342241148054
50657.277916806546;53.06792814575087
56960.17140172468;53.055195466750355
33134.81199620617;53.067964839350296
16815.95038131447;53.05500282535337
62297.25967842074;53.366980981065694
49161.497245585306;53.05473679675754
33334.465845973085;53.36783410725233
49170.42485675374;53.05478266375682
25850.692883775024;53.36461424390277
44473.68978113937;53.055131252951355
-39479.259111384454;60.55201610570192
-48933.54350723479;60.438246472236145
-35694.32911279832;63.78156460710712
11718.899822754218;60.43462073886988
8067.005216161648;60.536827222681076
-16486.06520726598;60.42874117124891
-23032.576035256985;60.5652451328491
-58669.97988830225;60.42344956039003
-28789.646075593868;63.75530253840012
5324.429442755863;60.40247910254191
15056.480041669682;63.7634359402758
-15703.934056534585;60.352600770557345
12655.995276247355;63.751970783414905
25798.72246330387;63.54001237067894
-53342.7164990215;60.56348126256281
-42591.70251308005;63.61184108844845
-18940.1716011083;-18.318287592635336
3752.8307295044365;-22.290213383276964
2594.592196834372;-18.309653247385388
-13998.737747593332;-22.29541938556002
-10941.49804115278;-18.24553053633798
-5541.868972653985;-22.299355631188675
-5146.603621128441;-22.476613660143492
3174.945382060743;-22.296689142214426
-19954.864236085945;-22.487406591705927
582.0704850607126;-22.28881665095712
-13531.905100370132;-22.456551505003908
-4170.1624717823;-22.274976303424115
-19015.029347182855;-22.433441933893754
-15132.297902436618;-22.265834055512403
-13827.634327994343;-22.438140033515047
2189.455494178117;-22.280309281372613
14236.157017775959;-48.86190885465299
18902.45831241643;-63.288743498487825
8043.39763421349;-48.79614966914045
13662.243839344128;-63.30792326092898
10096.531244963253;-48.85597226151644
7170.47495933945;-63.32025310821258
9040.98876363021;-48.87195539688407
21370.017137290495;-63.3229930742756
17247.679372822575;-63.860483083638535
20747.64883687821;-63.32436305730712
22533.18355789671;-48.77422994063626
11050.78060698037;-63.32162309124409
16629.20696161475;-48.88245860012566
8394.027662614779;-63.31659982012855
18959.435692031642;-63.79244059307347
21498.82497411291;-63.31659982012855
-36294.645621571435;-123.0953267590769
15155.799755661188;-121.88677650167831
-32621.66524390011;-123.09368646928876
-39978.263069551685;-121.88639503893688
-40268.655088985295;-121.84958388438888
-47348.689086604856;-121.88670020913003
1019.1333151017097;-121.8401999009497
5626.0484658965215;-121.88689094050073
13731.49604129632;-123.0996754343292
1184.0079048900225;-121.88757757343531
959.565721371735;-123.0939916394819
-32661.022404043128;-121.88830235264403
1676.5042601931855;-123.10009504334478
-25837.34180086863;-121.88849308401474
-24209.870043603318;-123.09952284923263
17224.70993074683;-121.88902713185274
9535.798197585473;-80.21398310507497
10940.928166134421;-74.03525553178346
10272.732342419584;-80.16793409768913
12082.18210483269;-74.05293679622275
7556.727973705383;-73.79121522259936
7971.7294059593;-74.07761284659408
8776.709543498531;-73.79879290735907
8466.942030195562;-80.5046553204726
12033.125691487136;-80.14384094614547
8139.173978124666;-80.42343808381737
8549.526919597854;-73.79179812142704
12927.317290392677;-80.40808841468875
11857.472082411123;-73.76479047574504
12611.022109184856;-80.39837343422761
11335.65426625963;-80.26799839643897
10303.887121056378;-80.39079574946791
44038.592410344725;85.00693344831954
21398.343235387594;86.13136544342419
13491.818426819711;85.00586851923693
16359.852251729539;86.13133216439034
16400.19166401815;85.00613475150759
-9241.900118074445;86.131798070864
-12037.126223243853;85.00333931266572
3713.9384433020896;86.13199774506698
9015.127550888421;86.10534123896781
35959.887183471794;86.1318979079655
9051.531410758631;86.09272848514561
-16837.516285588637;86.1323305354053
-2285.811218550436;86.09242897384112
28213.73613595376;86.13329562738642
11767.062579455414;86.09758722408503
38945.00369282906;86.13459350970585
88437.04673271938;46.63277127968547
87610.71878421411;46.626173258009665
67657.43851640943;46.79869762095496
62150.650313851875;46.62630471284765
76390.25067385109;46.7986521173572
40744.17261936552;46.62657267847893
53788.2610298781;46.797332513022035
67392.31980429529;46.62681030837836
26744.91352175016;46.79797967530135
69373.27691023219;46.62693670726104
49550.078253511536;46.79699881997177
105166.78079061299;46.62701254659065
95560.56353017852;46.79562865608354
67729.29312062726;46.62704288232249
26137.86600335799;46.796801637714786
43021.22024957942;46.62700749063534
-28752.615971617553;108.80072360985098
-2483.146077337369;108.87932550067828
-7748.642415682494;108.78825463520167
-15556.783493125353;108.8803514289722
-59739.55586241791;108.78162556007165
-67497.09090379135;108.881219522144
-35333.86924776762;108.79306860642703
321.1688970461546;108.88232436799899
-43302.46848835743;108.7823358181213
-61135.54188179633;108.88232436799899
-40058.74500566381;108.79606747374775
-17111.993382088047;108.88106168702186
-16623.2131312712;106.19462899058384
-5205.997676584753;108.87869416018971
-52641.13358350961;106.1855534710606
-42755.67644009515;108.87474828213612
-150.05765578267165;165.5020572896239
-47394.35819765312;165.24762709694423
-6102.7699329975585;165.46606362841368
-2719.5737466667924;165.24357781005807
-93252.19068215067;165.45369080737268
-29849.381139584977;165.24042836470218
-58748.407424247336;172.88143271886494
-56925.65694727641;165.23795380049398
-68333.23775909738;172.88098279809984
76343.90105398535;165.23795380049398
-94571.74425799013;165.24582741388372
-68558.07041704973;165.24042836470218
27929.93537491036;165.5070064180403
15730.087101733458;165.23997844393705
50196.39824997808;165.52207876367208
-21621.576490233114;165.2370539589637
-107648.66273409544;106.05397591139904
-129358.65362308353;109.32765563704997
-61634.45532567064;109.22325538926069
-132559.19252348377;109.32572943321622
-65240.528347612264;109.22749303769493
-93627.91685550989;109.3258257434079
-41520.75806216167;106.09635239574155
-25299.393200505892;109.32794456762502
-57292.85473034513;109.20794206878236
-32322.68757014191;109.33073756318397
-78024.79273796867;109.20418597130656
-36817.35741722569;109.33391579950965
-22925.825842072438;109.22710779692818
-77132.2200881055;109.33757558679379
-52933.36292377514;106.05185708718192
-14552.738979658936;109.33786451736884
-53321.06569603898;74.06165655619654
-33417.05995632396;73.85666379067962
-84733.10216914478;74.08341009058697
-47621.02795942516;73.85764367961613
-80274.54992440708;80.49737111337636
-67182.52110098623;73.85529194616852
-79469.79253046367;73.89801510380015
-53321.06569603898;73.8521563015717
-59121.20740116772;74.10300786931707
-49532.81747576878;73.85058847927328
-34532.92478182842;80.42799497667178
-79156.72227599056;73.84882467918759
-30793.747134359648;80.53793851534768
-87971.759974039;73.85019652369868
-41000.42627705657;80.53793851534768
-28369.660837969124;73.8548999905939
107900.56735435041;84.34411758770712
63923.96887040506;84.60972805490616
107253.54515070422;84.39289481856619
97880.3337594798;84.6259188164098
72636.6271753975;77.61613887072403
69718.87685781426;84.63534634842458
78572.99438983962;77.61962295864254
85541.39892150449;84.64047000712826
96710.52745592936;84.40642127754393
120000.86662672239;84.63083752876534
107841.5235030671;77.70262622964223
110531.70897716262;84.62960785067645
124213.8914318331;84.35805393938114
44494.85155749306;84.63411667033569
113743.4484709273;84.31706466975166
120384.65166006386;84.65420141245414
15472.031083697966;-1.2917640200903153
-11084.892416949122;-1.053665915872739
21104.97617252471;-5.704981619777593
15191.303760232046;-1.0969564802759346
8954.17174690571;-5.724879146273472
4817.44987680536;-1.1110729686682812
-3698.143436279257;-5.7115693143606885
19690.65648580317;-1.1227694876219396
9250.33017060443;-1.2962006307279101
-7008.114436214644;-1.126130556286784
13105.73121338375;-1.2970072872074727
-2057.1052769065936;-1.1206184036764393
9646.197241961234;-1.2744209057797184
-12336.59204737116;-1.112417396134219
14948.560683493015;-1.3091071344009126
-7633.667499498111;-1.094939839077028
-23817.21304614758;-2.039661216221778
-16144.494431899437;-0.4689776202318786
-33422.44197044194;-2.037882154295558
-2271.2838536997497;-0.4755008472946852
-23775.781841262593;-2.0208670235653
-8876.439503719712;-0.47759922802817534
-20271.15594859433;-2.0345521153054538
-1613.4925323066288;-0.4773711431658395
-35075.149759826556;-0.5389540559965308
-22027.72552556733;-0.4751815284874149
-10518.93137957104;-0.5244934757244352
-14181.903932005209;-0.45857695050936187
-30031.89377889535;-0.5391821408588667
-7185.138263209359;-1.9691373767875193
-13698.918242181615;-0.54333328535338
-2153.8008480669832;-1.9758430717401945
55036.27411969598;-59.13767568881807
37773.55555322428;-59.05653680229833
38865.992662742334;-59.14533500043889
47489.92931174085;-59.05429505255565
43222.933418208966;-59.14371595895807
49540.031779722645;-59.051306052898745
48254.897263729516;-59.113639149910455
37871.94184233089;-59.04981155307029
52951.53269193997;-57.10596544286295
51968.251968265045;-59.053859156772354
42172.12127715909;-57.1070240469081
38349.31910308485;-59.05902763534575
48267.41386263953;-57.089712757228526
36675.29676979459;-59.06164301004554
48133.22427897637;-59.12603104432138
50991.957253284076;-59.06369794730967
4984.307342587974;-88.70629452889239
8980.272823445386;-89.08269423407006
3813.1289761255393;-88.70657689926385
13673.03957865193;-89.11460208604686
10607.037273521888;-88.7534503809289
15180.155158284331;-89.15187497508171
11112.860543123705;-98.01548093571728
11788.569869157367;-89.16994667885618
21776.949611423413;-98.01435145423137
11696.915766477432;-89.13973304910823
5605.1776030014225;-98.00277426900085
25460.370767242555;-89.11488445641834
18730.121804761977;-88.77660475138994
21001.532893353004;-89.10048356747305
15579.751706370072;-88.72295438080947
7685.994176814507;-89.09116534521434
21469.338872403063;-53.151874185412474
42631.19376055631;-53.16004582448544
38177.75903732342;-53.73517530991189
11652.906070375917;-53.16017407891035
15670.785089908008;-53.73574329379364
13462.245012876185;-53.15995421418193
43719.73345664321;-53.13769291042936
42669.64570871609;-53.159587772967896
41824.40197553107;-53.13300246288972
28279.52845466547;-53.16033897745666
42199.83281483657;-53.135677483752175
7477.024500223641;-53.16158487758438
8873.179781588799;-53.73548678494382
24514.733166657763;-53.16306896450122
31739.50466271563;-53.73829006023118
17308.13895518452;-53.16358198220087
58901.43953481566;-22.67807955317972
30014.284317974496;-26.19336423988283
40763.44125234611;-26.354480063842125
54409.45992800493;-26.192029025872117
57193.4855193845;-26.339570174055837
57373.47293899326;-26.177119136085828
43467.655908425164;-22.704116226388614
64559.209217257456;-26.1094682928764
48196.31621992019;-22.695103531816304
36405.76418493764;-22.510732730503765
59602.124504729894;-22.69944297735112
60153.09516842522;-22.52041303208143
30980.822265475985;-26.333450443173405
49747.40046596757;-22.533653904354328
64463.986515140285;-26.334674389349892
34156.19664994984;-22.541108849247472
27066.637484573846;69.81202174474349
-1759.4908489474474;57.068933425585726
-9756.282346103268;69.83904446317719
29760.59514559594;57.080943522667376
25150.567694733123;69.83303941463636
31713.996607825946;57.09145235761381
12283.295218417155;69.8176514777505
24737.31476316802;57.09520551295182
-12514.485210772036;57.480654566165825
16930.654341669255;57.09070172654621
16440.13353004261;57.502047551592504
34519.08110758824;57.07831631393076
10704.078658507653;69.79588317679003
-10377.898100306236;57.0599258527745
22984.462517726963;69.81014516707448
6203.441689529718;57.04078476055063
36244.66756253195;18.854226955936888
57974.44167298893;19.44750087215433
64503.98026322691;30.948276423904446
49244.68661824158;19.34639515301806
63691.62973072661;18.845199659585436
63029.937679773095;19.30342522238515
68413.26654240309;30.645681450203767
73823.7139317115;19.270565863665865
52780.33986318171;30.71717763730727
39342.80857706019;19.251789087254842
46310.46203163625;18.804035188222812
45366.134669300955;19.23373449455194
52614.61553348023;30.595850774343752
66860.27891461874;19.227957024887008
63425.86816927807;30.5868234779923
39371.13237159099;19.221457371513964
-15730.449559222121;-94.69960126563373
-15200.861321866321;-93.20776387537519
-19312.90224480327;-93.16877519798064
-9318.054338444546;-93.20814240622369
-10229.012721569146;-93.1563309963365
-18719.31614767716;-93.20875751885248
-19561.042645325328;-94.70556312649747
-19807.041853513063;-93.21055554038281
-19603.39067149304;-94.7115249873612
-23007.410662547303;-93.2127794091177
-16629.51242937826;-93.14473848910147
-20552.17678585734;-93.21434084886772
-21129.822895605717;-93.14620529613937
-16121.336115365688;-93.21916711718598
-16232.916027009835;-93.16073141745021
-18278.468437066065;-93.22744747949672
28666.296998802627;-7.9805477269783545
31031.3564379511;-10.54095491945469
26116.678954519313;-7.999580583264751
28270.855448185772;-10.54908861872238
25534.661239835907;-7.972820712674048
29318.7371276265;-10.552260761436779
26028.86710387213;-10.664587148323587
26538.73306818789;-10.552667446400164
26767.774044055375;-10.66767795404531
28265.571365269363;-10.551122043539301
25299.375438703573;-10.633597754113685
29780.75812299007;-10.548681933758996
29339.29701388306;-7.9985232023599515
30273.81109620817;-10.548356585788287
27765.120675968294;-10.656453449055896
28017.891987842188;-10.551691402488041
-105432.78863774434;-60.73139357455508
-70826.57600026799;-67.84478914230188
-79888.83422154913;-60.78027210427105
-94352.5502750719;-67.85734509488947
-100332.58490404313;-60.799330246591495
-78927.35501919805;-67.86496835181765
-107954.03205123008;-60.798657606274304
-63890.69308667543;-67.87147054155051
-105333.54371275788;-60.693501503353254
-78026.40818244156;-67.87595481033179
-84242.94135606136;-68.10218617034744
-100646.50856747547;-67.8770758775271
-76779.15990530679;-60.69753734525641
-97600.8859404088;-67.8739368893802
-94186.43820204493;-68.10128931659118
-64143.38051979698;-67.87012526091613
-20429.137408158356;-149.96953789197622
-26402.075817037723;-142.88457971406922
-49064.89326133429;-150.08474772494608
3998.4118387616545;-142.88413316432903
-56811.81905921449;-142.66978928903623
-32999.2521071481;-142.88346333971873
-26430.87097465628;-149.99141882924567
-26882.33791017592;-142.88324006484862
1682.4584474399744;-142.67648753513913
-10035.113906342987;-142.88301678997854
-5817.651713709674;-142.6655470665044
-16806.089540651134;-142.8836866145888
-56271.90985386641;-142.64411267897512
-45221.768117742315;-142.8850262638094
-41302.54148615843;-142.62044554274487
-50019.247056692424;-142.8854728135496
51077.70701944792;-136.64643389763864
51316.992881557664;-141.45786854013457
51303.51304857021;-136.68435966139415
50560.87967982269;-141.4593795267384
50580.02631410794;-136.66290365162013
51114.211762691884;-141.46028611870068
51028.81438499481;-141.62392596789275
51546.77131956313;-141.46043721736106
51698.250001430555;-141.6367693540251
51020.775434316536;-141.4584729347761
50752.873166982026;-141.59718150500538
51063.26703075884;-141.45590425754963
51248.67121408353;-136.68148878684693
51350.69246402631;-141.45439327094584
51314.01828154088;-136.69372777833775
51486.82748125019;-141.45439327094584
5193.017893562406;-138.27160659526
24729.06646111775;-138.27243276320098
5771.814211957244;-138.2717001378258
19609.395558090553;-138.27246344516257
6566.404533453053;-138.27161407866527
20138.007224601446;-138.27250235886993
49378.09464478243;-138.27154523133686
37167.3324305537;-138.27253753087467
20433.260259851995;-138.29665504935446
589.4124940751135;-138.27260039147887
45536.45954306638;-138.27164850232947
20125.46106163046;-138.2726355634836
3454.95611664842;-138.2716380255621
28728.783216268224;-138.27262209335413
33659.425263865895;-138.29604739684714
46800.27635967708;-138.2726131132678
80044.8972673059;-51.4378664280587
45980.65069300859;-51.229127502231854
62551.95419714146;-51.454869986795565
97739.53653429184;-51.21795373506191
76079.6060645166;-51.458432637197575
39730.869927609136;-51.17633550082025
120758.1149965452;-51.45082152042964
110281.11810609521;-45.86928191106269
111408.65587304872;-51.382321469518274
56670.549124547935;-45.885313837871735
103996.32063985869;-46.154132004568844
43871.24463458375;-45.851954475016555
74523.46387931741;-46.1504074155122
42064.38287139118;-51.19916885112404
78193.21412704187;-51.42555909030631
68492.18732714125;-51.225888729139115
15161.098793779758;-66.05409762465484
45846.26465067275;-65.99619522953898
11478.839749214148;-66.04458914310396
47683.969270841284;-65.99482335906646
-4255.160563719786;-64.51088526070883
54577.80795512635;-65.99255267690505
-5079.094158065851;-66.05177963661508
8024.581331112477;-65.99193770048635
708.9904150421926;-66.06336957681393
38828.150946812915;-65.99207961812142
55860.67843278394;-66.05211077776362
51628.47796301348;-65.98980893596003
28184.533719138162;-66.04558256654957
39127.58524594581;-65.98909934778459
31419.598401926865;-66.03564833209342
42087.679216132085;-65.9916065593378
59827.51840039617;-53.98821749623019
50734.275895074505;-62.716899441483804
45898.7924532137;-53.741679029214126
65478.08045322848;-62.72410979035041
85327.43719880853;-63.005590717258514
48924.53687839995;-62.72161390035812
82661.55241655334;-63.04580227824538
53162.80644475816;-62.714403551491515
72128.1752860395;-63.07159314149903
55614.306758884224;-62.70774784484541
58589.93533437796;-63.06077761819911
44945.199202119795;-62.69360446822244
55477.88027916568;-53.87562512546695
88783.34266718899;-62.692495183781425
87312.58168940694;-53.97435144071748
85681.72841399598;-62.702478743750575
34670.61868001605;-90.47121504824581
33996.82042420251;-90.22802870631651
35821.52965871604;-90.43237479816413
41855.65285338527;-90.22860841154161
49133.87646047758;-81.07680202289362
33295.96717150162;-90.22513018019102
44699.43363732233;-81.05216455082689
42112.03115722254;-90.22049253839022
39278.98648316141;-81.05535292956493
43068.40382497062;-90.21527519136431
39969.962514776445;-81.02288943695936
39476.96034927361;-90.20628976037527
55487.506285054566;-90.49353369941214
37853.660536032585;-90.18744934055954
37156.24283849199;-80.9411510002203
32976.460541593864;-90.1529568796661
-7224.0430121286045;24.937521814867054
-6419.994099973392;8.89674088492306
-11515.468925421821;25.012478735100437
-7080.476413737168;8.931155068426438
-11292.522911517663;24.87906484562844
-10735.727585481032;8.950012155277603
-11226.056893743847;24.799865080853547
-14395.156621199254;8.966512106272372
-17136.974805823003;24.981364541796015
-10979.942725072815;8.972169232327722
-17584.386056894728;9.282368311029396
-16468.516569926367;8.974526368184119
5583.76870997724;9.408710792932206
-1947.4008125195505;8.96792638778621
5987.882098042023;9.397867967992786
-7196.317187571527;8.945769310736091
115669.80622534677;67.78000635548798
115562.31750157838;74.14012834800008
110935.7051021464;67.74768733346698
111068.36939258152;74.13713930550102
119392.94415839965;67.79140208001562
116031.02087752159;74.12817217800387
117194.56989346656;73.89988405713885
117021.62469636467;74.12275453847434
107790.07277663122;73.87597171714644
119906.74463637196;74.12256772331816
119764.22903724117;73.88363113855026
110972.92115721897;74.12387542941148
111622.88861316264;73.90941163010457
110898.92688301588;74.12686447191054
119998.69018419828;67.79233615579656
115747.74102302812;74.12705128706672
-28513.484689602916;107.70511750438287
-3989.5512761028585;107.20114904386165
-29004.695865767197;124.31087827855669
14693.708898005236;107.21324428691416
27520.13757034755;124.29071954013583
-25980.946366878736;107.2258434984272
4595.87213185618;107.73989132815882
-27889.77576197327;107.23441096225605
-10909.59644206633;107.45615708488539
-14400.858332304128;107.23894667840075
4140.209132914308;124.15867980347927
-5241.278001328508;107.24096255224283
16909.545278202444;107.67538336521211
-10097.374453408724;107.24650620530856
-2951.113614211703;124.01252894992813
26040.040736905183;107.24953001607169
-96030.50902632604;273.16491361836853
-105144.73604612681;272.9761877192363
-83088.12540079387;273.2857334696821
-86368.28042170858;272.97677565038623
-73068.81968853953;273.24222656458625
-77829.24359898106;272.97559978808636
-95098.84591299936;282.8851793204024
-74818.55793509858;272.9747178913614
-77655.84067192221;282.9092844975501
-89033.9728056238;272.97383599463654
-97525.27850905637;273.2486938072356
-78502.31280017816;272.9729540979116
-88463.01194823488;282.83314741363233
-107567.54349388296;272.97177823561174
-74345.47608183348;282.9139879467497
-89514.90914687414;272.9708963388868
16525.226010250768;254.68023880856603
23655.244730770904;254.94852346528035
21560.594249179918;254.67321057455996
10842.973636240804;254.9531281703188
12447.965563693635;246.77808025678047
11361.218659641258;254.95652111087344
28757.929494091928;246.74124261647282
24619.80753233118;254.95845993404754
7487.752074599248;246.80231554645655
3515.15499130893;254.95724816956374
21740.87343436638;254.7107752735579
21662.030107852606;254.95724816956374
26879.06074822284;254.70059645189394
2630.8187325170516;254.9574905224605
20181.06657123138;254.71392586121578
18626.331501030014;254.957975228254
-34077.49813834112;179.54957545035364
-65139.08810958935;179.57982761812525
-51747.104874682176;178.3829561399359
-61835.800763695894;179.57964903389993
-74743.69926309721;178.36859796821906
-17429.505472260822;179.57954188336473
-33710.58040888127;179.5448965436499
-58534.568979312025;179.5794704496746
-37615.11949632657;179.54886111345232
-63154.443472090825;179.579684750745
-33973.69228210738;178.3681336492332
-31292.21229286158;179.58018478657593
-74621.39335327726;179.55518299502916
-11644.127603550733;179.5804348044914
-43078.80198878755;179.5368245366648
-32448.465641999763;179.58068482240685
11617.092158268992;122.05717416385468
-61452.4287063776;130.29465769286574
5013.470959730825;122.3463739815472
-25961.73395441679;130.2907920311422
49507.50465931806;130.0605435547337
69805.85018511383;130.2898256157113
-64264.24458201087;130.0255109953641
-49489.01906929992;130.29344967357713
-9741.652205343795;130.04677213484356
-48694.97633766441;130.29973137387788
88923.18278727455;122.08809945764303
-1064.976406807924;130.3103619436176
-59736.19077692495;122.09438115794377
53037.97946295053;130.31930128635332
66177.3764367542;130.04097364225825
-15169.28606715599;130.33331431010114
115564.25129369869;11.844393975967478
127379.15977512627;12.223394866865302
111538.9198066557;24.515091814432946
132198.49980043757;12.181984779930577
53244.56373886074;24.5825310988695
104696.93133859904;12.177646580346938
111677.14179590938;11.558861567008034
49557.108225548945;12.184745452392892
97266.73151627398;11.625512087883926
101399.56899495871;12.286890333498548
72420.56104798654;24.54506482973808
114129.81420522172;25.153595916788387
89618.44811090425;11.582130092047546
114062.23901047547;25.161483552395
61825.07767175244;11.554917749204726
59848.50322542497;25.18356893209352
-38693.72546106196;-1.1004305845446831
-6005.934440430014;-9.853257441872131
2059.255442219168;-1.0503568842838371
-22652.38262587216;-9.886266920256377
-44386.03793450728;-1.0151094751616778
-49318.51097527858;-9.899974246026105
-32553.635028429897;-1.0593086072354971
-8230.993256929367;-9.909205710320004
-27221.792456492047;-0.982939220804151
-39908.25834263989;-9.913681571795834
-40919.64871377596;-1.0721767089785077
-50201.10035043236;-9.914520795822552
-49864.83466293498;-10.16153240101991
-27717.978843698977;-9.912003123742398
-840.9280579188853;-10.215242738729868
-14399.610084644752;-9.907247520924328
-84446.17646112133;-84.0523760553995
-82509.40860683958;-84.23801009844979
-81973.37290650178;-84.08384981084671
-81899.17453094482;-84.23755174278794
-83179.57213991496;-89.05273075577003
-80728.64759347247;-84.23266261572819
-78883.04227326177;-89.03714666326704
-80220.35701219978;-84.22502335469731
-76344.44315057356;-89.05746709760916
-79900.41615349475;-84.21982865719632
-78309.9073851455;-84.03556968113158
-81912.49218809606;-84.21723130844582
-75451.84303436479;-84.06597394003445
-77862.97315289106;-84.21677295278396
-80503.83285727637;-89.05242518532879
-82623.55995385029;-84.21738409366642
28527.80067169332;-168.31108771355096
37309.61392038031;-168.29053711152642
34563.797877044264;-168.31555072308154
47891.14710469947;-168.2904955951587
34752.668146585886;-168.305773618482
52447.15164364228;-168.2903918042394
29063.878180392287;-167.62891151725557
47540.45034555059;-168.29028801332007
44136.85978381093;-167.6322743430414
51531.5888358643;-168.29030877150393
49594.905240564534;-167.63491063239204
36116.63427327561;-168.29041256242323
39983.89480388997;-167.62177070200664
30441.802387048134;-168.29055786971028
35213.28478546799;-167.61957033451714
53912.750040085346;-168.2906616606296
-35467.1292898772;-160.60476752931476
-44637.66221756073;-152.19441528581092
-36732.84551458975;-151.9559260735154
-44923.597214089255;-152.1978260226204
-42263.94788130016;-160.50323251813944
-42192.65324261547;-152.20044966632003
-45395.427780450795;-160.51425182167785
-44687.02004434244;-152.2014991237999
-42447.0067944216;-151.9546142516656
-40498.41274400502;-152.20123675942992
-42239.93085447535;-151.91053703751194
-38010.286587043556;-152.2041227674995
-45501.70785191179;-160.54599791044325
-38435.595983334984;-152.21146896985843
-39149.67703286653;-151.92155634105035
-44022.48593204005;-152.221438815917
-22839.37614033126;-61.30723483345567
41485.15150842501;-54.7598260843485
44681.48824077721;-61.35746699010798
-47132.7346820925;-54.756297379129116
3081.135684816283;-54.48936120782798
448.50561820724397;-54.75650495002438
-49645.42716024554;-54.53357380851783
-72691.43478206446;-54.7583730880817
-15141.381921264154;-61.37116666919498
-14829.544191278575;-54.76044879703427
-73546.9895797172;-54.50347602870549
-30239.52534806599;-54.758165517186434
-50343.0641330979;-61.38050735948156
-50734.860255387466;-54.75754280450066
-67492.1403224972;-61.28585503124415
-8326.927937156186;-54.75525952465283
-26978.932538805;-62.840921240097096
-48033.72165641117;-62.60497238776665
-26682.59124301174;-62.840308250017216
-61725.7293160802;-62.60492753483398
-56080.68757972364;-62.84127258806971
-34658.851172941955;-62.60478550054718
-69899.5501098726;-62.84108570085023
-33324.79544486212;-62.6047780250584
-29319.508878561603;-62.59566540423685
-82439.46599501904;-62.60480045152474
-58942.200723664195;-62.59518697295499
-51041.84575721787;-62.604830353479855
-55380.906204043415;-62.84015126475286
-59653.41983356802;-62.605106946564675
-77673.050205839;-62.839680308959785
-23562.16938800971;-62.605391015138274
-22920.59964066839;-35.55951318011189
7760.076964432346;-35.90917648254659
-18777.318998594717;-35.60816014017116
-25044.99820417646;-43.01226994761885
-71607.66440119882;-35.60816014017116
-67784.45043011726;-42.89479497420063
-8551.012999588598;-42.5472559931659
11444.360897006349;-42.89373281350064
-101924.3091332481;-42.52877439698618
-54373.30519393142;-42.953638676979736
-47629.043198026266;-35.58266828337155
-21663.194861770826;-35.912575396786536
-4170.320266394401;-42.73908221558299
-37705.21778918851;-35.891119750646865
1232.123762659221;-42.53960843612602
-19654.864431699458;-35.88942029352689
-14486.499119552922;-29.976962432188426
-37569.75631965611;-25.279194661323597
-33727.56052592333;-29.90352032076695
-38575.84673628384;-25.288263424069974
-64455.09939655012;-25.068680431014265
-38501.476265287274;-25.28231669440022
-22928.801012567783;-25.026755986842492
-15654.700450487771;-25.304170925936567
-51817.13306675137;-25.039244119148975
-64767.62249938963;-30.206803533924464
-36739.982412919126;-30.018292203393226
-25393.05403469001;-25.400210610103116
-51632.460324164385;-29.919279154391802
-39411.470005908195;-25.292574803080548
-24175.550930847323;-25.115659595405333
-36667.283188461806;-25.264476505390952
1874.7950501034065;-41.39351794221059
-23491.35977501898;-50.67131592501442
5064.423231464298;-51.00539030658972
-15082.384125481381;-50.67979200293715
-7233.230669295946;-50.880295087592145
-4179.434562578561;-50.68563757391835
-3133.042473271267;-41.49026214194937
-1536.045367105482;-50.69206770199766
-7894.44180407844;-41.494354041636214
-8398.475823916306;-50.69966694427322
6017.188212178033;-50.99925245705947
-8605.619737747653;-50.70668162945065
-20699.52552654264;-51.063553737852615
-15307.477277747763;-50.70580479380347
-15599.5162382313;-51.02029651259177
-18073.600454952295;-50.6976209944298
5341.137872075473;-104.80057202129997
12253.059565096934;-104.21896287354215
3097.3592427928634;-104.79994868530754
-23995.026178384025;-104.2184128711959
-26478.080999521717;-104.79663033781844
-13596.89551648524;-104.21811953661123
-13444.300511113504;-104.7970520062839
23824.997960624452;-104.21795453590735
12836.351715807825;-104.80467870548537
188.12192144535948;-104.2179362024958
-508.03635749906243;-104.1975861156842
23108.07231408506;-104.21822953708048
-7220.410735803645;-104.2017294666927
-25418.94525217826;-104.21905454059987
-7927.404163058487;-104.8021120278695
961.0291675885819;-104.22013621188084
-333.9755022798272;-43.97657347992974
-9458.34199965619;-29.81254727176763
-3525.602257213335;-28.92975418962099
-4962.711921155669;-44.66908577338571
-15846.714984153026;-29.042276002164034
-16890.356455117762;-44.589039768527854
25082.75332773947;-29.006140948542487
-12487.60827347255;-44.53735291967678
10633.401861831739;-28.902309845098298
-16613.904825107482;-44.51402522683249
15376.960783119255;-43.93357734017752
20040.07081736675;-44.50441970624955
3654.8265878685124;-44.030547357491045
21217.549982225355;-44.49527159140865
9133.395795294477;-29.02489458396633
12525.41341430951;-44.49847343160297
50520.34336196192;77.02867756221104
41558.99722865707;80.0889219581566
40560.99870820872;77.00505506761321
33496.90968392838;80.08846941994592
35335.592257096505;79.9978712701665
34036.91111925203;80.08602571360821
68468.1390010815;79.98972558237415
60198.530243604466;80.0843060684076
58071.99566565637;80.03968580083392
35994.9741750227;80.0843060684076
41264.45099120781;77.02514776416768
47647.95969410916;80.08340099198624
61546.30242102382;77.01410583182694
66640.05562963977;80.08349149962837
64874.451763111516;80.00058649943063
47641.823314162306;80.08385353019692
-40727.19765089138;95.66602675056976
-21996.25085898875;95.74980975875275
-52913.55609039773;95.63197137211722
-23515.57853056238;95.75218177516237
-63590.71570947428;95.65924956082796
-42924.48309235831;95.7588742500324
-25368.483033139288;92.86137149079796
-22965.919541824187;95.76327942336458
-31155.433319977514;95.66204515159644
-44208.14616065229;95.76217813003153
-33557.996811292614;95.63485167775748
-35537.17432479586;95.76090740695494
-60249.54534549814;95.65382780903451
-30360.656133558772;95.76166984080089
-36013.90558529852;92.8618797800286
-23415.64053260998;95.76014497310899
-65811.56439131309;61.32697700663242
-93041.9575208575;61.097432192504016
-73113.438114185;61.33078056610431
-89155.90380875766;61.09667148060964
-84712.5360802694;67.54389496343225
-65953.92177593405;61.09039560748103
-106406.1356122156;61.34409302425591
-60619.305953302865;61.081267064748495
-87097.02227267048;61.3579760163283
-89164.23323019825;61.06871531849127
-75109.4703794023;61.29331550530622
-97926.78458569694;61.054261792498096
-84678.46117437609;67.58002877841518
-63912.45630285901;61.06472158104579
-91921.27172703292;67.53666820043567
-104440.39215223682;61.08316884448444
-98526.58014732812;82.75641781864603
-97615.37201109348;75.85469208057047
-110199.59727965636;76.1110424749924
-105458.6205385754;75.85469208057047
-98705.39249664298;76.12914976475713
-37378.880392239145;75.84797814166895
-99821.13256668294;76.10493889417283
-72396.70704710533;75.83902622313357
-56283.99973487045;82.74929697435653
-74711.46965124973;75.83210883153806
-64500.79460852382;82.73281730614369
-58971.08394306772;75.83617788541778
-99224.68315492722;76.10473544147885
-78674.73514702292;75.84390908778923
-112709.09388065737;82.6915164092646
-39364.18736648152;75.85102993207873
-7006.231580991714;127.57001621303266
-7610.9763671994215;112.71045605253794
-7413.160314609473;127.52136101604698
-7331.301443410755;112.71440106850976
-7259.9992923297095;113.06287747935322
-7577.263643032922;112.71703107915764
-7209.841845215842;127.53012771820656
-7590.509044088755;112.71878441958955
-7638.78024604833;127.57746790986832
-7351.070543177015;112.71922275469753
-7287.813592422564;127.4069555528644
-7446.435346530225;112.7196610898055
-7368.911712813197;113.17596793721185
-7555.26439706214;112.71746941426561
-7350.22642241736;113.09925929331548
-7096.729663421969;112.71220939296985
-34883.12373148504;137.0515247996567
-46618.32087330741;137.2477268749049
-41436.58033312145;137.0111531996802
-46099.23520189067;137.25299273577144
-34975.894207884936;137.01056810402835
-44892.68276316373;137.25845362852186
-53846.91059510259;130.674177226554
-53505.858439089105;137.2633294256205
-50305.54512605694;137.1176406083139
-33173.572987191044;137.2656698082278
-22770.40973772321;130.64648269903387
-23172.59388396552;137.26313439373655
-38104.350620121804;130.6080614178968
-41942.25986633012;137.2590387241737
-23284.669199385047;130.63712116860455
-26949.90738547333;137.2537728633072
60401.33659853569;89.64932879428932
66459.13275831772;100.04430448871058
61015.838986191804;89.65696766531697
58606.86171628229;100.06752665663463
57522.82194482301;89.67285651705447
57353.51845380356;100.08372106321323
67739.65695901889;99.76074959616435
67433.9158173143;100.12222097319257
62203.450568001914;99.80658282233023
60822.55231438785;90.2271329988205
62994.18492112634;89.66705097507345
58313.37864475644;90.11132771404138
60093.10831215714;99.6589998340761
64096.70062444924;90.07496668794977
66528.59515599727;99.65105540820734
64020.309752320834;90.0450223135214
-17935.16977797009;-93.0888540847885
-32191.402219574833;-92.85051691647462
-32578.308686393346;-84.96690299266695
-28552.504537124812;-92.85576333212933
-27888.83286046532;-84.9326763762529
-16903.419199787393;-92.86026025983337
-6439.529097789411;-93.15855646420104
-30972.788055836234;-92.86350804095295
-26400.984513003863;-93.11358718716069
-28856.569716643982;-92.86500701685429
-33631.710964665646;-84.97889479987771
-7611.54503742213;-92.86675582207253
-10755.277752605638;-84.93192688830223
-30218.273376626898;-92.86975377387522
-7516.936521813224;-93.13931960680046
-29993.283971348006;-92.87250189636102
24258.892482993084;-180.94075173330754
36991.61241911701;-180.86618996300987
6895.461965383665;-180.97055751711943
20757.865201934183;-180.86609534147397
38826.85230717845;-180.96705652029073
33651.11908075031;-180.86543299072258
6088.828450868537;-180.93620989958382
-4079.3122032343185;-180.86533836918667
55367.79410605623;-177.8611992255563
41435.033400794935;-180.86609534147397
10134.878376870092;-177.86914743457282
27901.62565173707;-180.86704155683307
15219.444179053287;-177.8680119761419
28059.186743638675;-180.8682716367999
44669.4950609637;-177.847762967457
37924.09661710071;-180.86931247369492
-3928.466439444841;-221.952896623422
-30238.53434089318;-217.30517572350624
996.2094620314019;-221.98861440263386
-30941.685121433864;-217.3066455909635
10445.507777421597;-217.2227161591529
10170.361819818718;-217.30826244516652
20128.025047351373;-217.23080043016793
18035.168811108546;-217.3107612198439
-9725.748092175912;-217.20096212078516
9200.799873980017;-217.31428890174138
10125.814379063966;-217.14451921042567
5093.7005322380355;-217.31899247760467
7118.425388503012;-217.1289386153785
19414.39251604487;-217.32692976187397
958.6498551205295;-217.13908070083372
9887.354549141477;-217.33266224495736
97547.89760306911;-66.5845037485299
24714.99004038576;-66.56885543338008
105879.88005880058;-66.69832779885532
19021.307035130383;-66.57124753251126
97848.58614338073;-66.64281116485246
36160.55383289233;-66.57204489888832
29865.493747013716;-63.4362022795028
36124.98852167267;-66.57304160685965
39375.98128816006;-63.41596910768489
112433.5969535494;-66.57423765642524
55137.880578688164;-66.64380787282379
59450.982866598824;-66.57453666881663
62014.91848452473;-66.67161602522378
80209.8083834882;-66.57304160685965
68998.65232402025;-66.69872648204385
98876.7469586398;-66.57214456968546
-13587.57980995552;-92.13639185464783
8810.850838102644;-89.58126826723905
50953.20826924645;-89.48926429470293
3408.2990666998703;-89.5793159282993
8936.59856596385;-89.47470310011057
-10364.144151854858;-89.57874649610854
-7059.43252330732;-89.48763734558648
33491.14269417878;-89.58045479268083
36959.93977249643;-92.15851836263175
2942.112368287595;-89.58183769942981
513.0343081394294;-92.13972710033657
-11348.656850475516;-89.58256982653222
17841.684610964105;-92.14948879503537
65006.28361217436;-89.58256982653222
62038.943936425174;-89.49162337092181
12796.440407752321;-89.58265117398805
-57454.717319802505;-58.91272622413273
-57375.02938825171;-59.27899460369504
-57466.55073809492;-58.93821462911271
-57736.72316815031;-59.300914631977825
-57281.783329669524;-67.37334737318729
-57243.93555456423;-59.31467837066702
-57413.54788342216;-67.24819930473558
-56977.51596296865;-59.293777878583434
-57768.710127448154;-67.23902347894278
-57077.21370979663;-59.275681111047646
-57588.589850902776;-67.44751863167903
-57272.025949674025;-59.25987829996006
-57561.09032823134;-59.049089190775625
-57477.0906248331;-59.25605503921306
-57857.32502367569;-67.30733240428914
-57744.196906019206;-59.27185785030065
-72373.88322044665;5.068454848067216
-74441.2232815218;-13.921997030686427
-33801.57177405049;-13.343089394425766
-71477.35172284138;-13.887775889626683
-68757.90394394513;-13.1919460214119
-71518.39999120208;-13.876368842606768
-61973.74468214972;5.346786795353129
-47027.51042290548;-13.864391443235858
-45921.073007546656;5.537854832936695
-58145.99365751461;-13.859828624427893
-66461.99966131608;5.585764430420337
-77642.98821365627;-13.851273339162956
-32757.639676422732;5.530440252373751
-59068.64678044031;-13.83872558744105
-71277.707872178;-13.156013823299169
-55172.79294693403;-13.828459245123128
7529.5045913666945;91.0530026090932
-13237.466656680597;91.14618239654672
-14871.167220986914;88.13245138727785
16460.18661317503;91.14795894158874
14412.433002304862;88.13058601498375
10797.709706477504;91.15035727739546
16338.784651949512;91.04260982059743
25791.25391107812;91.15151203167275
19428.504764463865;91.03479302241259
9260.487521953059;91.15426567648788
9684.992392993285;88.14506485707614
-25873.72244861089;91.16039475688282
-8964.27841884199;91.04047796654702
-12391.67286059288;91.16634618277355
26055.76546898008;91.03692487646299
-22751.038889671065;91.16945513659708
-59875.71085250118;23.416205747951125
-49653.422469991725;18.209806722902993
-59731.74521789262;23.382288834295373
-50902.014811967834;18.211181732916064
-46600.76835604896;18.42354439049036
-56675.44947744205;18.209806722902993
-44686.97223864711;18.413155425947156
-53728.88808242668;18.199570537250132
-49680.37050614948;23.41452518015737
-52849.79944344253;18.180473175957477
-45828.015211092716;18.39451640132553
-48610.94618835738;18.163667498019944
-56508.66298338458;18.43866950063414
-52568.42310193945;18.17420924145349
-59921.109796298486;23.416205747951125
-47876.79428438387;18.181084291518843
-4156.181130989731;40.576128011860604
-9894.551796050044;29.036770277785568
-627.3355929746394;40.625954884839864
2534.658096071791;29.04939763600634
-17546.27361834601;40.635510723493425
47384.82084246108;29.062366274179027
-10483.53412237588;40.599676328542586
-33711.31426602031;29.070898272976848
3724.4023952499847;40.54438897633271
-22367.51466098466;29.07635875220745
-24450.829289531484;40.641995042579765
-26704.107389389475;29.07874771187084
2824.100839294777;29.351089113497242
-18084.77174527249;29.079088991822754
52187.55101198662;29.462687657772722
5683.189331945061;29.073628512592148
-2248.010208322208;90.40752519228077
24465.932465518854;93.1716308913902
26845.187373991936;93.0822352831585
11916.25060500561;93.170980149929
43195.75854351367;93.09980530261076
17978.02393151837;93.17106149261164
-4204.681036036636;90.41411394957537
41158.59550994045;93.17114283529429
21704.339579216514;90.42420044222389
5415.321272998561;93.1708174645637
-14674.586342227893;93.09118297824993
44195.99257220012;93.170980149929
29681.353921604627;93.07613458195979
-6774.513078969503;93.17268834626464
20848.518037512018;93.07149804904877
-20468.841455151138;93.17423385723497
-56410.887088310075;76.99281800297119
-408.6944863544122;76.96034673451614
-8427.905716194313;77.00532069159524
-5253.041550026752;76.96102545189858
-27927.532939306795;78.17314325301733
1192.133648063409;76.96113261780107
-24627.080791882603;78.17575095664463
-16542.563811789252;76.96159700337854
-76846.56339838862;76.98328023764941
-78397.15634030379;76.96231144272849
12649.106551501416;78.14974536430658
4978.192656346564;76.96231144272849
-14060.945302158281;77.00181993878051
18434.52622139009;76.96195422305351
-27130.467884931393;77.00810700506004
-18654.116403317363;76.96191850108602
-49782.70639465297;107.1323290568856
-88929.17032892755;104.63893018368563
6678.743073371268;104.71424619997337
-34458.89131095119;104.64127009875476
-96772.21356244944;104.73230741941325
-40424.46971109463;104.64251317863524
-29204.634094158188;107.10790619335151
-37031.81142767971;104.64258630098115
66871.32335815187;107.11814332177897
-26377.85957742356;104.64258630098115
32254.573873986214;104.72397147197947
32696.17475733016;104.64280566801888
-89521.49726227511;104.69662371460896
25910.858190500352;104.64265942332706
57277.74249125454;107.12406623179771
1715.360689918598;104.64273254567297
532.0814205072711;192.7272303466536
1980.6576026941893;190.63355209420902
-12496.366159094778;190.70074658660604
10555.12178029725;190.63355209420902
-12652.194897191963;192.735450618198
-14552.237516856709;190.63330299507132
-5553.9774253631695;192.7422385697006
-2384.97430293817;190.6328047967959
-20377.61090366737;192.7349524199226
3698.6573040210997;190.6325556976582
-789.3074427342817;190.702926204061
-11506.052683336966;190.63193294981392
-3121.3985885874845;190.70249028057
-4100.061317571675;190.63099882804752
-14428.448332386979;192.73980985310791
-2072.831378961564;190.62987788192783
21257.82227835098;124.07007862565705
6651.85655035399;127.06321098729748
8360.240664033292;124.07570365784453
7622.134026162112;127.06303520504161
27062.47135517501;124.11173902029564
18065.662320918338;127.06400200744883
26545.569831624853;126.96697020221463
12840.305953735013;127.06813289046153
12389.198771880341;126.98982189547631
10172.610087863504;127.07279112024179
22051.13566270228;126.97048584733182
23484.99855758318;127.08456853138435
26498.681909956806;126.95756585152617
11189.019228538575;127.14081885325926
20292.082343349444;126.9555443555838
26099.756447377862;124.20604620056403
3478.5953672425676;-47.11515274918665
-7822.280753835803;-47.07399316572869
-3665.902569420068;-47.11500782107588
37350.37862335772;-47.07057286231458
-23345.080911959827;-47.102775888527106
87192.21609083643;-47.061616305069144
56996.784039582504;-46.14222135598249
81692.14792750709;-46.11451110120375
26230.71750660916;-47.114862892965114
97095.42329554124;-46.112945877607466
63699.81138059061;-47.09796427524962
-25166.870051232952;-47.0633264567762
-24798.656584988334;-47.10892084042364
83959.26330082476;-47.07126851724626
77529.98628550637;-47.109674466599635
61371.00579303301;-47.074369978816684
24812.840581230972;-58.41486068701371
29686.179738731757;-69.13346403986183
30162.35314731666;-58.38627229933227
27938.27641523031;-69.14401451626809
27095.18898789655;-69.3189482218426
28927.660313700475;-69.15082127523985
31507.293026270236;-58.33692329678693
31028.650478931977;-69.15184228908562
28994.08014616578;-69.55173937867718
32613.96101552486;-69.14673721985679
25514.81672881038;-69.54867633713988
27735.43666664203;-69.14231282652514
31773.09581306912;-58.33147788960951
31078.773995625124;-69.13516572960478
28900.37633047588;-69.47039860896452
27345.68311442462;-69.13380437781042
33730.22525986034;-102.29140887817938
40509.430625363006;-105.79307557875343
21528.57321652692;-102.32613524589664
16199.198873792493;-105.79439014156922
16450.887441940326;-102.33687084222562
21550.858141831675;-105.79384240706264
44727.835897757395;-105.92299820371451
43615.555949458256;-105.79340421945739
26583.318626829205;-105.93362425314218
49176.95569095396;-105.791541922135
32147.340124243117;-105.90097927654995
43586.716634357974;-105.78770778058893
17188.256293935923;-102.30674544436366
37891.607341033734;-105.78453092045076
38455.28486344815;-102.33358443518614
26858.602998240895;-105.78475001425339
2039.9748764715623;-85.30142389220009
30802.54649125359;-85.18068139529132
28259.978685205395;-85.29589972567484
40639.128360016366;-85.17796315462016
19480.684285006166;-85.28055481866029
-395.59471234635566;-85.17331583992433
27663.327609463697;-82.4186858178553
34872.10580421518;-85.17445574730256
18949.320257065992;-82.42289470663643
55174.56414138319;-85.17848926571781
-34500.82307221966;-82.40991729956127
-12169.025665887646;-85.18199667303541
35133.25399542127;-85.25731824518112
57100.53205152812;-85.18585482108479
64412.68140529868;-82.37756146705631
54180.75019151557;-85.1876085247436
