%sbgc_test_data;70;0;1;3000;6;200
-0.07931433522298903;-0.7107599533869902
269.93311819473;-0.7107599533869902
438.41435574145;-1.422463887876619
-702.0650649704494;-0.14337605196304892
594.6699333417937;0.6631667613983154
436.0856586088066;0.5683278825265781
-793.3499925700544;-1.4246630502852398
-2107.5502193771194;-2.610836274434618
-915.1408526072819;-2.7062249439085075
2558.57666015625;-5.406521486392714
675.7085935577688;-8.20220669835081
-3039.1455072909434;-9.19760258355241
-3182.8261203750153;-7.3021994826231005
-1985.875794196524;-3.6062321596362175
-3048.227426108251;-2.9921160570291008
961.2068620197988;-9.86504837456856
-5071.865234375;-16.45236447428851
-1960.2601257374513;-17.351821899414062
-596.3422151484583;-13.84883107778358
-2685.6492825557393;-9.771583972202214
1326.3989662391377;-10.38408088684082
-2135.8541564764446;-14.270018252272243
5281.252138232874;-15.361191408669184
-2458.5661602317714;-14.652779437422618
4809.98219806763;-15.55269351273172
-2903.9890270013702;-17.4475436464571
-2095.954305312295;-15.55269351273172
6187.6563043014885;-14.557271408366049
4890.283785316235;-16.452364565066127
-7835.51025390625;-20.433809959554118
-7442.785303768547;-19.62988995925098
-7611.669579450767;-15.839703645850827
-3811.898847830897;-13.753108385088213
-3881.9117942132734;-17.4475436464571
1874.959184131163;-25.123667325288675
8609.7529296875;-26.310348510742188
-1554.1695338443715;-24.796801424318993
1354.504521776149;-20.62433997171786
2511.851147996651;-19.152106790993436
1946.47778527445;-19.53340983829562
-4039.7394526362277;-20.814997874693987
9198.978598299163;-23.51555479269176
4767.675078847427;-25.124755859375
13567.605880511452;-21.429277551062473
-296.47134347724204;-18.019574535712696
12080.214578858871;-14.842333452772948
14444.60546875;-15.4570051391455
12642.897514672724;-18.634638232089312
8279.883029825167;-17.926276154745434
4576.372235332994;-10.575696568538989
4738.207892682614;-4.316080823643009
1731.1517045302826;0.565227746963501
-8447.188583287874;-0.7174289863343226
-8083.75995392182;-7.589364357578468
-683.2866285296568;-11.284058645882865
-16207.81640625;-8.393376875913994
-3473.3146519125585;-6.306707624280644
-7976.649070878286;-10.1930948045724
-11100.170804348698;-13.084168584545338
14327.204457204465;-17.161464636816323
-10124.979258083113;-22.943475331749926
-4331.290902789964;-27.634535001828745
10669.230466782985;-28.72520637512207
1409.649374454004;-19.05703437464767
-7081.644494115173;-10.383672962904114
8212.431396774955;-15.87986124374972
11129.056103689974;-19.861653087624234
19453.505507994894;-19.53378880850894
-7896.9463091796815;-14.746868353867642
-12676.380859375;-8.91159804252177
-1584.377403511442;-3.0345161123773714
6503.2789982466165;3.170939994672544
6529.653037271204;-0.9062027359742224
2766.7656868715094;-16.684479956726285
11305.647495419838;-24.55322265549328
12822.154739333779;-11.760906894304426
-6711.261250422014;4.690435409545898
14058.867830117284;2.653393737593195
20396.090728786774;-9.148700514976841
24896.87782320055;-13.369634422467326
-2146.7625151519605;-15.029655994601903
-15130.983985114119;-13.464211691701752
13012.70991012299;-7.016849425531204
26596.745958860578;6.06517854151474
27461.594886397237;7.866040922897131
23953.78732926325;-11.234613466660097
-5158.964045500234;-21.417734146118164
-885.5928741426178;0.47099201232544985
29192.11328125;28.808798817074518
-18630.586144453642;34.888427734375
-79.0022709466648;7.736303222711662
13942.381480235927;-4.453026264250166
20186.68920182415;9.757977451429586
-24581.140625;23.461199837244365
-23095.96362420175;16.981188348510585
21956.59350609035;17.500139149252455
-23031.140981625475;26.38760120699075
-21197.23457456244;19.32419966245609
-5912.219563032166;-4.392882959528425
2800.2718151312692;-13.198721960858641
-16090.266264279324;15.438355159733327
-932.3396884751601;22.405577395074147
25555.77307813263;1.158088163689662
22480.1435537636;-21.06555938720703
10651.660589290957;-18.921651321389245
1151.3619886838314;-1.86618250824365
32026.166015625;7.964373600524052
-3769.085366291256;16.451873807470243
-16673.4787802777;27.91957865818727
13612.513890511509;26.73171181206839
21534.872707833434;17.869650365741165
-22686.633105227345;12.800141212788652
-29126.232421875;17.633992910785324
9018.66554449551;31.18812839928212
-6086.072049849601;41.71320343017578
-10830.15593998678;31.950662277919726
-9253.149296727177;10.817169945477296
19228.150564556665;-5.216158605725683
-6567.572303057859;-3.6594782630295697
-12659.110390157686;8.20098901261386
13545.970781626711;4.7496900557307455
5131.278485094568;0.33290562143796265
8187.774013119619;-3.6595681598800844
-5479.179011562701;-11.66569595477781
-16418.278997054487;-15.773248998050736
33873.65234375;-6.867667339775611
-5639.286890738491;9.577370995899237
-14574.028839931849;16.023927688598633
-18658.585486875134;1.5585350616445268
-13289.554350604267;-6.783652418471128
-31004.949463017292;2.798284656692182
-27589.715980147233;9.149530304214224
14496.987507558093;1.8423501739504289
-45017.3984375;-3.8466602115245188
-16784.23986374201;-3.508482503080426
6107.575402474758;-10.711173487520163
19126.8739986114;-20.288874516231147
-21688.59700481096;-29.104793191265355
-1576.3989793227593;-30.24358367919922
5004.87752785052;-23.08819521347713
166.7735446724255;-20.053253664875662
-12725.81625842597;-25.171322941449024
-25029.740321221616;-32.42486643388826
35598.78047761944;-33.94352722167969
-8719.918892650188;-29.630963835928128
-9075.008547924546;-27.54223518485163
25023.04941387773;-29.58592847472861
-12288.367405540444;-25.31498004299686
-25087.796804783586;-13.458708622393967
25812.887620476584;-19.436440236801214
38948.50456406694;-27.68931269357918
-18994.566332337985;-30.103550094591455
23964.531201957187;-25.832601662859705
9323.496138097209;-14.742501450511945
44663.692817969495;-8.346340024453454
13248.384457042339;-16.35522343574541
-35323.28987183656;-25.750511890546655
-43815.73828125;-27.359813468600407
39205.03321236401;-17.352272128630997
-28460.473454499763;3.415300130844116
44585.875;-20.571180945637664
17003.15676100622;-42.757808330113754
43069.17999477133;-38.73353710005108
-24375.786255154766;-24.27864357861519
-17620.86322086865;-21.334128231656024
-15183.86382199984;-20.38069476384596
-34542.23041027606;-9.101907684073886
-46518.69921875;0.4695216715335846
-8978.065010505044;-10.365131837008356
-2053.5390517112246;-40.74366759737934
-16016.58637757452;-44.41904834710773
-22428.132999127836;-26.750953706501228
-20476.309179383505;-24.35884828673801
-22558.810662273114;-42.639506385632586
-14965.604320789113;-53.60750022142872
-46495.066024351385;-50.06646235780606
-1345.9334076586165;-48.21172848246576
-28083.417399925514;-57.64279959885828
-32946.294694416734;-60.67854780130716
-1141.5757855058982;-65.23217010498047
-12112.814491094316;-71.06123352050781
-53844.460637560274;-78.31186785435848
-50002.28990223586;-84.47468903950457
-12990.80295032922;-81.39654842633645
-25925.593105296488;-76.1831112617532
-59118.21875;-84.61856813332122
16707.35092852566;-110.1625572514497
-27800.05961671613;-124.43819734021132
-4280.846642344048;-121.4625160817308
47584.57337984863;-122.73344807711112
-23223.64189557138;-126.2802857383183
-45736.66455604152;-126.90594179779369
34045.68054607151;-124.31175813655426
54622.07822013192;-118.05301755553043
-41340.89490283669;-125.8562784088132
59041.15730145802;-142.4928436279297
49058.89470851963;-134.54134370829038
26916.880445646544;-103.78827739811854
64151.74941704879;-97.5720465493587
68178.453125;-105.56605620126203
-31570.289125086787;-97.51827784853852
67272.71873748265;-80.27937898919053
9798.92606998371;-49.40861623609609
-32529.116569977035;-40.90337371826172
11120.804683327551;-58.30300823130992
54415.121971634;-57.37243339409815
-43100.421875;-47.32222515221107
15268.897008017782;-61.9036983684759
-39581.61824229598;-79.67344787359696
32300.651310650777;-57.60507710340109
21070.26849981975;-49.59896108916213
9452.6311093049;-62.803606534915914
-10308.523259753521;-99.09391024336298
-38520.391749893184;-110.20370483398438
-5639.126693181213;-74.82494147744248
41572.41961269628;-46.27427098894191
30157.718516342662;-64.74935392181325
70367.03177322554;-99.26099072549873
77389.74463172266;-96.80342717813492
78910.8359375;-49.8284323842473
24813.027888374258;-11.139514923095703
-15073.48005812107;1.0902107308155191
-45483.19912701565;17.582751079660262
56479.01492408759;38.294132913600016
74021.1171875;34.69867634445099
46638.85784096805;12.898310902157466
23925.60603972031;-4.076641425209791
53528.24597876913;20.517316171530457
30415.10655436253;63.984834096900826
5474.170277069919;73.6175537109375
19908.470099311526;23.419548020872334
66753.75307712409;4.785253686951766
-3308.749665369309;32.13529687680589
8508.933882960562;56.17312270205906
29889.22694034537;47.45478718672324
-45642.05859375;39.010637568027555
43019.78355283612;38.05616024859159
-18026.074974321535;32.229709944988585
39546.78693526452;23.51784107815842
-253.90037977661996;23.70796054422493
-18077.209801877652;69.8679674885753
32566.92157410657;94.56567320826726
-40588.80806462342;88.78782010836608
39484.11282889654;49.87222611233644
-2951.487157548945;27.869750246681644
37155.43981940672;49.341625684668365
-8787.099111661024;82.1947884967534
58890.267493483814;110.24867962051887
-45627.98435187269;113.24501144735036
12351.221190527052;89.41756386853962
55127.6825323377;71.30370982226539
36747.38944687824;68.63601978281308
-48502.36328125;66.54482986200361
-25422.11650739025;74.56442386911144
-43395.9979768374;104.86189188772254
1530.5119141995965;119.3184585571289
-25781.00418443337;85.09564896635742
-39562.9464854956;22.89973170793602
-6189.670033517905;-1.0011553764343262
54404.99090870292;43.79327103964093
57653.3984375;88.42001463983677
-16581.82028555788;70.88288136627558
40699.01554339874;31.614644626838828
-33007.60017802067;28.12881629899288
24891.180004964015;57.05110039854557
-58475.46944358081;75.23618347809538
22614.83679720403;85.1059107141244
2678.686267099896;100.49206307436268
18397.180453145018;117.35115051269531
13126.040662158659;82.5743035486497
22707.90070594319;40.914317661970756
-34383.08474918554;34.20821420545453
49986.793635567505;79.13096373267186
-55370.85744804224;113.47584415939171
-1955.8963881105665;102.42174965503919
-64323.60546875;59.743809838186856
19320.374427837553;51.47448321585652
-24401.049897822602;50.28834559287187
44440.18467471322;32.0944107400162
-16311.934950214301;1.3327281475067139
45702.07421875;23.74530284543802
-49768.83416182344;45.59688282186112
-13491.672369018372;53.23598456398031
-61116.490215360536;26.458058027089393
27447.077467898343;6.968554864503258
-12462.919499205564;16.82230107363053
-3744.115080888354;38.54119193790764
-14094.392750208863;36.436068642829575
-59560.976245274396;34.62475695321764
-60995.94613912244;51.21616141242467
-200.4494972313987;48.187479773282845
40588.0330665666;29.4983236363392
37554.61569602706;3.437550157951611
27328.184680375838;4.262118212001695
-62513.48046875;34.00764727291962
44945.78398700961;59.858856201171875
34235.5253776904;58.543549049819944
20429.100426639226;34.22353035220476
-22118.004619262516;-9.15422534942627
16961.39412389943;-3.414894705016347
-5160.9740663601115;55.51103537411629
45947.76384914463;81.5814208984375
28974.14679015617;57.40178606662744
11153.266891339328;1.9386725175274115
-15617.048317714849;-25.884716033935547
-59056.10776473138;-3.415448047129072
49473.29897135934;29.104479952167324
21930.16661133201;46.45740608239548
-20698.852840283762;42.94976017495283
-6375.147801260602;16.307065898084872
55460.859375;-8.677736834872611
-23049.2095884269;-14.794389118538364
11888.861197884878;0.756338389773255
-60699.23046875;29.012648175254377
-3138.532852460172;62.71819000862325
44985.2874432308;60.29776674570351
-46628.99527511482;22.705772925126098
37109.997072190105;-13.462828353300672
6312.524599349199;-13.510384094916304
-56370.74541673978;46.5951537477649
-57153.921875;65.41775512695312
13200.201005632582;45.98479231137267
41474.41815108618;25.694942946443774
34597.2528863834;10.475643229556596
-26165.75222952017;-13.60707673215341
-48379.71825723336;-14.268868576069828
-18454.0184846201;13.365722640417033
30663.546453761126;59.21297841693905
-23039.330307550277;56.1278043006466
19600.699272991886;-25.80240851484445
-42486.380835532414;-59.928680419921875
40240.21976402517;-19.098418882107296
-27465.753131365967;32.24400443074963
45215.53185750908;37.96869514994573
-6774.874580012853;3.500051163767033
-9095.616930715354;-15.311286364897718
-6962.652488057247;-11.051718629632198
548.4638337184733;1.9431189066919856
48024.17578125;13.461357299942534
-9959.074319842563;29.97746299999541
38845.38849287678;32.395076751708984
-50048.67480406164;15.082463337954746
20362.375915436074;-4.289396514599202
6475.081442099705;1.9092913922251569
6507.269351000054;26.800406535478636
26399.397051411288;26.63561095746686
50971.2890625;9.887212912498708
30673.236066512225;1.1963410314199674
-19060.659618838123;3.2451131750070665
-8871.398234718814;5.8099189294022295
-12306.563401249732;11.78236205963415
-39628.733406156534;17.90772989997022
26882.215684916417;17.792512652631476
-66217.734375;5.21637553402083
47380.54900295075;-3.6846805376576803
-64139.826033766825;-4.48840812363885
16176.159541230503;4.028590456910518
-20807.747785262232;-4.9311216679586245
-12447.83255697901;-13.36642074584961
-20798.80669945658;-0.8971214384076127
-62739.88769188513;17.398279369261232
-28063.691419244205;17.68060874938965
26351.82734606274;5.165094204852963
-51534.174028939175;-1.2338277574795882
-63722.04787257378;-7.632749719812139
-31520.47582743309;-14.601226327606057
-67766.03125;-5.026506829262516
36180.419616868734;3.3617764878477487
6275.214969281209;-13.179787656554893
-59405.43640228736;-54.894361560962516
-19842.905849921415;-79.60063026480145
12465.270769991534;-62.82732755405064
45339.67496738334;-34.99585212798094
-1809.2565536114853;-47.1621268612605
-18462.28922582171;-84.60912082904491
32400.326252403334;-89.26837158203125
-24105.34122483176;-65.96232604669048
46762.234375;-49.69493147374204
-3231.815961228138;-68.2584962076193
6128.415226971876;-70.58893756497989
-6563.219755203405;-46.28532783469329
-50527.08583402318;-33.99984769452701
38478.07985823676;-46.590649813405435
40171.890392177156;-68.06661987304688
-54258.046875;-54.24856263452422
8857.649893566697;-43.43598754475754
17153.397624467834;-51.47281787040181
30589.43523829234;-53.88655221025315
27003.984947818113;-51.06008620536749
29901.120339847446;-46.7507698087561
41319.62687366959;-49.577235813641764
52411.142956924086;-47.014321353898495
24904.70625517385;-35.0381413289748
-51351.10176945364;-22.721830630697525
19267.39088738765;-17.16139029525919
52885.27911024717;-5.533297216749986
-4351.129357113292;-2.8918145605303067
29945.264050674086;-27.211157705311834
-11930.768001271288;-41.764175667835374
-16130.960338812678;-5.641701437204787
44911.33178269105;22.798785388475153
43540.597280848495;10.616741471641738
45619.4140625;-31.80631975979627
-57043.1171875;-49.724586486816406
33873.3942969966;-12.374243333661518
985.1655750736318;29.767404556274414
7245.1142257740285;27.920023008396555
-11907.571510828348;-8.859002541967477
-9473.147035555965;-21.757922686506614
-28365.784855237354;-6.456072242331217
42196.494192184604;4.546946812691779
35029.51093969353;3.4673870112398504
-14835.460406764047;1.2330621187966386
9717.13599023981;6.241491804409023
-16723.157635015792;10.795050787162445
-31428.39737078272;5.596181900619776
-6090.957561866737;-7.8631389498415984
17443.37891948264;2.5564326169809704
-16915.843742131947;22.08433513785134
-31491.059519438382;10.245566978108826
-25446.396138121054;-17.10884904502008
32727.41071404729;-19.20644605574138
-25400.339034175006;-11.868212673433959
-26778.367584240623;-11.80276764669945
-67153.8671875;-26.42721400544842
-36337.98007928136;-28.524811016169735
-60296.885552013075;-19.879355176780777
-59718.40832645077;-22.57770397137267
36159.58610010643;-55.00487567951555
-18197.00797701384;-89.6135482788086
49495.881118722726;-89.2695423690503
-25444.55385396321;-76.42553635300158
7154.66431904622;-57.015212654590854
-8681.610301761299;-41.98802766978339
53578.3828125;-40.26632004338334
38042.40050942068;-54.7749790471405
20745.19455144467;-73.0022580315044
-60624.812132108906;-61.23725591777071
35896.139465535074;-20.10589565393869
-16122.596015284049;20.357589721679688
-14826.160794992866;-9.864890098571777
9505.322312475691;-50.57269556902841
14056.685117529647;-67.41165966496759
-22392.161156208036;-40.59799832024689
13180.18256816118;-21.86498388794557
-17119.865518340193;-29.38217461989943
-58564.01744681196;-45.362629467899595
36265.21075152783;-59.22631650279955
-63749.04226807602;-77.75945627648979
-65705.046875;-103.98872219079523
40237.9300986654;-103.98872219079523
33795.06720330764;-62.772664017013284
42508.86852202912;-52.96738433600687
17714.47064822745;-95.23040500727544
58625.51171875;-134.6133270263672
-11206.319097601052;-105.82185834548542
56214.181112154096;-52.818906018181494
29175.40549830289;-14.981681359015425
334.29780241697154;-16.443621719142186
-42659.85971660464;-25.266660220688436
32232.934756374074;-4.560456403680547
30708.64436089473;4.687224774633222
-43835.46960690252;-14.218524578773327
31085.658198356483;-27.445047428367317
61443.38963684405;-12.66229001751104
-10173.004435257368;3.5016623394939046
-49378.83574336175;-17.639887139733688
25078.69131439645;-44.5239127315964
-14413.959133212338;-37.77973932574804
589.0269250145939;-24.688541220611633
-54395.46484375;-47.221582093935744
16169.25905016862;-70.36799708072525
52986.73475636216;-66.89368135889016
47392.85958904681;-42.36901326822282
-14397.724087580013;-47.023007740655586
16153.024004536288;-86.47899627685547
34159.49350474325;-78.83903189954327
63820.921875;-15.440860042297857
36948.31356558476;9.914878489875335
-11127.264339646215;-16.08659442074223
-22760.254805771146;-4.887299835429069
-56848.46712089574;28.646021490061827
-16153.599663318848;54.10708999633789
10649.128738815445;32.08595463493744
38084.81910266761;-2.055613629377831
-786.3840362206975;-2.797378188919737
49285.493816544666;12.267860015376456
3213.201692895105;6.539583204314056
-13643.767884681038;-7.722694864278019
-50485.823401366564;-13.324871700218296
-61004.0;-5.4603129576751925
43029.2610934782;-22.611763985683012
-50502.33545254181;-44.597665530505225
26797.914788208698;-49.76961892191119
18402.45410177113;-47.6945325665927
14527.626092646096;-46.46320339775313
9104.334617753295;-57.64901295564513
-256.16372625993245;-67.41990661621094
30854.375360261474;-55.180791383769424
59229.41796875;-15.689246233758134
33503.87692516958;5.914090013068915
26252.78412648874;3.400840162659719
-34245.68584520535;2.892090071581741
26706.47489435351;22.817525293369606
20891.273578528897;46.132187740612196
-49703.00990122971;49.19932857747081
-10948.266940991503;35.715621127605544
-3097.028810784286;35.735141514793185
50584.936360920474;50.50719451904297
21010.66588586173;27.919666494540117
54157.154196318894;-8.096667890862747
26938.891919294765;-29.445871353149414
-12215.417296150663;-13.256150229396965
21295.615526029433;22.03060968486769
-5917.871058701399;30.695221547783284
39150.33711329711;11.866588081101177
-44161.61494355506;-3.1104289886188674
-50164.66015625;-4.068147985012665
-5225.395676170956;-4.259691784291423
43118.93740904053;3.6277646637160785
-32263.722429626225;10.461673302213441
-37755.32820773377;3.779487834551709
40168.63925572032;-2.728950173351244
29597.983321396154;9.887242925051751
32309.8874093505;23.87923223542225
-9959.753808376183;19.592279605863723
-39435.8432409608;21.141823277590007
-31305.90098579554;43.95238263735013
-1273.0057138756165;70.20597839355469
-19184.555213944288;58.7244625833723
-53663.2421875;12.945552803458888
-47425.862785205005;0.9055630154804248
-52929.008580708105;29.898340662780058
17072.736940700634;39.09099963062991
-12409.122500581754;-0.7574483850679243
40869.6953125;-41.465769033245444
-25804.197692466885;-45.98143005371094
-15895.650256212422;-30.53208960128208
-38188.07886006691;-27.26102773133358
-23327.42145894688;-35.41120194063074
-43188.82369290177;-31.76371031208849
2558.2918120269605;-30.43756151200796
25543.294214882728;-45.65182300907221
-58924.44293587108;-70.11034982599607
-67556.8359375;-64.09382211194651
2737.334037245935;-32.38413080335424
-55623.12353821108;-6.576189417927381
7153.099938819927;-37.77713592368174
42234.41431284715;-87.7194344193461
-6331.702758539461;-91.58620513115986
-40667.61684798158;-53.262831385674744
-13888.015447372738;-31.115370898715796
6420.488384607612;-27.4021542584903
-51806.60100267609;-50.219668876016264
-50060.025826050216;-84.78949864934361
11492.133458157216;-95.08847880435499
-3013.940707543028;-84.01087093280509
11086.5480091918;-76.37504573655193
52171.2578125;-84.1411592359709
-31092.51172173032;-108.22122955322266
7080.8857128313175;-125.52854673603498
-33347.30364307554;-123.15960291504703
17613.41209632119;-106.0467418426524
27689.738926668797;-92.06439791777262
-43947.41514554945;-89.31703993609607
-44695.45953066824;-89.69545409678467
-33089.251370591024;-104.48207639453867
-27220.09819699984;-111.35877510774205
31585.09942083976;-113.82143278043657
-40755.554298985066;-119.59847655019686
-48391.13671875;-113.1049370028318
-47934.937165607735;-98.65046506555683
-9783.137499117824;-88.41311645507812
33297.76777691256;-104.86167680651471
-47767.5103935791;-144.34723715974692
45327.91895607147;-166.1529083251953
-7377.721673458625;-152.88112892148317
-45199.27587218562;-120.0302720188196
52270.75390625;-103.9589395767842
-20272.655170526938;-120.74083653998724
29566.857959704124;-144.21073934451033
-37620.38671875;-162.93336486816406
42824.72116072383;-159.47030001448897
51135.03314560476;-142.30904304040058
5859.394540071757;-115.24378850669825
50544.76130853832;-110.64476479663838
51623.348938087;-127.80372225887174
62475.4072274268;-150.0836926222568
51650.17947613548;-145.54675573228272
-37445.09387016663;-112.0290709333664
60135.78430959978;-71.10465844939866
-4715.414856100462;-45.644463190507224
69179.46433447237;-51.6737832743957
57239.874902901065;-86.28373620445126
-7639.9435033842165;-104.90978223019371
79600.4453125;-83.10581082079989
23537.14170894354;-38.69303885275173
45146.45705318518;-12.237154960632324
79353.60436245403;-23.366792338977206
31060.42457773589;-37.30413369231364
49717.78611198004;-30.96039084667551
40465.134030617686;-24.892586006848862
-9975.14733478042;-7.535934381592384
-30247.345727980894;14.460023804972913
-17839.18335425123;38.9644673730171
-34692.513236449784;37.83147476807022
-157.47216616565856;2.419824028894098
42533.69312971129;-39.200096130371094
-4644.138545449692;-36.73799056312979
62793.122639584035;-2.419578302411189
29774.38646446883;8.769883166795232
57347.19390030365;0.5699320095890101
-22807.875079157384;-19.38928976317119
43156.17619193853;-19.72322442568185
-41804.78125;10.381250427164133
4081.797098643452;36.88135114497442
59404.58022648549;44.4598127913969
12865.192717711412;47.6414680480957
48319.5933875927;44.42005866490754
-12450.714589945677;36.12204732902755
50461.43326287452;52.61887651152376
-24502.325972729806;65.79920187146931
8402.301449974912;86.13728776415968
6288.475609034998;91.44407653808594
-2893.6074759380645;82.81206848508806
10858.427561397039;64.28100319005028
-12708.378264646024;53.695052086359254
-4480.19356376557;50.28444197987944
6734.601553976274;51.71473833896652
24725.644206335157;56.269334383223615
-6603.753061686017;48.019073558638794
-20767.846244530512;32.09242849955062
-45025.74171619169;25.315159447756976
-12993.89886940844;36.68846421004993
24975.47473550227;43.27485964763705
-53456.7109375;31.38293118358557
52857.53515625;10.61914690131616
-31148.79141427303;9.149922370910645
39050.34272935851;35.21923967964442
5487.071184304135;41.57206608932092
-46341.04624436361;32.850606526410814
3212.8582849169907;32.09142815878652
11485.099169419693;43.51414267473357
-1505.432956080047;63.188011169433594
-6755.124286629842;54.18511133854355
-4143.817477139724;39.15762681128955
60705.609375;51.85767220311355
-14836.128833172472;62.99476576676558
-50201.3125;48.35058668106735
-6281.264334162421;26.547833393239067
53458.93681619465;44.0832610034701
-35611.50303492271;62.37892876925217
26267.837329430142;37.63820828811422
2987.7748074949704;-6.395198822021484
-49351.74929950484;-3.510321025049173
55672.53973700675;32.1784947687798
-19317.490097935803;39.334945395056344
-16784.031709208197;13.8148725756859
10034.749243474762;-5.956680408274865
-16604.641870059815;28.987822048904277
7228.358790200982;49.09861238699762
9536.180552509002;28.121359909043182
-15415.251158928477;10.818114280700684
22971.88424499234;22.78303124573057
39847.315129092094;39.556719933350124
58897.159723685894;36.08554545233807
20672.314527126422;25.60404575604138
-10961.897841673788;30.810807477559475
48934.191400587384;64.74411454872919
44625.248861069485;77.97536332853132
-26076.892578125;52.57417243273617
-11362.121997115762;31.66599259922385
10893.641863234872;49.67421775734864
64054.6875;82.66901397705078
13377.50724030775;71.15690657003036
-14987.520188679493;37.0744902981602
46334.79740132508;21.1812037293823
41490.84731381087;48.34319886286076
49895.55457809233;75.16202355649185
4710.109894619349;56.516795121845256
-30753.737601557492;44.667289252320046
-46605.98046875;70.16555802425634
64522.50882139901;109.94213343995257
-8694.941533092555;99.62549890784847
-18736.466038740386;53.1863169488346
-28791.699110266236;47.09978910618409
9611.134626265091;93.94614711017209
-28747.146271162677;127.18377685546875
10048.095163626902;101.49850871472951
50767.676533543185;55.93701734154881
-35378.665014653656;60.62104991817728
-41257.92620558842;83.80444747146427
-16160.969224407843;89.93018485918638
-22881.593646105932;86.65920396456076
43294.79455928889;83.47116633835581
22769.644298427156;76.9292045491046
35801.349736217555;54.98995602212747
65691.1640625;28.354610443115234
55803.860922979875;42.61331231433937
43558.68445244072;93.84812324749313
65471.6796875;103.19981525796128
-19159.365236222802;90.26424817869842
-43537.85410137772;78.83305301678483
8851.892709318825;90.77097210284683
-44547.166634638124;121.20713582302132
56939.77561420885;127.14336709478215
17211.79783031279;105.62170733195343
-3314.6705427359266;88.1211106910418
63126.06760177684;75.03318786621094
13590.369340187433;88.55222102294535
62477.76385850283;107.04369429058815
-13481.509712038787;111.11441409994963
-5246.351083919704;115.51918798848243
44053.08488055818;122.77583572183264
26433.58781116958;129.65441549395854
-35790.34085449681;126.33418880165429
-23275.999501093902;117.938822940318
1798.0455667573333;123.34237338312997
5306.06815426916;148.9923095703125
-58394.02734375;148.37837234372734
6473.153749449237;110.7368480595088
-15771.300331042381;98.59789032768307
28434.762023339033;115.61718922425085
-42960.99399792713;117.75538635253906
-61740.13074463256;89.2198327474716
-41731.07094212308;75.3253026366303
-51154.398331102464;99.97083795742603
-67805.8046875;114.19547569509079
-66909.82216465165;74.52629213079628
-20605.226406450274;25.97983926107359
-8937.380681211282;36.685829794643006
8164.75415409368;54.69920279471319
-58982.840333178676;29.821091645928206
38848.962141252545;-5.160938739776611
12743.20659773219;2.3189999862000557
19706.687875103482;45.35678183330653
25628.20169718677;43.60871190035511
21314.346943595127;21.79159874575115
-20669.09481439262;29.438466896655576
51781.40234375;75.01207551345124
45389.93840339557;84.19123872184235
-58711.078125;61.043894148616545
45866.48119380303;36.874426659394786
-26894.93455520226;59.07942376372674
-46577.94086752678;96.24231719970703
-14688.608131966801;79.5368399799778
7608.064611022521;41.645995589190605
-23661.599854417174;26.680620309376437
-49347.74418515103;17.179863156057806
-22256.367871782204;-0.6524422539889514
-27029.927905385943;-8.592592223372286
-30728.4204152377;-10.945967912884953
-22379.976240625096;-19.504377597309748
17719.554467552152;-40.71467459558709
-23137.890712740715;-67.1328125
24986.425414789468;-63.27118226371279
43794.41458977878;-39.72994642042025
47875.1171875;-19.107993344521063
11796.111318528361;-18.153180962017515
-40272.287630633524;-12.65366107741481
21799.641347787983;10.850383758544922
-44369.9921875;28.579094923539046
-29242.879215845973;44.18153996045135
23712.22571000835;40.91586051035412
42419.47880453753;32.3768936611493
53462.781750098235;24.122411638786623
38415.64339145519;16.958700455093304
25856.225973707347;13.094571058374775
64614.98629635475;23.65220096644132
-27286.053578342922;42.35228778370991
47250.28574790376;38.244208962937634
67141.84375;20.82577788110553
40854.01829453508;18.453351306999686
35192.83664586321;24.25507295700317
-5066.723861373488;26.19266521028812
-2842.7489846635;35.88357450600659
21697.54609713565;49.7776365672192
5294.242492327452;59.14942169189453
-23493.215016608745;48.29477783248761
-42836.86184020413;34.38081657354253
-52288.17578125;60.2084925305175
10029.661927038833;79.4398422241211
37562.12653796599;70.00349915775973
-35516.22641813314;30.726665227491104
-8475.212205091055;9.165589395068402
-35456.8026772124;30.76792740706147
-15053.58092972255;68.97035766159404
-39195.6802140635;66.08200509166844
5142.460748070662;38.590284449458906
-19870.116038406588;13.890108955875291
22446.01168537038;6.159798314057902
-35103.472325791765;-2.2751433942688095
28857.351516603027;0.7623878248727394
-50425.1612010321;16.26109727426477
44214.37342698543;36.544632546912695
-36895.820835725535;18.059176099388793
14748.22816555624;-13.757138363176383
-23459.631199429874;-24.563068389892578
52962.51171875;9.860698420138405
-11489.762521529854;40.34392708119945
37273.57830447507;15.445701527523482
40814.105594758075;-1.6668636519817142
-15079.084956437211;6.590683228110912
2050.892369263951;31.81757574651583
-37004.46000442041;45.555078404777845
11558.693737637615;50.81224822998047
-26356.320029190476;49.56811888224402
-2877.2958749227473;42.42884175308194
-29974.861751092467;25.238156823835155
51341.07421875;0.009817643397987297
-41572.45395794073;6.574769945756145
-27166.342212808904;16.127079344714026
-43385.044581939335;7.991052075330543
49193.18752694213;1.904944905647696
16964.9278606811;-1.7522167118845644
-40382.31890537021;-20.587756371801525
44299.8567947554;-43.99330139160156
-57437.6015625;-36.6919981148273
33067.438523144956;2.8423819025467907
42905.55631475647;5.259754158439357
-51526.27772254908;-29.959085936410553
-61961.0234375;-50.29554931915257
-28829.073906471735;-29.012346105412288
-40750.23469466947;19.716749178681837
-10165.892428453168;11.045814536046905
-3753.9789757272956;-30.952274763446255
-59795.74376367372;-52.62756214962017
43249.93456384519;-43.89651704152503
19924.221488440162;-30.148980361387117
-57412.25761108976;-32.00557405594216
-10895.112370284412;-45.41977088216438
-28366.550772010996;-27.54100584857948
45583.06537517739;-1.607438443326778
29743.513032536066;-22.284072414695878
40638.91686930877;-60.21240997314453
17678.746271138836;-54.847550930821015
60260.71484375;-3.163479810580789
60221.54957833195;29.31666374206543
27857.985254552987;7.682360764159839
-48120.764643817995;-24.892046927503515
4092.7296055291954;9.872498830819211
26875.76406044954;55.102570907835386
20524.80472374073;55.65554428100586
-49549.36136645196;11.060691616840572
-25380.53250566977;-26.322758291516166
55394.04867952608;-7.294174557795664
-44273.649243617816;13.960301994509763
45067.008243097094;-16.3342392596901
-18939.81964526525;-57.05302856444847
36694.79955276077;-38.470673343887675
41979.48702796448;-2.8248897632470005
-58063.3806242275;-12.596419243575795
11980.269267908647;-56.619049461453926
3297.5133855851454;-59.023433685302734
-35423.9518072203;-6.055234215375755
23136.63226328604;12.182387604822438
-62242.3046875;-20.56378559814904
12522.380551030757;-32.61020553772343
-20352.5401082358;-5.93623994519983
54869.88810114311;21.46919042575813
54969.546875;-9.471204912702163
34237.00715283526;-32.84178502972876
-50085.75121960786;-17.735436224168346
36484.07817173147;27.10447507124779
-10236.774879916818;57.692665100097656
24958.16837013993;40.44380073455392
2098.9057326158945;7.967954252776643
-15996.29126346868;0.7758302516589737
-29492.471445821542;15.962034910763577
-11660.321018896204;31.787086398221646
29471.22225277385;27.359334178303698
-21038.876801664977;7.278135603011997
31190.48087472962;-17.035423210121458
32502.275203281883;-31.839339208642198
-56838.999086650154;-20.984040308774297
-43203.558955918874;-8.881630845046168
-56489.98958639313;9.449535195128313
-57700.34765625;19.807009305880342
-47173.32711401477;0.3017923125349853
-54528.31549874159;-53.65357971191406
39990.64633023269;-74.96332856214461
21843.400852813516;-63.44110384661783
-41690.98784153312;-35.21809392917376
38771.02687726982;-38.626565126895855
16859.395684039002;-64.43542219601702
55845.69921875;-71.89208614958993
-1002.4069426867209;-67.56166329456465
-53285.1574496993;-55.6182644310391
3817.2523423552047;-39.040502605685035
29749.302838686315;-8.144267082214355
-28846.059560328416;-11.685892993393097
-44753.01114897181;-52.6888607349926
-34011.71017954421;-85.95872375921243
-51302.62710488305;-62.16455539804421
-23860.32443488304;-20.128191293313677
10221.551937913435;-29.699409989932008
47874.058879384174;-69.05531181942632
52425.574880441345;-102.99384307861328
-57525.28125;-101.48137921380666
25609.51652529603;-85.74741301829208
-1370.90393595786;-67.08348412833811
-59516.03515625;-47.674066752660124
55657.27213319136;-45.52971051122525
-14729.034777629742;-65.41807039768057
15856.678679316276;-82.8763412947941
-13526.857399045723;-80.25304254258188
4023.481737175549;-51.868895618360455
34759.69402130478;-31.388660754097906
59312.76171875;-41.33896354192358
15697.113657724418;-62.14575011807976
821.3018720482869;-67.98014070391272
-42429.88517375046;-49.6388195525535
-10542.266199725527;-15.553623991522343
37455.980238430624;-1.4234592914581299
-53354.6494361467;-27.5911364712015
27981.807081414794;-75.80377546803109
-44281.202071992215;-90.59112548828125
39876.654145534194;-64.1853376852821
-9771.639674992177;-50.05925488161655
-2959.3011963494137;-70.91774547882257
-1126.4261397232767;-103.62820694401233
-7965.189828228475;-104.62284088134766
-23786.54800585383;-90.16253002055103
19264.00678512299;-89.73524520968148
-33836.81548604541;-91.01532667626991
12531.303327518923;-74.71113115445948
13236.957397114478;-60.96355263378548
48132.1875;-65.08569863076343
43868.566217774365;-87.88781461662728
-1413.4958313623429;-72.76796039631418
5182.036394276256;-27.876460764709122
28853.265794997642;11.5667142868042
-8649.631851643804;11.235169641025763
-44541.828125;-14.885938734662915
44791.99729482025;-28.351615658124217
47692.3910758633;-15.02954898229956
18268.45475106433;-2.3705715980317876
37732.62832604068;-17.538295900890446
-21330.193058183537;-27.211598507132038
14499.781213043992;-12.852346709487122
-31172.251917420726;-16.120239507647398
18115.40579359331;-36.54820346189061
-26386.291639704676;-67.64423789993161
-42136.139375886945;-68.0267690130668
60680.37890625;-45.369156927367854
-9940.460452005347;-40.71993262926339
52761.63385787817;-71.80526689630761
44224.23685260228;-99.16961669921875
-42863.0554252492;-82.2165332761825
45078.320248661475;-40.915210749954774
-15193.846652715576;-23.73742373598597
27022.275495353562;-13.35959539047606
-48398.27196188238;-19.300865336442683
-40716.67683032376;-24.141355191114727
21093.52757502308;-21.471662527416086
-51938.3359375;-19.003935591281817
-45772.4381003563;-15.838022497607113
-4678.481863004796;-12.237414957187895
12755.47397808294;-11.517828457653891
16443.327032294314;-31.277031724597833
33657.247053771716;-66.93438390955394
27490.163684595027;-75.85079193115234
-3462.905802236244;-56.8419456070975
-26871.31352904599;-33.7031490774024
57020.9765625;-28.099882125854492
-10489.300232512891;-46.49521079409617
-40577.1015625;-63.3334287373108
-28309.952151268808;-59.637749936497926
-23300.034630401777;-41.052245367820106
-26291.985967923138;-39.63357686916422
-24810.158401554916;-52.765186362115635
24402.89881516656;-66.45712255022184
38686.52513580737;-69.86717317873213
-37437.71210530984;-69.53928369522153
7253.909441568503;-69.68792692774633
39364.14477670942;-61.2589812716337
9860.138829653311;-38.94428031049526
24501.190894945757;-34.90541051694129
43517.72978434859;-57.263830075881145
-9702.963594279303;-68.17453480052072
67203.82024049539;-41.60605253023497
-29605.577658340993;-14.34707284649651
51697.92511276351;-11.532831907468797
-10994.82003002497;-37.12682515329833
32893.78504496473;-45.91177749633789
24977.383276297893;-40.84041345123478
39898.52674178431;-31.194316114974633
23416.510729044276;-30.86482071091426
-17666.514192179824;-29.486352015666522
61231.986335516194;-24.410212674852392
68130.828125;-22.990358083442484
1548.9472548362319;-28.4962740382484
-32449.52734375;-37.171394579934514
58477.053963519895;-20.242971284369048
44066.99265952359;25.50595339243837
-6990.5757077194685;35.45607788896679
11345.456074029797;3.689219054025564
63151.997698952066;-12.567479311523101
41718.77732294734;17.16351178528665
43184.49343172532;58.4029655456543
-1099.4994213404498;50.000541573445105
4813.301689056447;45.31108932467177
23700.201007599586;67.41642333094237
50337.49501630357;96.52603407083957
23562.694005032216;76.64509032254078
-40460.87890625;47.77031684922289
61941.2109375;69.59122062578561
59202.00894317501;114.6828930421399
-3660.567344157709;122.16559600830078
-17608.152627297946;59.62157642038412
-40429.62731475742;42.140056917569666
11149.56186417785;79.08389721521544
7083.7298109926705;104.6738661895481
-14783.008756368356;75.35567328119843
30330.226142751286;26.576618194580078
27842.5994599416;39.402233629561096
41747.99509456685;72.43698153942691
23262.67872670341;64.05285353757648
28120.73862422559;33.59839832695795
52411.03811183652;57.009194156759534
14670.22514428341;115.19878811402145
-52370.96773901477;119.36333976794734
49133.26860204483;98.16396117483245
46655.97930254953;100.64096407160228
40069.62101280442;138.17987054516377
38466.56351682666;142.27923791233255
50413.20140678408;123.51702737408039
59968.716581576446;129.81817509393346
30393.831647384373;176.01753833302865
-26032.715128728505;193.42898559570312
37579.765753094296;165.22953887472846
-20232.626920997114;145.08759426678432
6486.19477008118;159.49875366400002
40906.15493567748;172.9882796734556
-45307.102961106066;153.46377511507177
-52676.14105851781;136.1826964259115
-35383.58466573649;138.79731059472408
-57672.0078125;142.67577565677158
24547.06987314076;116.51695924622061
-11526.211629292622;74.76823425292969
-23640.925592535932;85.04537116011807
-5185.414428960532;97.26733059425737
5788.959217138239;107.17533328262718
398.00727198859386;103.34630168775442
22235.230032788328;90.30945604516258
-37097.61945361854;89.6372749501379
38823.604686832405;111.56851686796708
33688.07989423907;132.35811787837338
38370.311430183196;152.65958737929748
-52223.58372013955;159.78417350949957
5691.824947856265;149.7121266253202
-64791.67889556852;147.40483834279496
25868.77121704002;155.25361958132726
7209.997601078256;149.47206194852566
-31715.66142229129;140.92442576199153
43129.890625;130.58830773333813
-45983.60631015484;128.93852992670017
14522.049538693653;122.6808440182561
-7021.971631495675;88.9264167682963
-74751.5390625;72.38329315185547
-24286.49832791947;84.75929964620113
-67557.62119275634;96.51934814453125
-19276.97465974246;92.4874797742404
-10151.187806079193;58.874739302399064
-6597.959416521859;30.24172814761795
-52614.90886678337;30.195026969583694
3313.7645716345723;35.55528440396008
-66180.5800789595;45.12729622772223
-57804.40553424558;59.350399449044275
21122.83585870026;70.02594281302332
-64988.46534974927;67.23079082401001
28929.37109375;43.899228212747325
-67471.76251419826;15.30599954295836
-24889.160206259818;25.588907076797533
706.632774649901;61.80653547899409
2096.8829159172165;73.99554294593516
-79275.6796875;42.9046660879437
-64466.70876466557;-3.172099899262655
-27634.986791684467;-16.833059310913086
-4113.011123639066;9.662075693855375
-20199.54275804115;-9.855216373059775
-64522.891614705724;-49.23879759972426
-187.60269281736691;-68.77667618972228
13374.222992549665;-55.80511403708825
5620.9631530722545;-50.29828501616457
4376.140287448594;-80.99657497258445
33716.05023006903;-102.48519897460938
31018.63025770735;-71.77617097004989
-27785.125139777156;-33.001079137962606
20538.789148869764;-37.543273501012436
-67852.74721572247;-53.61276254192039
-19794.929762186897;-36.36387788034662
46031.23046875;-4.511247748919985
12729.029296457753;-0.8549423573869745
-24227.446905959594;-30.3827850665907
-70843.6027391316;-39.34726558846485
-35037.17518709277;-3.115301490772282
-26746.25393420543;14.799342155456543
-69019.19909566265;-27.69469368231141
-73409.796875;-92.64198817997816
3791.1610383064544;-96.51503970058603
15860.063508064515;-77.55127333762331
672.9368699596816;-84.86335608224813
11120.770161290318;-130.23879282180633
-11107.398311491932;-170.09231567382812
-4514.484501008061;-153.06121917150315
39758.52734375;-131.26524536299758
50464.37373991936;-139.55034277248262
38824.92729334677;-152.06593872483833
9689.815902217742;-126.81208900208112
20200.45501512097;-87.94271370582186
1686.3172883064544;-81.15610341178518
-40313.80279737903;-95.09002966509277
25243.592741935485;-86.98973824458574
17740.843245967742;-45.84702662607863
-58853.40234375;-24.17574119567871
-13782.586819556447;-41.854771948517026
5677.03314012097;-60.28861270453069
27358.62121975806;-52.82289606545426
52385.89238911291;-57.091246437392684
31519.38190004426;-86.78199923149808
-6968.798891605882;-95.7969437526835
53979.74983882412;-69.85959308935513
-36352.82481707969;-33.622820020558734
37257.2496099353;-29.336170073405683
4189.059014213999;-80.15901549482315
58928.28125;-108.21862030029297
25310.055405400257;-100.98373961874326
6390.985838457906;-78.35872365700976
-26268.24997806482;-51.1132957781915
44088.04450266274;-37.6785336551833
-13406.711463705862;-43.34911581099253
21393.73300023652;-67.62945629026606
-48626.82567922758;-92.40369705837793
-2531.0144972456983;-64.72505288525439
-2450.652204390084;-18.31359673308566
-58104.21875;2.2498490810394287
41375.37066160314;-32.914840084339986
-20494.665693571274;-77.21078476042649
9184.021972373128;-85.00024972534756
-36705.187704569384;-62.929285369299336
1774.2656750694296;-48.478192598130605
58396.5234375;-36.68615905014775
31055.190105875387;-33.64328810748617
6795.7725938301155;-54.64098759380307
-39759.86207612652;-92.6761474609375
6657.749257184245;-89.34251006412765
-1480.1793153172403;-37.58898889027812
-28788.822909315204;0.3633025374240617
45122.673864544544;-18.199227895401123
41001.95082705161;-55.157098049916236
37369.757757423635;-62.76209465816409
-6628.812991514904;-56.388493983234135
51549.83950125126;-42.20781401442329
-29874.848637133968;-21.28135230937272
-58235.01212478923;1.6150521225323473
17959.3179933317;2.5992965698242188
-10787.674056238939;-24.18320152177239
-60619.546875;-51.334973010137304
-11508.66438056009;-53.284562085201415
-56384.54296875;-30.97258778413986
33910.8381423431;-30.262723105134285
17580.784993166715;-56.228751263729215
-39191.03342325167;-84.6091694682832
54275.04398635155;-98.40689849853516
58861.38671875;-89.74541589821371
39851.27746367821;-70.2560173758153
-14133.212259929001;-72.1489898531635
47057.88502401902;-71.5340571771387
-31947.495955939856;-35.322457174453426
6366.403242973116;-20.01006678320954
22313.08878645055;-36.54807183980236
-23782.469381351664;-39.29543234397761
-24248.48963598571;-22.187835269500084
56533.04401257839;-5.552064418792725
-25498.830772003843;-5.595988181365925
-33572.411862663845;-36.69967966545824
29236.567060013695;-54.42362631152743
-44932.75467374283;-36.355374042707034
-45025.95872466964;-22.801351049957987
-47720.327131956314;-51.252878410302785
47460.47134192748;-57.74367391431568
28480.278404387413;-58.585349422353275
-26346.622543259986;-67.4507270359988
59631.37548233551;-88.41535949707031
-58268.1953125;-87.79867293321024
-6222.842199516665;-55.091244012174684
45456.86143285356;-28.736364376440534
27512.05350419249;-36.69229872777813
28064.258842261275;-72.3367821188901
7791.233812553415;-70.30510484586539
59407.5084533887;-29.92230007617144
63989.3203125;-5.268391072622762
-15164.464447367012;-5.737343932173488
-46541.29411283646;-12.707935136420375
-44078.7567944216;-11.85948285295575
-27790.564879966885;0.40648066997528076
1006.1972768906198;-2.69592712052075
-28094.65092761963;-27.379653935948383
1379.3089918019687;-62.391186502175415
14609.32270009652;-65.7295762925697
54628.01619555308;-65.14668365978186
-3055.7023596530053;-85.31971784263315
-16217.572262108217;-101.39325714111328
14177.556006233412;-87.80800950618507
8508.474903056049;-53.90950351731038
-3619.960638275552;-51.10227060185567
49089.867952608576;-71.8636964045966
63420.78125;-77.03549377381334
62109.89392314486;-44.80593037032651
-38728.671875;-26.64552546672384
16928.704795649974;-16.684110331863508
45655.997820549266;1.4680460910865207
58959.711654923405;40.42562021359163
38467.16030395482;45.21798747278609
10843.444243875318;13.796775173259775
25894.48827254746;1.149104839183721
-31426.0474679651;41.726130663160745
8118.793771410645;78.79205322265625
23032.6700417436;53.29325003173858
-9928.615827518923;-0.5029346263379182
60802.6640625;-10.014321143995268
22557.282972149944;6.748331569092215
13315.279073291153;17.392587944932075
-30434.489127542576;8.170038285958167
57939.9292625059;6.866338845986228
2667.4172924550658;11.958633813669728
-41906.2138607202;-0.9592294303280973
52496.009157698674;-21.1092529296875
8183.14196650307;8.308275381748295
-31014.59446325095;47.13941275284354
-5467.284564953879;51.07860804344841
2756.228207042339;35.18471366406637
-52247.9614253193;27.888492315533753
-15833.596850609036;37.523505504222925
19065.313394335375;48.62180892639785
49661.61826661542;52.54189827693416
-21549.618480960264;48.422882373919364
-17460.537222090825;49.57598205099799
-63029.984375;48.36668843254127
3107.732167415008;41.42176516420524
-22175.456318356693;35.566089157815576
-47406.511051098;28.598686524326936
34643.60754889638;14.17354210649756
45620.28516274711;6.633895118785091
51143.09951603129;12.946056125299876
35121.21999601352;-0.8555166775260492
40654.12475311004;-16.444807052612305
-48704.80967495165;-5.066536200211345
-12900.69348085297;33.84280367887434
23054.778770430712;55.122867584228516
-47324.10608663061;53.37009623207345
-28291.92276259985;27.446553330231247
-51516.668870655405;14.081808278721223
-1384.179263042366;23.704031570832257
-35683.14355513455;24.365825614075845
21391.543875364325;12.512504582118844
-59065.97265625;2.132385141474721
-41115.14427410772;3.982350668297567
27317.97438114186;4.692195764185907
-45495.56999187684;-12.658646191778516
30247.299288048467;-34.41832612788823
18286.042978406243;-47.549876668824524
37227.32798945489;-30.957429247364942
-32864.334857132846;-19.153501444203144
-48296.11859874264;-21.664070082943404
-44781.04963823645;-23.03991843298749
25145.4383733539;-13.133810312670036
-22630.91867538463;-11.23740903018657
-70024.9609375;-48.58814573298151
31036.055522586554;-73.09668556845766
30440.312578382494;-45.60524977407148
30000.464984063612;-7.731123338115438
11931.451573562954;-31.28649813108683
42848.840070433376;-85.22826385498047
-5753.39115329209;-77.12919779441164
31806.252786900208;-27.424193948437278
51599.39453125;7.725185394287109
4314.85019345874;-6.803489502106331
39547.199267508084;-29.53051848432952
15400.267950248148;-4.81551455290138
-10987.243711756491;7.713817289206133
39100.98049336746;-2.3558364811933785
-35512.89720722259;-0.9369078026803948
8668.255167820804;31.170009281767193
9191.129947038462;40.31993103027344
42144.60631969187;24.760122515151345
59911.75;-11.38070694602114
34725.43715511699;-19.11371697220276
-32421.576721983056;12.75822471630061
20856.890223908107;27.78454831960083
-43453.17468216641;28.148608911600256
-55852.01953125;27.55461531412751
48583.38527323364;13.676948260099707
-19233.12029752686;-5.06360016406996
9510.860808654666;-19.85999076189686
-50262.912093936924;-25.769672393798828
-23253.60339718696;-6.223349972378365
56684.41141340992;6.3362362125545815
29493.156425242996;-12.828881489265376
-15158.950737522697;-46.75993473627972
-18251.000808621284;-48.01043612745919
-37836.05840181719;-12.100084038559608
-30239.693941432117;49.671431936423005
-8046.302359688765;58.36711502075195
-3215.362962891879;11.157073337856346
18324.77860383065;-30.198019634892603
-17118.700782585183;-25.083974928190415
-3613.5344006188534;1.4765300538267994
3267.3657576005426;28.884556932467092
-49801.4211769487;30.85247024893306
-44886.49249250627;16.999372467456396
42729.888093573085;-9.431022543224223
-31858.8207643766;-29.889008452968195
42816.98809557587;-38.38410533148656
4469.656856674592;-22.765487522289746
-20545.152647087292;4.837704313355445
46038.1328125;5.829792844796955
-55890.64453125;-26.45555087603033
-47272.41040451092;-60.058258056640625
-32150.677405526138;-53.801900589253634
39169.843776703696;-17.92400682757217
44746.44893108921;-3.990982136973102
6273.5740445799165;-37.92793528758671
-25014.76894579531;-71.57637023925781
-24426.257698294015;-64.65302633660309
6065.666937200542;-28.82540468534343
45690.41426540041;-16.022409607269218
49751.309540181435;-31.331360102673706
-2664.7549025124317;-44.79663559195687
-3147.635926103241;-18.205967794720543
11474.60506950591;0.04390116035938263
8577.31892796106;-10.622529224788238
-1511.2057906010596;-34.22856368372148
49132.618228705716;-42.33330218128856
-55193.15625;-18.34476253436334
5896.323244899599;-1.3833896268335337
54685.75;-4.8871371488400115
-50406.26276961196;-10.995198565088991
-45439.965575598166;-23.936988382806
-52768.88472682119;-39.73131268782695
1763.6544904171824;-41.20434516596831
11306.754980716112;-40.77550967529047
61855.33605504394;-36.17685916956632
-5513.358592486344;-33.61779209511482
63749.6875;-38.022943659923364
20802.91911212119;-44.03709993162477
-43090.60752290796;-39.197883175032565
-19032.907408272804;-35.83867183138949
-36433.154377403334;-1.8560740457236022
-59287.40625;33.60478591918945
-55119.457580225535;18.24864023877852
1590.9286896877966;-33.373739376842884
35454.57290442746;-57.31182457191643
-46931.87913478118;-56.64416606407248
-48261.1168186552;-50.81653579847891
3228.0688879055087;-47.16794766031339
-24400.549411374253;-41.52510016712572
-15107.150350390635;-42.523973078338734
-47953.21430431151;-80.63629150390625
-60867.53125;-113.72419670446205
47109.28650562113;-113.44233431554014
12247.142682019068;-90.87967714656679
-21320.23957721374;-82.0121155653932
54820.7919323128;-112.63091228682553
44586.66595011749;-114.5287857055664
13150.327420690024;-94.16294691328142
-344.31514533486916;-91.36653036379555
60649.18669471667;-96.47080198863597
53919.57491638405;-68.40755759342898
-14143.954736401145;-33.95884889646376
26434.423653299236;-34.614819547045656
-20133.70276366562;-51.85454820765128
-8368.688488036743;-40.820916874035376
17739.056855506293;-10.174788042162135
16564.326378411395;-2.5798778533935547
-47559.82234448435;-34.16896449547828
67058.05966607027;-55.26422898515512
68085.2109375;-36.14029296102909
23455.29142160462;-24.618100153281887
-5514.6714223485105;-64.03354281001333
54586.35663793079;-72.9906005859375
42240.11288772813;-37.23125336804461
49733.907065178006;-3.8204161317747207
42730.25930921831;-12.555753900267938
52164.67024434598;-35.71365525892985
-2080.0157576839847;-25.41120908840039
-15931.190557573165;8.494731077084253
-23980.484012711913;15.581160829149226
-41039.39483768683;-0.5441263132319136
9251.443364322338;9.809982771650382
58247.93194217411;27.8963080380082
-3063.9393148976087;19.098544248005297
39985.439348873304;-14.577065424322925
62808.109019149415;-7.249542071944674
75257.828125;33.243419673527455
53763.99986409726;45.99339641152285
-12057.21847068411;23.12609894609568
-43709.78515625;15.91266452957997
32867.4240945659;68.07929229736328
31749.609206850175;106.67034149169922
3908.940850062092;83.56885425513376
30550.758472164744;23.261202901386234
-2956.4983961092657;19.437744538370083
17380.482460678817;72.83221407187237
-7623.009351717716;92.4882726940422
-11558.097125931286;65.85205847726523
-13384.325706229305;42.71336358827649
-35825.50701055463;54.6019526905626
-18235.63360151076;62.4736036372315
-13412.27818449917;40.29933109905415
33052.50527731789;30.817332955505734
17382.035376138243;41.519742098537705
19981.615855235927;48.05935908845322
-13854.859090438738;29.061131761126966
-53218.16015625;22.19111081769273
-43666.177165252484;40.61634029770049
30389.25526438329;70.30953523757405
7741.536203952819;62.9513498943464
48549.048647040574;9.135689735412598
-5830.963149317053;-1.0011553764343262
21204.74617928527;25.513788956683687
-21037.381360069296;59.1259166385037
-44428.0365385835;71.44538879394531
-9178.493648692856;59.266312633096405
3122.7852501301822;41.31441848986091
-29294.830953922774;30.805723020583454
11955.031844574478;19.438069379664025
26159.83902177686;16.359306821076004
53419.859375;31.565187967710912
-27274.47401688675;31.608301698333868
9789.807370804177;10.521265502618792
28934.130236010606;-0.2328465871278005
42620.21816877737;22.136546724552122
-13720.791897264207;44.221831606229486
-19096.467910919808;46.35872497274678
-13882.794303934788;38.14058462784791
34604.21446948101;44.84090055876425
46978.705994395554;44.13228770416643
-48663.46484375;18.328167186191
39816.7252040687;19.093522001055703
25557.515472884304;53.72168587231093
22539.014288265447;104.52641296386719
-13218.88559242626;86.37941983500882
11338.73994510484;30.923716640452042
18268.81080693801;31.670005069586793
-38254.689535441525;69.20336318283088
-27096.607404529517;83.28384589171007
-54430.12890625;59.06945168210564
24843.763882345433;53.23812143098381
18499.10996546164;65.1749287031137
-682.524528059861;42.184675972931814
-30663.60734838023;-9.952709027793652
53260.218831780076;-20.23702049255371
46122.70292639127;42.89479225881769
50667.15578733463;70.48271477563331
-30148.510757178523;20.073977462801615
9874.318578309547;-13.950682755301266
60779.22265625;10.233250702093596
-33661.01242687479;80.5499933809001
15039.58603740044;63.49289660201022
-5741.950011039116;39.85681120054976
-4491.668337714007;62.9933400775354
31764.901363044846;98.31930969962524
-25401.11043969066;85.8892448694337
-8157.775597221;40.81015336374908
-1933.5472669721057;42.91561410826338
44605.0703125;89.60453305276607
40809.4581737867;107.82003784179688
24891.549811095203;43.89118784454143
39656.70486628363;22.11863136291504
32556.320069305628;67.3232658695148
5117.273934260273;100.50061934052576
-14837.6692431958;81.27292410661664
-44810.85406394486;56.45071889442669
-44603.00672694708;75.45740613714145
-60172.37109375;99.04379743407301
-26294.853988781106;79.06415193426594
15285.805190459345;35.85905126515833
21137.507139781446;22.747654107083594
39829.138891345996;50.4529557481736
34763.83589869618;46.600442770690385
-7931.676335351687;28.61247444152832
54730.06640625;33.54929209673747
-6847.750367593064;63.48376074936565
24451.70285921477;78.69633995309013
47952.474565981494;64.76075091617975
2570.711020531802;65.80556105266402
-28067.215729978903;89.4472328007856
15604.004420296144;103.42710359605786
30733.58620537145;99.78762178042368
17016.075447537252;86.94710865975969
9261.030238597523;75.04129968181529
13788.73387847816;74.56018436123492
47507.38419274727;93.57501076268048
2371.729441909447;107.0438461303711
-14779.086273382425;106.33892840942123
10594.55590585612;81.94925398626795
-59656.4140625;68.81791742555163
43290.37108790857;84.91613179651364
35021.392524538795;96.0146163750434
56063.93359375;89.6916159033961
-8832.823750004769;68.01305105423737
-113.64705093443627;66.6469537722936
-17694.52887897408;87.65824319206916
-32777.59997303403;102.63182153241056
-11540.863918085459;97.88888538686686
29719.334932296595;93.00879087968221
-60691.79296875;95.71355377124155
3554.6784135906564;97.22709629194932
2263.01451763112;87.8845544887767
-27144.1637812767;84.2340846937031
48039.58299043722;77.07853296689527
-36437.017410690445;76.08550642861486
10684.663119287317;73.28884743475611
16205.858172499196;70.77473466587767
3711.4596864795385;84.0468635300632
-4394.844764025162;90.77928171120874
24818.138549145297;73.76135799060914
2430.4854227624237;57.68982696533203
18226.53832522765;65.3225873758021
-37904.414541080296;74.33068243605277
23358.152964610927;91.91846700741621
46353.00456591474;97.65273317526857
-52047.27324348096;81.8171658949736
23056.5922495861;61.101248913013265
-57163.64043098096;52.669185638427734
42944.3519893419;76.98313030672855
-39790.016090645695;101.0114712756041
43596.604097682124;97.04100092717528
49316.09271523179;70.40749107840719
34392.22564414321;64.37025341859695
-53743.12872516556;72.03620406702149
-10885.929803911422;80.24441579340885
18878.79043356789;95.37755235349574
31964.49247206126;115.90145874023438
49912.4375;107.93929074139243
35698.42402214404;69.91540362331637
19871.568967301326;54.699287610018075
-61112.73046875;98.51147402827019
-69643.08632065036;142.45909118652344
-491.985970724636;134.34529386236267
10254.362502312739;105.42035652166699
24553.10728203824;74.55917209225112
26528.603259674856;53.60894733730131
-20530.1584447696;51.52267626107738
42874.52130472113;69.68182974850964
-3423.761859659673;100.547702427535
-65234.05901481006;100.547702427535
34388.62973352811;50.57252434022034
-3079.3612334699283;40.045841217041016
32895.64427786293;69.58181375684048
-50734.26818426313;92.67300583345829
-23288.859907345322;91.20402095581747
-843.3795030299079;87.36590727551338
-65422.86747992931;84.57483600799583
-71692.0078125;67.87997914859488
-18101.87179615257;45.463895015743915
11467.631713356808;56.36876360742225
19387.097889192068;93.62159500444551
-67554.42751156604;73.37877655029297
-72598.59165125641;37.68369028848909
-65827.56287093103;15.117933193859542
-21753.26761108738;38.81774830140763
-57396.94989051485;51.33677227571971
16417.168991000843;18.684334811785362
-36928.744756061744;-11.91747720413192
-36358.729912562085;-1.2471231412897765
-21084.201007897624;8.209278410659124
-44979.97080785356;-27.26609798171434
-21928.944316952846;-60.051692942273185
-13782.40430772338;-62.761447998581474
-15058.86377693736;-29.2568025562504
26083.125615853976;-18.05159921529991
-76392.4609375;-37.52588309663098
-16735.268087164208;-48.70001635503576
29383.605004773286;-44.6298355415473
14903.359078755864;-46.16114675272889
33934.37924713935;-66.95147055903196
46084.10546875;-72.0602798461914
-61384.48007946018;-11.034861685217095
-52328.1173018252;13.218445777893066
-68232.546875;3.434742296473644
-22809.777924138136;-38.67718857019449
30840.403792842742;-71.69667803968687
29902.381411390466;-74.35773119584618
-42471.331132503736;-59.46602912731639
41734.216494789434;-50.81403790771185
-22588.277111344396;-40.15147319234251
34365.958396476446;-43.5384534930173
18800.492188334494;-86.81880080296457
17847.367478737186;-120.41332244873047
-39383.744045075844;-103.39685609765814
27237.65951202334;-48.78511232121491
-18082.749214744443;-2.154488892057117
-22227.49927232429;-14.825587981998808
-5188.717051811844;-64.79425280321237
2432.9245520455006;-103.40705170362045
19960.015382580517;-96.58823043603677
-55214.34001398606;-52.41474804379236
21590.223840034363;-5.945778581131066
-25054.75121704478;4.696772575378418
27922.222869521924;-10.408031586124807
-60709.66796875;-74.29637785492248
17091.51075223119;-122.66790008544922
-17517.193653473296;-102.71797539195583
27614.79739554324;-30.694180046980534
19568.619676069866;-5.17810003715347
34606.71498173896;-29.737982974481866
39976.198652905834;-85.40342311778801
-59315.791212385935;-101.73068247970112
27925.44198443269;-85.80572554463197
7925.081043809318;-57.531833246439874
-977.3812419292881;-32.571591372252286
17604.959580499242;-20.473366217162535
11421.039836907177;-33.58609314429356
12219.380334778514;-59.92426941767128
44771.0703125;-80.38727546713956
-42759.883226288075;-65.379645804874
-6409.6376538562035;-24.721835323833403
2237.5376640131435;-6.249916295760471
-45639.66495504719;-7.742896860556527
56655.6171875;-33.77666382201769
43134.09674117157;-65.18803444512832
53087.07605415223;-68.90154603368053
54491.54816118827;-54.94746784145287
-9274.614272743922;-30.43411153390474
-35773.596044729646;-3.7002242026004666
-51120.234946983626;1.9399245977401733
-57256.109375;-3.8412932323449667
21670.7036994871;-22.988801630722335
-56357.455811463326;-47.35455793492667
46348.0434316538;-57.26596346919827
-26498.517872521326;-46.55516676637445
41863.466654236734;-28.302401751098834
-52083.20220849101;-36.40733998780881
13648.873533680991;-64.65249460998713
-18570.55094159139;-83.66024017333984
-33155.85471651643;-74.54953200234031
-51935.45452396371;-46.42977207326822
-59507.67119030055;-36.82119202387541
-31068.529630671197;-37.93096230414024
17220.03422996556;-59.78996879323145
-39588.74454952534;-91.81551145918621
-26510.062078582298;-119.76264834516772
48239.3125;-111.34053232759545
-16204.772287154854;-71.73560545064454
34491.01504836707;-41.68163904822276
11415.574245453696;-63.84930039651263
-26333.758387463946;-103.9137415301357
-53350.603823551995;-108.87129345400622
-3707.552951342528;-86.01522772873959
-53106.491020465044;-55.827742089473446
-62855.74609375;-49.091089685053376
24070.44976659301;-66.66360846662171
-31877.15329089671;-87.58451226567657
5972.197782174611;-124.7774227991144
-1615.6418471113284;-150.4564666748047
32753.406554171786;-140.88469800752057
-22229.61188556465;-105.34430478203959
42666.24136904365;-103.1520166824643
2184.2330598429835;-118.97256233570876
-49104.58445306063;-142.4942329032568
26836.771939827988;-146.21109008789062
44298.25421542874;-126.39880713667931
-43276.46961155183;-111.25351045749213
17385.869960869546;-115.19146686371992
-10127.967303887577;-109.55493062673303
64228.859375;-94.53064095395877
7013.443486754011;-110.78591548209405
-45937.283659591296;-131.11957430044254
5356.8097569105375;-122.77756042624829
-6427.8002469972635;-86.0915226919023
-51021.49609375;-48.310446245202385
-17639.095393230993;-74.94393896531967
-29346.325477698123;-119.55070692190381
56990.31963823168;-131.26597783906556
2008.3696065687254;-117.90142624190551
-42372.53146172216;-116.66147790458797
42369.03213301016;-131.49604054261604
33502.95031562814;-110.6946621884446
26792.94126653245;-95.86019688491967
-7666.671433316107;-115.38385189172932
67177.7362405631;-158.560302734375
-38011.5742205382;-139.79573836201303
26768.68613441591;-77.23418118876796
-731.4361574240102;-58.787693354747816
39875.12002452924;-80.58276609548314
31834.543727897923;-104.28629806626941
26591.97017185259;-93.9185640281705
-31885.42085167623;-71.35074092434706
20760.34340726283;-64.46818907936779
18551.393875221256;-51.29045372094846
-46358.8046875;-30.67792320251465
-38742.693202908034;-46.89202109872468
20477.944369048884;-89.83040238506543
56959.39558175432;-95.89532190142369
-7884.967622364922;-79.12117513095536
-20071.439001486826;-75.28669416260144
12459.890695097201;-85.7559004706008
19422.272623990983;-82.34117883450836
37183.889312406056;-85.28341773265359
54887.29076837738;-113.11150980265356
-27169.318408490726;-131.0233154296875
7071.687156309126;-102.62640385861658
56491.94140625;-44.27834151636533
-27227.533640934478;-28.259262750289352
-37301.754250238904;-72.19856632245424
43748.77629413978;-100.97001749458246
43247.22967616285;-58.452762675094974
-31393.654506332114;-29.537103742131876
21249.335303764077;-41.4302382398762
-5919.265868253984;-39.3913007325162
-41330.546875;-10.291376327375161
26311.07512983479;-11.575225975919139
37554.0784828176;-52.33595015301495
39021.40088005367;-90.86746269387137
-2627.8661877803897;-70.96478881308906
7598.609644838456;-18.87374098261843
32192.306304921396;0.2317844424376858
19557.590302809178;-54.65649435308944
5410.501030953397;-77.74478912353516
59941.159158497394;-73.62559173176052
-16128.274727145452;-51.43655836374449
35994.64662063538;-27.161335236866066
19465.991620970366;-12.751396473738978
54904.86734810962;-6.480740350344959
29649.80221255021;-17.86896741175945
76988.328125;-42.42944012327954
-24141.52369729477;-37.0507932942311
1962.464936020806;4.4892818115524875
-30205.029296875;59.694745917161185
18368.443129651685;80.67509460449219
-1048.8417294302853;43.34607692621529
6741.953299110479;-14.271921802040758
-30025.10331469161;-30.98319619719218
64103.99210992218;-7.227707483008317
47055.18745267247;34.13831702875662
-2987.1352647695276;50.21865802059044
20717.295042518483;15.495564513870505
68692.46875;-11.58992862701416
13411.234625347148;-2.4789933980349854
30314.360494647815;10.345528613936384
-4209.353263191631;19.782353197043584
3120.629750873588;51.32999453070355
-19398.25114492096;84.12067097225183
-45706.9375;78.97317103109634
20343.209511951805;40.06663771041214
15699.781358245338;11.664604571121242
63314.122080236964;38.857743392003904
19398.813034073915;68.11950368456587
-20950.133712080755;75.24716941556593
38964.0546681875;67.7905106223033
-20784.29699230552;68.09622587355673
2534.091457773822;69.23994232113937
-40129.5867665067;53.58018292825419
12388.283911786246;45.038778141965416
51688.09519915235;66.97889094511778
61102.38393333994;90.1092758178711
42553.110414059876;72.00534626902574
18823.77874271371;31.62021255493164
-13569.899721661655;32.13510530186401
-44476.953200402175;74.98428721830581
36773.01790029794;105.89830338167279
-11102.479474454572;110.45895385742188
-28034.915152821435;94.24344139036253
61021.98046875;74.56082402456704
-10221.13548066414;69.10873540518037
28875.215496798424;64.70688362708333
58019.58098795806;66.55592603838016
-46534.56563726701;89.40128413241212
58119.03225573986;105.75394092926184
-65.10342770546413;101.06697330765319
-40913.85433056457;93.39170292113798
-16695.75594866548;75.60745180454639
5125.223944286081;80.15366603505439
-9454.674847931987;96.36196037949315
511.0280546166905;92.64703327078485
-51347.6640625;76.81408130261454
-9626.142551004057;78.92057008737756
-9448.125893083648;84.60764520324815
7148.013806824034;77.51296720878173
19504.197436576345;51.64273916455167
-6340.138080400058;37.73739242553711
44684.80859375;56.395530830083175
6009.984139673681;85.65641679093511
-38182.23847431534;89.7269515991211
-6741.706471604906;70.57774692167168
-25839.6930163398;66.1327641638728
23118.312957420014;87.0883628694336
34813.802932208855;83.9476013598627
-7291.779399934574;65.07764600076867
17117.51737564185;63.09672114868518
-35938.001540827085;76.71012541851002
43463.4345435194;88.0340026065916
-54622.296875;63.32519786370322
31455.781970284515;41.100284074708874
-25025.94876699261;45.976833960875155
8258.767130420856;73.23458205568352
-27311.100215811162;79.1670434268811
-4298.739297540204;48.87272020803255
-2275.7526608325425;33.935265123831414
-34068.82673545412;33.60195823307603
49427.26470479541;38.34950862229316
-57601.3720435194;38.35448335200592
-60881.0625;42.75877739104214
21789.359205002373;53.419623165501406
34969.42365627957;64.36900326330115
-19561.17730383751;40.863405370477984
35551.79859714996;-10.805795669555664
26415.791712245744;-0.5727766503943421
-52760.380347534294;52.13945938608275
1162.941480162015;76.84230889644512
28871.728140521533;64.0473040752089
37888.96118880085;32.756254181905675
59137.98370240067;10.990153445313307
3298.9548323675554;16.057744779385093
40316.162011441585;40.02433429225798
-22210.60014338931;64.66748704606715
64662.8828125;97.86551666259766
40999.16548626;85.27501902584773
11452.503555465963;52.35142813987079
-8323.983451159416;28.46029707959593
-43606.29267405564;58.76725614071984
33455.204692530795;110.32872743414767
42788.83658065375;131.6365383414327
17921.418865410044;90.53160084585801
3526.373413454756;37.47110431858693
39293.38522441595;24.761035919189453
-48403.60546875;81.42085859127745
26695.778536534955;109.90400361789209
-25524.711191721566;108.20011160209027
-32150.533429212315;95.54833862845337
43543.85407360112;75.4863842488514
53405.6875;54.29682977668068
46514.21095943518;49.013598619179845
-24317.61532336745;61.29394645154227
-8134.452310954519;102.52879946738337
49992.57344237581;133.91339111328125
-41808.853909981364;120.22062839391987
41555.853291802734;65.51498482558901
26432.448227673332;61.14974490110498
-21970.30251782472;100.11452932689872
-30922.770932776784;138.80154418945312
-36163.115309181114;129.46483733750284
-29365.522946044704;105.52191199229532
-45033.62330377886;86.36594970408119
-46797.47985015412;75.98710011121834
-39666.923279328286;64.23967785276018
9096.111813977288;58.26459097052405
40951.39519168962;68.49543196399658
53283.0234375;73.80346639144626
24233.17694816574;38.92209729677692
28413.158386236057;5.93037223815918
-4613.475999040093;19.717474647119396
12031.319367916367;80.4374956682283
-58616.85546875;115.76086304600842
28633.427015938287;116.66716227789155
15449.75190019446;97.03676146560437
16020.059825159944;77.63952488523343
30047.818721961128;71.76641765443952
-31433.428177310634;82.43744668725697
38746.92936371769;108.17628964761661
-27458.198223441268;129.12301635742188
38924.67742531549;121.87138473443686
-7470.579330719549;86.89404186090799
53844.97022299493;62.72923038741233
-14190.3598628193;67.9166779937963
-5690.086035731452;81.9370826464837
-24062.90897902234;86.89550064819888
12164.556117816705;86.00564040075955
8962.078330046235;79.0691068326055
51104.938663279754;55.54762055438974
-24397.316349147008;33.522850036621094
17979.02660737175;39.88753898674857
36119.87326688247;78.87800569749967
-25429.15891011727;107.9385073192025
-11368.985969830544;100.38782430158622
-44869.9765625;69.35941862448071
-40822.442312387466;78.38639438047173
32988.59608132801;107.87076767454231
37858.41515305986;113.38994598388672
-44685.18252262185;99.54304749856453
-49679.95306277085;85.6423970157948
7510.005212108415;94.19664346673002
6017.16398417711;104.24634727522326
-21210.747442882704;81.94886690547179
41600.3828125;54.683166200213066
-59485.35513698042;58.382455453119746
-35540.707952408295;89.3493651254797
23092.76860234287;86.77502839058201
-60013.11068121605;61.75347357875759
-29321.08420211741;23.387985400584277
-66143.953125;12.86411218603606
18218.017235805077;36.10801165370293
-57045.51330630856;40.75563971871958
-39762.7523062933;27.31572064264295
23127.294665984446;14.639847815999051
-57839.61277006497;5.57303767511776
18974.302439382605;-12.416604042053223
26570.356554660553;-23.398361206287525
15073.342938040747;-12.267978556217926
-21988.054079037218;15.008787228669888
4911.848482037953;35.586631774902344
-20722.124054283842;28.872191799786776
-14704.88473194735;5.9234291832451476
-68825.984375;-7.981358685098954
-10017.242090579894;7.002843519254995
23634.287269179928;22.762982546619227
28204.9609375;23.33545149159569
-19340.705676395075;-6.169115127357173
-65944.69802626308;-29.976581161363512
-63549.05500865963;-25.04162296701817
-32590.773268813704;-6.9209116936515755
-61753.06305541303;-11.083381673088908
10665.53746003982;-47.62828173282167
26346.78294794973;-68.83032434556462
-37849.93519621017;-61.71929443868824
-43189.05059885422;-59.162151530856605
-27116.921454178366;-77.41390991210938
-52157.45141411567;-75.94426037047414
-47039.441988724364;-68.45172119140625
-53657.58671882153;-70.15522169256994
-37277.59413976667;-82.85846828696208
-13272.054381897658;-96.2316629776102
-73663.890625;-94.8617050115483
-27547.807675273994;-93.68500130402178
-32049.901030679204;-108.83899819924775
3720.479384568025;-124.57562089613222
7422.725569635135;-126.71430135725706
-44749.584161406194;-114.811270544504
17096.82647163591;-107.6522739005379
-32841.31099457915;-104.25386197636765
-22001.188162823877;-111.61470195702624
-21424.083242453344;-144.41209690001907
36920.88671875;-162.26449584960938
-11356.808520434046;-149.9692304676808
-398.56479854445206;-130.50208482455045
-63107.257929567095;-127.95542315096205
-45080.32265378229;-142.98201538685728
-58243.38342561209;-159.48257559075668
-25898.96759339617;-173.32274638512501
9309.71920932742;-195.10580869649013
-39032.94457892325;-210.34374508432944
18363.728294067783;-201.4426238013168
-62798.70703125;-187.7753509864687
11010.885795624708;-185.3214495421933
-15845.70013335158;-215.55359865999398
-12073.196348043093;-235.83265686035156
17431.22199646606;-228.67509712985043
24771.927753508688;-194.7350154392057
-11433.99463428573;-173.2581700313283
65701.06533631399;-173.82894167456385
64633.03209307384;-186.07136848951006
3496.220078508879;-197.83884663782234
52294.011669276646;-201.57594272528422
8350.916638691371;-175.72457012472566
69762.828125;-130.5482028734514
52979.73755840243;-99.31824493408203
-32074.546175994998;-117.33296453518037
63277.91356305743;-156.15631017816781
41166.39889021109;-161.75697326660156
56688.22464233737;-136.5441712993478
7592.969953752538;-122.92323648785892
28830.832787298386;-128.16608549506822
73388.734375;-118.12547328900195
-531.8263734044594;-103.91545431939969
-27779.153945971746;-121.5508885787725
50997.054311562024;-151.07709565932333
14421.379680657177;-136.6205340605847
38137.62866174428;-90.3097920601582
10981.47917487249;-77.98266060334062
43820.510075638216;-90.49088089394861
-6173.263202891343;-99.40786961324302
38223.83339731094;-76.61467628061061
-35252.44140625;-60.353771723502405
17461.754392757954;-66.03297936635127
68945.87492656484;-61.006127883783535
25949.605279320655;-22.4734785636322
-15682.30864924362;-18.775339126586914
-23477.94108413667;-52.00066286197576
16521.737627009454;-54.46676571542999
-34099.81883712081;-30.43962637130352
27343.530475592823;-17.78336349229088
46246.6134039201;-41.09639927314025
12358.228101300469;-56.166919130465075
12535.930408499786;-50.3347472890156
-39508.6328125;-39.28864121158395
31064.17253257851;-48.45851354330945
-38188.36020198008;-68.42406659328996
-30562.432284434413;-67.35193302431502
-11774.578195931692;-58.02945773934127
-33341.80743297372;-49.05131732323538
44613.97345652638;-45.242112836384614
-843.1097046237483;-53.28213637963742
-3858.495729912145;-65.30353184417493
-29937.697610686817;-77.86001586914062
51472.171875;-64.23139827519998
29610.62319165909;-25.0662416136581
-1145.7589465725832;-13.753080368041992
30940.448934605985;-31.24924069272845
51219.21509195132;-31.441181396198914
4842.300395357757;-19.32398971347248
-45432.83203125;-15.495146589697988
21016.76025094083;-16.56702324544215
-16543.755206803435;1.9814283717492458
23325.650859847083;15.534436225891113
30416.494938636344;0.9855801764706626
3478.273492516768;-42.46655453191153
-15419.000628788584;-66.14505767822266
32185.71293169385;-37.585776643662534
69023.171875;-6.517556413738461
59200.780963888974;-26.483128679279993
29859.357189588613;-61.16955580644279
25496.56691648133;-52.57460066921983
-31782.083922920734;-12.682093552471741
3747.2365437811895;10.748382321172997
16135.255521823594;5.694359252518851
57223.727885763496;-1.8474147520252444
11472.064957693721;1.1201879425408663
69736.92244787772;16.127714157104492
75292.0;23.629806231494847
70078.71429173453;43.27071197322448
52480.27469090473;66.31713882575164
33259.28392120407;81.78430922826617
-41212.93446162011;83.23842901777086
28767.98547861367;88.21810339126333
69984.62552572902;111.19765445158451
18064.90830076039;128.50133699390977
23762.079091339998;102.68556643849337
29415.08576726394;87.89058348584423
-28109.63366117683;97.9185227889379
-41646.89489258439;109.14336729612859
56241.90515222776;103.43663302788377
-16646.16563968703;98.38665333437986
32496.972898669483;87.23382891110332
-50545.00390625;73.52257674497181
-8738.868937426567;70.20450859321289
36598.47502495127;73.14532868637392
47510.8517026944;88.07406322343503
-7326.885573232983;76.08310755611714
-9235.870309448153;58.35597005671758
23544.34644957674;72.57804142382125
32504.158548902094;123.86580780379252
-58199.00076320116;150.83660888671875
-705.9677807988992;121.77945891552116
43012.88671875;99.93121335754338
-58697.19921875;116.13341948769732
-27161.702588541826;133.09884997479708
-24765.383537553025;129.75310503033282
-16063.206776611187;134.5934344511224
4262.04859369278;137.08036232594185
-3029.341886582726;119.01333962583483
13029.410199285863;72.34437034833485
21134.059217591246;51.39894485473633
41763.510529601044;83.99302519579615
-5559.134667095517;115.07279558013246
-15211.147735812709;95.52787919480629
29735.35467133473;61.838276019323246
18992.271464764475;65.4950766162207
19760.347093922624;79.3730417753876
-30353.543883590006;74.56753986063055
54791.71484375;78.33820125989513
43676.318945843;102.24797448760644
-21028.449638379505;124.2987527773073
-8832.72717859241;105.07984344317572
-1317.341650064278;79.23826464238186
-51193.49609375;99.26118928720297
-11247.289389501057;142.829833984375
48020.266768013564;141.83372253009105
-3214.3821546830586;112.71876347595041
-46354.668139939764;90.30238284844083
-27141.67479392853;98.26662699536735
5570.548809587395;111.3585988463061
-42825.81700517575;103.97064313016281
-45360.05611066393;87.29700769865724
28757.138506705494;79.64104687895079
-3494.1673271460168;70.05637881105848
-29570.792302826583;55.42144116157105
24115.61570341827;41.30702209472656
-27147.844060430463;52.04314594581383
23352.159431912252;60.377000015728655
-18451.208699813742;57.45519701684439
26754.07411527318;45.585234720698864
21927.645423737587;45.90229548320025
-23377.338265728475;67.82242340738439
-37270.50404853063;88.19798101979966
25364.304351200335;81.97566355571001
50198.88578745861;74.10859338614445
-45063.7890625;78.33937293577227
-41406.579715956126;78.30084124588495
12527.061465231789;89.61374539680236
1747.2820778145688;113.7323814554145
53933.13671875;113.46486143705395
-37687.434977752484;70.3765239942011
-25730.88314879967;41.58674621582031
-18788.076805670527;58.31280234319361
36900.90401231375;102.8532340420858
34044.32289942053;102.43048635875061
51775.97234581954;43.911858474163786
28517.85507069803;26.976099303190217
24820.292139266458;52.60465006792364
-7562.342544161234;78.90852496348008
44098.734375;82.3948857888539
-21080.23546901704;85.29666916348404
-770.3000435604044;96.75396512047826
31798.040187393184;95.50883625427332
-13082.02624389153;80.17686809668206
-15536.649075050736;69.3801235551491
-65143.93295870273;101.19422128063958
-62123.0001410289;130.09809407986464
-70847.48353717155;115.53219673317572
-76396.5859375;67.50398870420642
-43870.53508865627;37.39297402113523
-11756.346048186817;38.12105784967879
-18566.775236661502;43.76845589368626
-40844.08626462027;28.210676229851046
16546.28259603317;-1.6091049218027171
-16630.65700354491;-8.201956748962402
-27756.4418360126;1.752743016950605
-25841.664337881863;0.19530186094472413
3777.7757081486343;3.371975577397478
-49737.25977689062;18.20366853405538
-8106.652097992548;27.630867195146863
45677.27734375;16.63788046711558
22413.668338012038;2.0894003290170673
-2052.256321265486;-10.326866105022866
2005.1308343402925;0.12494963213060828
28183.755854785297;31.038440534374146
-32959.647038893934;52.05752182006836
-9797.087354464857;42.04585848882884
44027.946895945715;17.141169488631945
-63096.32259399701;-1.1576256162498026
28665.024656273366;0.4694951629894888
-19006.277196462426;6.784960626533547
-59619.540860827015;11.512991183502692
-13912.706322350328;-1.9693821025665272
14218.39710982563;-16.420451462307028
36531.45741511563;-32.41385814604929
-66562.828125;-66.15947723388672
8742.654009273814;-60.34618525510596
-64951.45679413548;-32.5712537123089
30123.99033922277;-7.303189346790816
9696.582230454806;-20.181515507663562
-28931.19929301965;-69.59891480621638
-67405.703125;-90.46816548482722
50769.59375;-55.65665412383909
-49059.26508663442;-8.394521323784758
-33859.52789129497;-2.3061978816986084
41724.40668488876;-46.81184224334842
-4974.7977459696485;-49.20455335608828
-24428.441697010327;-36.74327735099844
-49675.98238652837;-45.722032347215
-35033.45468144398;-50.73728878263348
41589.161662982195;-30.484480852533864
-16486.85401065668;-10.595450248098913
-18248.64582935957;-38.708283741931744
-25007.29039077044;-95.35556712796189
27130.567187690744;-102.05424499511719
46690.60388929793;-36.95789075233198
9461.947071605959;-27.4024661811237
-25968.092249586094;-63.503919967141215
-61040.4453125;-98.33367156982422
10456.870498758275;-64.50515280806898
17412.652783526486;-25.46699749234139
14052.832833195367;-42.56611894669886
-32784.967249586094;-85.42186218254385
-9002.30375620861;-80.61668895712471
36060.95576365893;-42.887456376439
52748.9296875;-32.05379445948577
48953.28813120861;-74.8934087895909
-48436.34556084437;-94.09301004529992
-31835.188689983446;-60.842650520065554
13781.963627897348;-21.659335052679296
-55735.923375413906;-17.0266170501709
33395.67223716887;-56.192562926760395
44067.22438948676;-80.98889447419823
20838.45369412251;-77.8226662089595
-20741.705660182124;-76.83508090365775
-47137.56244826159;-76.10431740513675
54014.076573443745;-47.09009779501896
-37677.16785823961;-30.041322181945674
12573.050515643597;-46.54926844155722
63966.8125;-100.44876459182068
7865.699411040456;-113.32746124267578
10269.982095171974;-73.22702046757954
-7644.942572629283;-25.678315789545223
39472.96069430563;-13.253473011331991
-41315.55428348739;-38.604453611756625
-12943.598059666547;-62.021415793223035
-12505.002917140337;-48.46747313673002
31517.874708405187;-24.542890421751267
-16869.646076368757;-9.695385159609984
-41224.99415284432;-14.32406211160567
-3248.3370143503707;-35.20924711502457
26039.874648917932;-47.51390559246852
-9278.576301876696;-49.41629656385589
-52401.1796875;-56.28735954862571
-44950.389331062885;-56.19247720591312
-2449.277038088054;-28.053537102116977
5668.180451237626;-23.420038053586097
61455.18359375;-68.86496316285378
-48934.67659195751;-126.90370147889719
-45466.94116234035;-140.01449584960938
8265.17039437544;-79.8508128965036
5342.92143683289;-37.29870150602744
33964.020647083;-50.9853976880365
37880.68127887338;-110.07710499239167
31987.05570015422;-131.15169008697805
-2573.408637715722;-99.85532300838324
-10023.872936424217;-68.73001587373801
29183.39075828006;-55.178266980844725
51031.64861649822;-42.122591925405175
-20699.82246131302;-39.13664557046333
-28666.974256862373;-59.198175663659484
5502.162829301873;-78.43481669380998
-49563.171875;-58.135703345128306
-37352.40637588885;-19.419136031210172
31216.259598309654;-15.456247329711914
39220.68065592622;-66.72101186535257
-18592.75408191025;-106.13778686523438
-7571.080000278958;-99.71221044986406
17221.539625900296;-66.2358057340675
49900.834013224536;-38.91259372180137
-34244.69921875;-42.28092344799619
27447.169762427708;-73.91464491101803
-26427.178854380454;-88.84811912352912
36939.76329313553;-66.73889696140017
-28411.141659648998;-39.90240338504465
-33716.05227451113;-37.73821804616385
-20049.606707312712;-57.57013376504133
-5642.440712430762;-57.37812557472797
52874.47307456816;-52.95747189076924
53490.715588055915;-66.54837720667064
32824.30830281085;-82.24393043809987
-23044.76046987537;-69.13230138018994
66465.6171875;-26.375500799247703
16643.716221732233;-8.594649314880371
48310.28288738956;-29.35088353131286
-17793.636608060795;-59.88167422672076
21703.01740973674;-29.308905385922813
-7168.606897755362;5.20266052879645
31367.386835221034;20.28450163324551
-6262.272550376998;-4.1795142049169804
72307.484375;-32.77153396606445
-7600.194682221252;-31.87289485360362
68584.64011566277;-20.815809774112125
32793.22499723426;-20.42385016123027
-25042.735067746322;-9.240573206371934
53722.03559727823;17.9537759351822
53039.48750851181;28.670525350805548
65202.27066407085;9.439648344143706
56709.58214974766;-19.94585063332557
52155.53178699463;-9.6745967777094
-18837.461811092333;54.88019546487601
-27657.837346954442;92.52935028076172
41338.663129658846;87.74553100549149
-5439.0588133402125;65.37132910332834
-32446.86328125;39.484786670121466
-8364.264908053454;47.16719508260579
-8851.229159017174;71.25132210838873
12884.713329567;78.07602186392475
-26461.593592698544;67.07443623826993
-31092.415581689944;50.34070147583816
-47511.101219107164;26.832155113978104
14294.169683627959;17.968276977539062
47042.68771488129;23.891248311428043
53527.23227583917;24.08207050854007
2008.0309829630423;19.1531206850974
-36294.68588234018;26.59269196466105
9625.01884446432;32.989600781573365
62515.347641229164;34.125803536926675
19505.151086590064;32.80252019616942
50664.764056157874;35.840708903129524
63961.390625;58.68698999265961
-7333.755136288986;87.02969868135769
9896.805236594744;99.7025375366211
43542.56680597094;91.08810018072066
24437.377215572254;89.57524184675407
-50213.28515625;90.18761896297632
-3988.046028230572;93.05862601595678
-1801.8157126691876;104.25767995163952
6437.909084764207;125.84903133095582
-34360.398405431726;122.36572369517204
-8280.738796488273;76.63536885638413
33779.0826730924;32.76116053313795
34434.951767760824;30.578975209719196
45575.86328125;63.14039512941856
-16620.912013825837;78.18519053847861
-21672.876661947426;78.8554656690909
6564.946792290073;80.3491783470391
-41845.28287093818;73.4583860540476
-243.38802150887204;47.50114756832227
-51229.82421875;36.914743299534024
-17.379076724486367;75.67848286675436
-1775.2264250474982;110.30683718243688
-11249.875914243945;99.03499318732112
-18176.385339694854;53.5988315054083
20282.064839792132;26.47088623046875
-39994.37301593924;51.971670385166234
49235.481306578455;74.1518264575739
37383.64246505154;71.15904960532787
-45617.321530021625;75.36706727773527
-57079.58203125;80.00074768066406
11631.648441672456;71.49537571339414
-42019.34912495327;49.58951037785836
-15.87820360900514;27.842611679338276
-54288.46965542219;26.406656850758417
46366.453262690935;52.324787553616154
-2107.481026189649;59.02503423774908
-39598.76903723163;31.536943772628824
48537.703212621505;-3.703726238191126
-14606.885642257264;-6.096108436584473
56389.87109375;25.908736557957162
16412.20754195818;43.63417347213785
-42414.12184312246;41.70029835075674
10057.751946866323;40.05545347849509
-8304.373825871873;62.73775916507451
-6053.476748591376;75.59435015545193
-13917.764844751386;36.65672050362217
24660.997947689844;18.345781802039667
-39342.18627550441;42.55341763947085
-52497.37433663967;82.52153778076172
13979.306345036544;76.66481915120403
243.7915285982308;34.243454141314416
-58718.74473931232;-1.6695490707959522
-61923.08497896846;-11.696380482749696
29935.78349877306;-2.3958386700521643
-26911.152349949072;14.099005117499907
-10921.2269682412;7.366704026616681
-47403.20921660178;-17.641867841105366
3242.4251662305032;-41.79099701637424
-63229.23828125;-49.69141387939453
29184.87078081607;-42.690789131008316
-24258.70787182035;-36.299440657553696
28910.595311450932;-29.55906968223429
46370.5703125;-19.756177563384547
-56631.57531389956;-12.555823175202875
-55937.524583493876;-26.597422094156205
38684.16752468185;-33.19657009184246
-56985.02734375;8.911253695980278
16536.64708860572;17.595011231591258
37083.1142568886;-10.891527416948602
-6105.024860306286;-23.134248289033245
28000.941716680463;-12.535049481638861
5100.689972356908;-1.7755242846077408
46445.11972637773;-1.8087196163827457
39704.33410078642;-22.750029980828902
26061.593251093902;-24.664058685302734
47776.98278219608;9.657089235435762
-24744.023263806765;21.62153434753418
6058.852090970911;9.618949918077249
-26987.999981521996;-1.3107896397576368
-18121.90096898652;-3.779957296894356
59081.87890625;-12.892429010961282
2105.7691912547307;-19.78363863072186
21734.809414173375;-16.663277443871166
-49767.81730058538;-10.671873200309722
31536.04631696429;-0.6793720523777083
-26024.524579440633;-6.632636978580631
-38962.85850593776;-34.446285409159294
-26211.214655512787;-44.78380879844465
-38114.52321194914;-26.29144275741072
-52882.2109375;9.179007359687859
-37845.052000917465;9.08271262126712
-33761.398772011475;-20.702571664755986
11661.134312198628;-51.8680805348097
22711.117367034676;-59.8303337097168
-23978.928450546664;-53.96201906242933
27265.51351397748;-41.66839079071482
8331.002432659;-24.163517851524944
49417.04510230376;-3.575325150745492
56127.2109375;-17.256730534994198
39193.77310847232;-49.466376470668884
40717.44983257736;-55.464972234643234
-13401.351716284677;-3.6999418710546834
-44668.32920864551;49.41510296255014
-25271.392221976377;63.906517028808594
42003.259993858155;37.83330050229874
10342.056100173191;-6.996620562870618
28540.531291664913;-35.57592313268614
25849.402390600677;-29.297235013145873
7351.261848215239;4.028839559890052
62349.5234375;37.69968844276471
41411.92937557938;29.545301555019208
25576.154833512002;-7.8200096571365805
30685.165078551785;-43.3966064453125
-38514.77875415815;-23.48351775182848
-19164.537277167197;32.03779840045887
-55459.72265625;56.49621446310127
27472.708601463077;42.87604769093984
27113.172342135862;13.660378765935455
-12130.210363430146;-22.583625172478754
-20653.017390781883;-35.174213615718074
18957.09229929789;-9.781111236035805
-38460.84831525906;42.430055235093405
32362.401728313256;60.246030465980354
-33670.02765972386;30.715636368233262
-41862.06132849456;-20.522886981103195
6351.751047285572;-26.5437851350301
-35813.88713086909;20.761729337598133
-29231.065290595816;34.74723036196734
8339.774461479443;19.81752206123238
2239.336843995101;1.2339441235000592
54171.444028815196;-12.328029842820847
28112.359193438708;-28.16095893043301
5765.910072741339;-31.97725650725535
-54402.9077161998;-6.709844746631717
-44756.94606121679;41.51000112757734
-4474.417856749453;57.57063293457031
-56573.63671875;18.826256222861268
-14475.276475641462;-29.60307615317813
10753.418376219779;-41.91116714477539
16841.796388134404;-8.757651202929786
5585.01598919549;15.667260495984863
56328.390625;5.9246201427447005
25536.77200390493;-13.914358787840474
11116.929344107164;-16.66652565608984
-40648.06616353248;-14.421376842995073
-48802.08232946114;-9.843034165311636
-27383.817311970215;11.416803234835058
-26931.789454472106;23.65646743774414
-24994.27397115667;14.120678213840549
34061.836117273095;-39.2864085290089
-12759.38662820778;-79.19634400679536
-48517.44914370546;-71.38473807429868
-39912.965926859055;-43.46259899315779
26808.118498126933;-31.48035850400335
18292.268194515447;-38.465986189488746
-8882.583003312211;-73.51635458172014
15246.841295763457;-97.71047973632812
-18437.211050037004;-89.69145325749679
6637.040104122956;-55.21519530601314
-33889.47314341363;-30.71364327023055
-55457.40625;-31.38405610749082
60711.98046875;-51.6168192209394
41537.13601950658;-54.54663443791658
38823.196216253215;-49.56854132588456
36320.202746498966;-56.59491233297142
54807.25578903938;-35.51950325003825
36308.12410709518;7.7047198095905784
24890.282825160422;17.906917989354042
-48379.06640625;-3.3590241419471205
46310.331742277864;-20.663545028521675
-42020.74100985509;13.581089429395199
-16663.031512208832;49.41608428955078
-29025.773893310627;32.18758214754454
48021.46173276944;-4.641689625695026
64208.4765625;-20.74077041982917
-12168.738284170715;-21.792966376393775
46770.75627787199;-29.660303115844727
60830.88463347747;-27.230116583137026
33689.88906140324;7.5128629780610225
20730.99998682698;27.918465984327135
-47272.67311922533;10.613945097752577
58666.20211538572;-9.409150892193601
53859.23252362324;2.685069374603465
3435.8738680732567;30.465697250735253
18815.427758515623;31.193305234460553
-23060.870954568905;22.99655393521357
36254.00281598816;53.57822482525587
25818.900659390536;69.12699940854601
14572.552992649806;47.76471006831342
-18359.629608294934;13.586061477661133
45206.9375;31.41332810418477
35059.790956912635;75.79891100091922
-19429.596659510713;90.90770965822048
16760.723314603383;50.509804822682106
8844.136498504115;32.20959577427416
16284.207933870683;69.37805195421114
-22889.44913249945;79.15261798720337
44103.35126548099;59.522337623630186
19510.18782735869;55.02114299175544
-33707.5176380295;83.42051126351052
-37771.05370685446;96.67938232421875
29864.896284752947;69.31592278886977
20527.53354818681;42.12870721234631
-50584.34765625;54.7586789667419
-50065.44287048278;81.57945926196626
-33616.89201347297;89.52818859921211
-47891.96011522883;81.11275482177734
5519.583850320065;64.55429152052342
-10639.096407613797;40.384264261295385
-59118.34517829009;16.008683664534537
39129.76710669747;14.073437057096037
44147.07421875;44.710020053374684
-4417.186469106207;59.87376589403564
-48232.0077839485;29.497550458631878
-28712.950799751845;7.495730256046198
-46825.30115438646;29.043810498744648
-17066.318146103076;39.581844936259905
11188.114327939504;20.374027506805348
19107.054613170738;6.206073390192213
-5260.889647155964;9.260443724198225
-59152.02914547458;15.596054372153866
35774.202375746754;1.1464160522550344
-59886.66042978406;-18.670448303222656
5803.491573732244;-9.231743567179151
-60969.359375;10.805900298981925
-13781.32934639605;2.580721563039514
-33842.14686770417;-25.51513657249879
-61018.86942178869;-30.711214657425316
-62629.125;-27.752493405162376
-1658.993334089937;-35.0426215518946
13898.271354492521;-54.8608208296373
29422.59899715701;-66.55078887939453
24718.09093854192;-66.09832592870833
950.3526369661195;-50.007712881707775
4999.7794489906955;-34.46617409158976
-41783.634605700856;-28.87882021656805
-15293.100508240474;-38.12532731377617
57287.33984375;-47.405648368153
-28574.04935671512;-34.020151894649985
28747.38955583886;-15.238913970081342
-17907.935986949524;-13.78974437713623
-56435.13053153945;-14.490176347059702
6101.340651357983;-21.35682493496462
23484.781552502798;-31.681353190480237
8075.733570551165;-45.07651079460288
-23693.877053204254;-64.83674328862779
-13270.893300972584;-51.8122849044872
-40384.09375;-30.156908647234147
-33249.13028327853;-28.641174187646982
-17942.716740666103;-63.715884388982936
60704.73362646204;-110.02500085786741
-8699.156129594943;-121.45094299316406
65005.05040918646;-98.6960089766161
43291.41931692901;-70.20445748899411
54209.3044505047;-49.86855054289494
-14892.630123175564;-60.20912276095211
21403.06134947604;-70.353429830576
58216.14793799784;-66.60547488760307
39639.11871211414;-42.42702738482818
24712.693713616216;-9.196736650696565
-14906.201142608224;25.788117217621732
16212.146416483243;33.513397216796875
49988.717406947166;27.09576332706277
-23415.230326886616;10.268982649336976
70786.3046875;-14.978282288279416
-34976.042506084625;0.7749516739197446
58283.92005485702;48.743967163437986
36140.23986952384;62.29643516041091
72957.34375;41.62439816261548
-31952.689572397532;1.2351224592353631
66093.80859911458;-27.01862335205078
40492.805999319055;-10.00228666484303
-35088.515625;32.532015338846136
-17679.899805110705;46.48558581473863
31035.866862763985;49.98869279095473
34623.43652126186;48.43878049469484
-23951.55191031564;20.089118873232266
63638.89535393841;-13.160968686334709
43897.37003645055;0.2585251192572606
11500.428956724754;68.95822415811868
-2010.6617378479132;115.83707638184435
-26300.948400830104;102.17125333648113
42182.72277319788;61.16070477173102
18147.984500412;55.780699782744506
44693.69179428808;72.55506703973447
65590.9553151799;79.46100537243676
-9882.41732076813;96.57492379341541
35099.634075501366;120.44325716295346
4490.748165789897;132.70635986328125
-48306.83568423214;111.25145074216455
32214.923386262293;74.06097871731092
51536.90633720426;77.65029171505842
-17640.36353493511;106.20193786555899
60874.875;114.89965018745264
-54799.68419750387;105.32324165616426
-28275.82215839297;102.8592118668877
-51117.764004002216;96.22160510817187
40896.04900378526;83.46716861117729
2421.242680683885;72.40847778320312
14361.389544752063;76.38975369739268
-6114.117767888136;107.25913361906115
51819.4388251709;127.13883026846707
-23420.58233333556;112.00961375424964
-57058.14453125;84.8740026469517
26907.99149445565;72.57961652136797
-44317.18902294515;103.88880459810521
-9061.53601625206;139.48899841308594
-64155.76953125;138.1360394834115
4885.795590480702;124.43502264197164
-22489.17198789464;106.01579230114083
-52168.66489812302;75.73641321421665
-37271.26470849101;43.54759501406775
-34505.50950049545;42.90408238474893
-3034.6906980655986;74.89246222494606
-60287.28514754746;100.13450884466135
-42697.21194860444;56.87147125717732
5070.937160481582;6.719683719772036
-432.9644248953773;-13.783050625820557
-51062.68762469672;-4.984861562674574
-5128.08967816324;2.1623483777108063
17134.372090012446;18.561371037975114
-56344.0945163007;40.11640677331448
-21579.70462648682;31.233822611241436
42274.6484375;-10.92944134334935
5821.247733643031;-33.34688949584961
22849.400027144788;-10.481092380299344
-38304.98721417508;37.6874486853541
43794.328125;57.52618408203125
-53466.60578442583;56.13851642506776
12618.370318865971;45.54680532656326
-42764.69878576865;24.265141171539113
34640.275476279494;13.378704198989254
-57064.84185809084;20.338532912122503
-64830.378104662275;45.47005379686394
-58155.693962175166;55.309599904315235
-70953.5078125;25.00809597902841
38993.178093861585;-18.156964323862425
-39296.03423008476;-67.71696208129961
1112.7697154339694;-87.29781233818707
-43540.37692719619;-77.26792243708151
-48283.74506518086;-39.53994049808965
14614.472082358974;-28.24518538753948
-22432.476261487354;-56.62483100915561
36771.20165713123;-116.12261683205921
-25904.642750089646;-143.66720581054688
-15151.957724115535;-105.74888007790074
39022.188014522995;-35.783892869098025
-8049.739963225198;-13.56535272937046
-13493.296958925901;-25.763640572904166
-49945.06576595736;-66.95729513590643
12051.460602988518;-79.93099800171798
-56000.463313413646;-62.72151002806201
42422.960295419165;-31.960516858974756
-22830.08326498459;-15.844342587089983
-24889.449024552145;-15.041004032153978
-34922.63921065783;-46.53445294250642
50323.828125;-73.60094794450828
6394.008129844813;-96.52831622094409
7630.954069166386;-95.18369072524905
-27638.586246261482;-75.59855451159515
-54745.27822485275;-47.40652634706262
42920.391638309884;-57.10028810756056
-19523.822939237652;-91.93596908069492
-58338.390625;-136.18617648774517
28179.84284398175;-154.327880859375
-42253.119100390635;-117.178842603711
6951.623125555532;-76.68993636828141
-22938.669566322442;-87.9625945177543
-5238.805103731938;-107.45085086715405
49219.79296875;-120.80295084338238
47156.29275208051;-128.95644625272212
-44671.810001237434;-129.44525531411742
-10167.149678745001;-107.91361682281928
19734.07753358467;-63.7144597672265
-24966.242072936377;-15.630873326201367
13902.853984131812;-63.84868192752768
19965.26453742046;-128.62589914153267
-53149.1875;-131.879284041967
23033.17856129547;-82.28319415277196
-51662.09271856975;-43.15643276706818
9433.759268089852;-54.10655706865319
-40849.414066195604;-107.589079659106
-1795.99323579888;-132.10165209858536
-48437.97125967055;-140.2571508237505
38360.252085868604;-146.91416931152344
39522.43540244854;-139.17936690969034
-36116.74578910136;-108.63164378605185
7358.7190645433075;-107.0251660129427
-41048.61328125;-122.5727429579862
37691.38525863006;-134.97047108402148
-40807.94805737766;-137.72247314453125
5868.718193216024;-118.96880008014014
52522.37967976308;-95.31338057397366
-7543.059245963923;-77.75461967045194
-19110.916366945497;-76.52541037522924
31161.57146385846;-99.70067000044935
74920.171875;-103.65444364869919
-11554.73617624773;-94.2844665433743
8156.807417237622;-78.5846103218021
-6304.341181915115;-64.80813739476366
31918.95908016259;-47.81870892150694
7717.947303117464;-47.81870892150694
1242.9910226108768;-74.76116578409486
52840.90718194707;-118.07707458695403
64435.30826144396;-125.68280710114453
36817.20422485848;-75.81888940755101
32682.43089584224;-51.456968475778595
67043.79454081088;-60.317753047572324
-2602.542559492016;-67.18347737932277
-18754.938793102625;-69.20118016937914
57482.89365384285;-72.70825958251953
37639.13687813769;-63.56570105500721
-19008.931490953168;-35.758133800028226
15948.160481701292;-14.464073432151437
71340.11950869492;-1.4269963023856604
71921.99368922526;-15.206245904803097
42909.870195957454;-35.17445917746828
31755.742386108745;-33.34041262640705
74426.515625;9.939563804191295
68252.18404270589;62.24133849556543
-26453.2265625;92.16472625732422
13566.78652064196;69.59261973315236
71364.74910363801;48.76902123777002
59320.87717647043;63.45900451849221
1513.6784953707247;75.5098728032429
-3095.1344583536775;72.96887552399483
70359.0234375;99.9740554754155
-17554.459737741097;134.65395208944295
-27150.520714021062;123.52408212027318
33070.94848439837;51.9287708146377
-30464.690388350416;17.553550720214844
-36845.566846503345;51.703016526015034
-12399.89938142796;99.52254689817015
-12407.231615220728;95.43143869215442
31379.03553671806;60.75154207812698
65858.86494719105;28.27596172943148
20356.855087745484;29.724092897913494
-49768.62890625;33.01863719122809
-11391.717234922908;55.425209187208345
-10297.38134135287;105.65278530467195
-5481.936797955073;137.83470153808594
-29297.03215685274;96.52900832301911
20424.67825032855;47.97898846410121
56548.76108882889;41.25958642631585
-32939.31929340829;89.34524990294484
-23671.375779354516;129.8121649887388
54708.83984375;123.1885543156977
35227.21774563109;110.36297236790746
-18256.036928230955;91.87186565446319
50388.05018447009;60.421705238055196
-47887.70786252175;58.58471239711468
42744.186246118436;98.38036992647615
-41255.835041137994;136.2283935546875
280.214157798815;123.3834933265432
-27535.26582205897;60.37428764082251
23720.973917284355;21.137104034423828
-26416.999775879696;55.76073105081224
21084.721195653212;76.75970179567435
-22852.824164865757;67.7257714191944
50123.155957928335;65.31625499685177
-49240.73046875;65.61832265329706
33744.12731559192;49.05377535334395
100.97435181547189;33.85555733661428
-35659.74623132172;52.24656023367842
14140.36835852859;95.37725543507244
44106.72601018651;122.484315186427
-877.9303943134437;95.698794381548
-2279.588005129015;59.412820081145895
-4034.1104690170396;58.424766187196056
19611.101953995254;97.34677069108653
-302.89137449167174;118.53137806914427
33479.017406458384;112.09926920149307
60273.87536985811;101.05380252283166
62565.86328125;92.01371930300175
-37038.40966634447;86.6245562122976
-10047.515673460053;81.95630651829018
-44492.6796875;99.51560997928753
51921.10688023106;125.30625625062251
48451.26915835196;126.72002719270628
-30376.451931022923;84.93632585522776
42939.389462673964;47.17436981201172
38192.05028198626;66.29138293050775
-34687.610946107176;122.80684584481608
-32723.983384102146;127.11402893066406
8602.045264850596;96.69660683247511
-4614.050389575925;105.57811350142416
-21944.260166180436;125.54399613446121
7527.268397415843;118.4613040872033
-25176.532767103723;107.77962692087976
14099.956548735674;114.47959537443819
-61953.7183617831;131.86124099432016
45009.957995801786;126.9603808396583
-14324.473615198796;102.98251713800391
-23858.218716381954;101.08734368004622
49586.29296875;120.53938560801335
47133.336225935665;132.2408905029297
-36977.84669771846;108.18156354639147
-7653.941842926957;81.87661743164062
35903.63502825107;102.18632909970539
11150.915482147146;129.1053237111749
32829.28546465383;119.279779242404
-19637.210577417354;97.78423925088883
-62906.40625;102.08334724919187
38002.98149183534;122.13483576970035
38907.60584695301;130.64006069233525
20552.48586730742;93.2146117646697
-50135.59149401456;63.51657086389052
-35329.34102252743;94.86892120603946
-58591.25789010762;145.05450588597347
41825.0390625;154.83816528320312
23392.527678857543;116.10777014846656
7844.197828131204;81.4421196910581
36366.29641793764;77.50137576654657
-17278.807006429866;103.60105421938437
-36100.02663634049;140.93024084729336
-31524.711824205755;149.86077506514485
-68450.3125;145.76131017702807
18171.04850929002;131.46898340738684
-18012.472787265004;100.92263795854582
-55604.43045666181;76.00344667252206
-57468.88386300432;88.15552044854877
-67184.90730002747;121.10500048697551
-10534.466525725198;130.21409578888287
-49837.75011051039;81.88108235602886
-25266.677331256484;6.074462129129142
-40591.20546443449;-7.687141418457031
-15751.66572176513;41.05026691292525
-76329.01304004648;65.12250089294676
-73871.15023046243;47.88026427256381
-31589.29057274897;1.0440698983915553
-67861.4927584107;-29.612691551960793
-74801.34069135392;-34.21188013734141
30285.794373555138;-39.36135287018105
-15023.539106310745;-29.208070855299738
-79953.96875;-9.802462243435698
-3896.092169653828;-12.885671951992919
34201.65234375;-35.242314178171554
-52534.25331012576;-60.31800748591245
-54119.40933898577;-76.33289465975687
13828.042548643643;-52.44408872888839
-69028.58565878018;1.9072607179351309
-54044.50636179788;10.385413048639691
-68171.55624537454;-35.2989610757041
24415.491277666937;-84.13128422007088
-33649.993410266994;-111.65088653564453
26932.579697120484;-95.155849468429
-3830.0014617889174;-86.90482696715748
9228.66821432863;-88.60031133634212
-44766.65272165498;-92.15684274367338
-18582.2576594306;-94.5038468749769
51864.06412725647;-122.51153170771059
-48153.825764703244;-150.66944933265052
-30471.750853683774;-146.23604897489102
-38704.12878775235;-110.01768215178396
-43549.33367877266;-77.3006591796875
18778.08906767385;-89.9186807373356
-52111.83203125;-143.92123758477453
40652.00554161295;-177.7634735107422
27428.275656291007;-172.34129610223758
60565.83203125;-121.13184279969414
25640.123389910208;-90.94884845532121
-45198.216393637274;-91.77819478780665
59848.85174751846;-97.29848340754798
44168.13187310213;-95.82221627597039
1350.481979177799;-101.1554803992917
-11231.920218297942;-114.25945905009672
8603.287567093037;-73.99407507919446
-49149.046875;-29.42063719552442
52421.81870109886;-15.581443341668177
28976.864575544765;-69.33977083476327
41499.0094318288;-142.03451001453135
57800.80859375;-144.20948791503906
9624.903972675449;-83.96829113942948
36353.3919768746;-30.84835306423085
57352.01544433281;-32.68681561266911
-2768.3148515942084;-51.96221702900027
37417.43973476555;-67.33305061029029
-35660.7727661524;-77.78482154515329
20330.660555136463;-61.456403837018584
-31509.028140271173;-18.998558791726353
52284.73279364052;17.946372985839844
-34162.61963464337;17.38963802837199
-29124.712535549294;-26.12724062490352
-16323.49993908219;-67.28603743610411
-37477.16103997543;-63.87387074122341
37485.98268849471;-17.318456408967847
56930.9140625;-2.6905249138574305
-52171.85868761826;-13.350987106535285
-54739.8046875;-44.03569638397302
-6415.7299624527;-59.24720614145159
19877.17433627011;-46.987629344826644
46243.351148592716;-45.456427308997355
52919.6699458964;-60.11558151245117
35845.470265196316;-58.10627499707258
-16794.866714463104;-38.31293064391322
-31031.886508100757;-13.178941933970194
-53289.690523001416;-10.843655091626168
28041.095560844376;-26.6364964321931
32461.302544051563;-36.972789299721995
-25038.87650041391;-31.4030532131543
-9247.797813682591;-31.250023559662196
49840.52036276017;-21.94600172752383
-52059.39389930227;-0.7744849920272827
7625.328457604068;-4.180073907907804
11529.219821724226;-41.083763423119386
29757.03558863529;-57.27049765876954
28900.595107835252;-20.78568250499137
-24300.49814981536;10.586198250804358
34911.25181227493;28.5302734375
-26821.2028326899;7.626956180646204
-33723.368608041244;-24.278762591413773
-43424.1120234344;-46.27288886150085
-36735.31298305078;-42.55915572835589
6153.054751159703;-12.22470018416702
13351.287546349988;10.447400366575664
17779.060798354672;-10.413209848977004
-45757.9140625;-55.91222397517899
58156.647883875165;-88.0848617553711
19074.14725943785;-74.82254597131292
32354.15900405706;-40.692502131485234
-4568.210179544207;-28.563702401961486
16436.00817204619;-17.297940798731602
49845.269254318366;-1.0425732034852047
-25737.829100877025;-5.978795393875302
62635.6953125;-36.738541891021356
22789.04405585269;-49.81579382944126
-12823.0568646857;6.343601759466647
55917.53455398629;42.59563758427322
15351.579395213746;56.558018558742134
-21365.164894248595;34.432892382816156
48244.992762940805;9.171106639880339
9057.576144992483;23.498369755181614
-47183.000594991725;39.4510169523725
-52798.94921875;39.21749238223979
60268.81640625;51.83445339014864
-2003.5134485295785;73.35586547851562
-33495.95898753414;43.11045311388398
35851.94853422938;-11.031422364896212
35003.08625377189;-13.597538948059082
-23437.28603008076;30.561161157547666
32320.198355171553;57.88220901892649
-24236.113745226714;48.71769648536603
1196.973401569223;30.959214402092066
-38699.55377993198;25.001684175410944
-17774.75350068762;28.056079405214938
43609.03148735294;14.333857221621148
17172.05675298319;20.305526002870003
-37938.414919998584;42.01894264525045
-925.2932357869577;53.51615689187686
6056.866949252966;41.276558183956496
54120.38671875;36.13479277423083
-24826.61716103473;32.607137732616835
-22340.661227020515;25.803423337941936
-29107.98571405921;32.83392821243933
6208.615974031607;64.32768429716495
-5053.207718810561;78.29833221435547
22273.552057901237;48.75887221747527
-51029.75213629566;6.116946608975049
16345.109820200683;5.025517424829282
-53329.858141086595;35.33925429422848
-50818.3265287389;53.83153740288003
-21726.84494701701;39.82899707446447
-57618.046875;22.098588233966616
-49053.60472372881;4.736713923180325
-26194.06342926477;-18.156721934526555
33901.960473523286;-37.814849853515625
-14476.006289435638;-23.03785245973794
-37478.882177810374;-6.173700331069952
44767.354003503904;-6.977054998290896
13848.489466107283;-24.22399681165351
23151.83264054726;-36.55259484732799
24021.895341778683;-29.967101258667228
-17138.39815520379;-5.696472401796065
-34177.38970968314;18.479718210495832
50884.685759252825;36.527496337890625
-18514.67915533349;30.87757095886178
35002.08663131924;5.478719873416992
-47604.830087960065;-13.852159203661408
36862.438879770416;3.776313117801436
-48821.3359375;26.092699900179014
-2635.2438917680192;34.82508958227507
20125.596372445973;12.377748434080914
-22556.515885599463;-10.996346687584428
54849.0078125;-34.33644404120123
-19728.021140505312;-45.99138259887695
12855.036054519405;-37.10285501907651
1721.3125133518479;-11.189048160547507
-9956.912254993593;10.550993750070404
-38983.584858623006;-2.4231268290499557
-19262.113520271923;-43.3005884154059
-52493.015625;-49.0461311340332
-48386.519028290655;-18.636251858855516
51450.214723941;3.034163988764007
-41138.85259226127;-3.810078003977928
27906.872440260006;-28.9812922991566
23179.68617006058;-40.59631212854835
32344.28922200689;-20.27107181805776
3593.669207968378;-9.10165879185572
59848.386051992085;-3.1026772039142614
-10522.73433303705;12.280505154950468
59872.390625;27.602416578376605
-19126.659144013036;26.76551130113593
44523.1807988029;20.11343724226957
8722.07476987136;8.81451973889051
32580.905727370526;21.150865580945606
-40732.489463484606;42.21135711669922
-25390.153452549443;36.10123600534704
63201.70703125;30.25849192800326
-52115.875;29.367479695789797
58000.15100713464;14.434913350318713
30002.195019415012;-10.069170951843262
25103.300577217073;-3.906960303845919
-22162.936352337147;14.627092459227498
-51853.685606362254;30.49310019082698
61635.60931086344;36.68526082982309
49680.47682512607;28.940692324057295
33797.78241590243;18.732737058642495
52592.71472090107;11.382510101027197
54021.5589332088;33.66280757153035
8610.004023078669;76.59362383568681
60938.783808309425;113.26489198109991
24248.105642264418;102.57024936195508
34301.0452788581;82.01706803904777
48230.51668849852;91.07194865100985
3440.121885443048;125.5244216299306
6382.274007337794;153.4927215576172
-33781.197996221425;152.207402320727
23692.607928410733;150.63658831988096
14105.365033262795;134.8062160961228
24687.141442800683;99.09620443119368
60782.23828125;81.01623930887288
-37452.39584056559;103.04404491676374
-37819.515625;138.75405658169282
48933.597697557285;157.3775649592733
42748.23116554956;138.10908659459048
-33605.16105040656;77.77578526076994
-25656.415881689274;61.08198547363281
42701.58889785502;106.15966606413721
-6651.948680086385;166.26670776538555
37582.97616569977;181.7121785452278
40862.980797122014;140.7097720264548
50266.663800052746;113.00467012080412
51963.84050842168;124.92101076960647
-32532.388893432224;164.0899340589151
42065.14763221667;205.08453852139252
37808.66455777011;231.5153045654297
-59899.05700660869;242.37506103515625
-56080.99224507985;215.23869405130546
-8778.553379912999;174.03734681921134
14657.116287680823;176.6734798611962
-7909.48420792308;209.3006698776507
31816.938614462066;211.511457473448
47290.1484375;179.94174684692237
-53872.25122693945;149.3454552454664
44439.051944410545;142.9350118213029
-29284.12026605464;144.313601804994
-48752.300235433606;142.15156922081508
35045.89126928628;137.81237318678254
8645.76826008255;157.05379070305617
12429.482461453692;163.6727038320705
-65266.33203125;135.69909561422196
-20162.32901617624;132.19882202148438
-5894.823854673719;158.11799492217378
12302.385388870185;182.78298717916374
-63486.97301508091;177.02317097901053
37355.9664398919;152.8675845330674
-62983.220504695084;175.86943637178376
35676.71875;205.19662475585938
-72923.73074878116;186.98484435450968
-22731.072197852453;146.19247418129257
23715.766041410752;146.6196018102808
34123.04517168569;179.1250233391903
-63409.9806292106;179.91874082297952
-64026.78237167443;144.55459106855807
-73570.5390625;123.01323308690618
-47514.833022743915;156.91102342212386
-53774.537192883654;135.71271282753344
-9464.833639670818;66.20862164114503
-65248.71663444739;19.678615758841566
-42275.3522752741;46.96097265925687
-44915.93054571387;87.52128136475595
26634.738611827444;72.35320572115721
13748.583289542454;11.53292192097102
-57843.761661408585;-15.207958221435547
2312.745577915659;7.244829582703083
-66423.97400860145;48.97553525582353
-10612.610672155875;66.7958599324229
-57704.408572685075;65.89605758876081
28932.876629759936;58.582881439113066
6048.075065042576;34.55946292470314
21993.503292780268;7.4741083191068896
12426.934103742897;19.226309364154233
-14025.558163212518;57.97779696453449
-1792.2476348155178;94.71842193603516
32486.812379892974;88.86057827265824
-44544.35814621275;33.046751738256745
-67666.4326347416;-8.77971256698612
-59109.13305640965;2.3074171805718606
-12376.683279623932;47.954781292959495
-17185.758409339527;54.044747879773865
-33426.918107335034;4.886850565736495
33843.39453125;-52.28841603646677
-60599.82599079056;-76.2022933959961
18377.670258174665;-58.19842215454872
-78833.734375;-35.92244587275792
-2823.8690426915855;-32.16153288852394
38089.9375;-38.030169267491715
-12209.212368770408;-42.78712945533496
-25665.70446638386;-66.29766503053273
4502.939088393046;-85.36728130092837
-50225.726899872585;-54.785785049413796
-5512.455771050139;4.008717157720895
-5673.401854380936;16.97002601623535
2251.4433357112284;-14.55777655748858
7008.099863715775;-47.865579506961424
31832.283803540908;-41.05072092552277
-74883.71651451918;-6.940101480048895
22826.30079281365;-0.8336103950817346
5559.585113738678;-10.231285848270332
-35241.99642456587;-18.290328365819192
6492.022748687712;-46.334415918434566
-64479.951758343;-69.74505351336069
-67567.66737876523;-66.55195079849685
-1523.7919667653478;-53.11839694233472
-76556.15625;-52.150294697157
-51731.97231017487;-102.06114196777344
-1925.859346031255;-151.38420349460105
-10149.699529657315;-153.04534663659854
40136.015625;-137.68856355079956
-19174.898825895718;-140.4890173998402
-907.3577641949232;-141.91104594900148
-37582.0314749548;-130.30976852715958
-65869.14647370545;-115.0148739242123
-57262.72193954188;-111.55615166665783
-53733.29513818686;-120.52716856730135
-50903.549626553584;-114.71387084852435
7940.33618021752;-103.74976348876953
-72802.1953125;-114.69980528423987
-42112.72632884266;-138.30604182288837
-7275.146841834961;-150.44321724396912
-60955.86726928007;-138.5535957542953
-14928.557205515455;-145.74813188580856
-18971.543180114524;-180.98377697486794
-43084.69738155957;-193.95785347087545
-53652.29755046045;-190.70448845187443
-65279.75977152604;-195.92703247070312
-10519.693539267311;-229.17354379471678
19680.994179011555;-254.5453212390061
-65098.01171875;-264.90999403636397
-30757.479636762982;-264.6148213070953
-19860.49760900592;-260.764498553787
36868.073667330595;-246.47851209354985
-17024.629493433276;-247.2127075530599
20422.65402214881;-272.63866227044286
45663.37477939647;-291.4886169433594
-15722.521406111715;-258.99906672366745
8630.822964510779;-206.4994209141233
50074.10246112704;-185.04708895088243
-5826.873574630634;-182.7342798443343
-1406.805088830326;-194.38986628678487
-19313.126490519237;-199.59275268560276
57330.0390625;-194.328216286368
-32412.67011792066;-185.56270713618716
-23462.311658297127;-169.05918884277344
-16075.603799947836;-169.0946842975589
-48150.05681461627;-191.56891172225522
-28130.226904283463;-228.26751298444856
-13097.663845532472;-251.0989587685847
32543.805437528135;-260.2223473232026
38601.83315262641;-253.76909431087074
54271.93150901393;-248.5666696118469
-14903.53305965224;-264.7789361788246
-31505.41377412393;-275.3088684082031
-14088.584093216403;-261.53188798591077
-23984.80508209479;-235.17259581607738
42005.86777349115;-227.21579611693244
40922.63472252953;-232.83941810513144
43047.27158546756;-219.0266997310303
3574.8938589486934;-198.3114512361438
8125.626583028468;-179.55668466905433
18222.339441525583;-170.4409542469669
58770.73828125;-162.80069069241415
18261.28390540836;-149.47554008941879
18026.174734560496;-138.0802388840986
13919.697376254597;-127.4533036426676
-35754.6875;-108.02206870205441
55736.76352613719;-106.11855535480717
-38952.859375;-124.58541212644504
-28033.50979405728;-160.94182415240218
38902.76625551717;-178.8925054497317
20018.62794515538;-159.6547813579096
14304.757769702555;-145.9150052457274
-821.7096322376601;-163.4479919158205
81758.63456695665;-183.02870102675539
60864.87911880665;-194.18759976739568
72427.08514437638;-206.4569549560547
48777.70436338389;-199.7398820074891
24839.130282086393;-147.5382412767761
53139.549810022276;-93.06135338957223
50359.978535116315;-62.70208536117161
32995.48654801324;-86.09298448640914
71150.58223283906;-116.79863342520089
26191.15501090083;-100.37270731184813
31019.025330005228;-29.758544069950773
-18346.455231611646;13.216460057499972
27434.502002657973;16.089384078979492
12897.139922955066;-1.348903229679948
16056.450797367586;-15.591356935174254
39534.86586113696;-43.86493547431252
10176.211178071688;-50.602433586068216
48304.35816534642;-21.603107210707
75180.69716137329;15.991186834252602
20593.798323675495;14.662039456035842
20046.28309017075;-29.655849485426153
56313.61816898003;-72.35818481445312
-30319.569251385732;-36.354418594472584
-16091.572034769168;4.612795470940867
8794.475098922885;19.241758560477294
20290.445288895833;22.90108481514939
65549.2383071192;14.820536109923609
27415.54217896436;-12.274049775733666
-20201.63571330817;-22.042448812711704
-23910.31153485214;-0.5008070992278277
-29966.273948685033;67.80012815419988
-46036.5859375;109.86847686767578
-16711.226099715415;74.05379437514028
16893.718445291757;13.462468253189911
8792.54684972686;7.5305084939602125
-14997.652433755764;25.811433888916554
-5066.971736999112;37.87931272877101
9982.056813900992;43.61759682986924
-35095.92867490539;46.86552047729492
-49529.63671875;34.561117382377276
-22118.259798825802;2.7280377498511115
-47560.28204777291;-22.732598546987106
-14104.286029127055;-10.710996191818928
21939.675651546335;3.9535076220987975
-17203.92195236919;-10.308219380660603
56953.71584180063;-44.362570278128025
5026.587917507517;-65.4560775756836
58289.65234375;-52.49694791964901
-42127.69297211181;-27.325968138069328
34392.512330431535;-10.515606589810211
-37817.15893872837;9.067916151870946
6531.984345196768;23.908956185147417
-6888.254628203489;11.134932467857936
7345.649942861244;-8.682555922329158
64060.35185564459;-10.515352249145508
-10434.488719357509;11.45101933993444
51568.41725687;37.59090137813483
32434.060887406726;38.13315727810626
-10305.82195382359;37.1030141435959
41953.79320234773;33.38305282453071
7781.508611107405;28.248075449867258
-7967.303490244569;28.179399240899897
47636.03923523953;32.573245860457284
66004.82834977597;46.44584007186347
33749.678564991074;54.66981609570452
-38332.66015625;35.66224450963488
54485.93616535167;20.889705809885616
24199.387893235762;38.61389074087776
26196.93942814989;61.637589797184305
37019.42274412185;54.890152266141456
67067.9375;45.827754191157254
-31165.921316010583;56.33092190010247
28604.616278203393;83.2477035522461
25496.404463951927;88.5395890839911
72150.09375;79.60901242179706
-8977.705097735525;76.33505249023438
-13997.010531150812;100.57919950756195
-6003.944464180808;127.93588935371707
54258.95042840358;137.85426850330114
-24984.65702607616;132.20466990757131
64488.40941057315;112.81356317465017
67233.15230572109;92.90662352646675
-10110.648909702406;108.50618287883752
9203.180362602812;138.138502966813
33034.9050198418;157.7594536177592
-33057.53230491519;174.2415434339971
47731.94488381031;164.38281843107598
14205.135967350921;135.63127427324224
64313.17614103462;121.65816768430051
63391.90023880734;129.17985376501287
33548.459948390344;167.56027900774268
-9617.91377555448;191.31666564941406
-41550.2734375;182.2229173507595
41174.809007538075;167.75233728400258
25413.627885548907;165.5692650318859
-17112.312877547345;163.5979457464872
-36809.029946764276;166.27762912293068
-345.6144357079902;184.46317557416597
-14608.038244460891;198.743896484375
-2704.5130707438148;189.0095621869748
-60302.829631732195;143.27722354751194
17083.929330576488;116.14259338378906
18304.049314215707;154.10309397097046
46397.9609375;187.9457556160819
-37047.861943561744;179.97602937466516
-67019.546875;154.672810286188
1987.3241996759316;149.29075571543842
-14770.720908946118;163.71390570445183
-24547.256777851;147.35472859115941
-55707.9096933462;122.97162656044506
-15810.851561665513;135.50034375792765
31457.11580451083;182.55613843937812
-9551.030312271112;171.66976716828586
7044.996188524281;85.34703575101913
-13174.484025706122;64.22556554760725
23281.851512072928;104.85607826066897
-14461.502407147433;166.53381716290795
-2570.360283402508;165.74568839641742
19381.894048914488;124.9628802695411
38705.0;120.4587434059744
-33820.268817164564;135.65782570467115
-54517.923367069;127.07026805820058
6241.014932611317;110.06648510580087
-67521.0234375;143.6952161687365
-63940.38917477473;187.12225341796875
-64872.42389685125;159.42923610845702
15383.059858718378;99.98262501860188
-52945.6213141747;62.365657806396484
-47799.16871836089;76.22454046352479
-9456.070717108676;88.7375124010666
-61479.81750849273;90.515561357352
-39782.0491785514;83.93259209521607
-19650.09918169862;66.93642391350707
-55899.01602090613;36.75327035683492
-34787.36219605472;12.562719866241864
8930.268275818657;14.903595665840228
-61223.92324451811;43.87943649291992
-34591.48901429029;43.562818035410146
-5420.601533292829;22.296861732905043
-15448.044741684658;13.104422535251487
-58837.11374737255;7.846455354615166
-25462.85097060781;-1.4555248259683111
-69298.953125;-0.6242138048288979
34220.0234375;16.38615033891918
-21175.755685860582;21.108417096185875
-14072.193602032909;-2.9996025168572302
-51619.81884832682;-43.136619111509106
-53147.313741602644;-44.77673273263795
22063.249188636823;-1.2349422986984706
22774.079283749656;13.644624642851099
-65618.43285474906;-14.366355197599269
-19386.0434686098;-54.45835494995117
-69016.20070938845;-42.1432474580898
-66559.90625;-17.077024459838867
27451.433785444387;-36.36091497740661
-20724.586172587893;-68.53264890939646
49210.2265625;-83.23174817762853
7943.246025679415;-77.99107485259606
-58719.88657438314;-65.85486272200167
-56725.43361949999;-67.92623725790062
-24399.043343674653;-63.61911871214463
-7263.353651587342;-49.416319506057846
18092.167394858974;-73.51639519261096
31307.847249137863;-121.63994719921246
34489.43252083365;-121.65750122070312
-37512.262372990546;-73.4573498475969
-26907.566989320425;-44.458106345011586
-61353.83640231121;-59.67584715728616
-41693.723971049374;-88.04474170634289
23208.142379218232;-105.8844150012692
-8113.071872401153;-99.7788071627874
25368.652533179353;-97.00367594712617
22800.06564531388;-104.73702032383366
-16574.717998839347;-97.63541106649193
-25373.00066079726;-100.16129393492736
-43007.55368909173;-117.94398303748916
28650.469883595724;-126.09854125976562
48491.61304449312;-105.2925750735507
30232.740352932247;-72.90273748735092
58877.12109375;-68.59537125624804
48622.09255083716;-85.65227084068607
-15699.349158809739;-89.26937571189501
11506.453733581991;-77.91897506599194
11019.220133942872;-62.04973105666555
-43204.09876826819;-36.64878973939193
13561.093048670344;-19.018364172100846
-49361.41015625;-15.227002143859863
57843.19487892257;-37.81614350980081
38540.48613660943;-72.11773437217742
7382.310349517997;-95.08753457629517
-16799.340946469583;-93.09626589836583
-16678.77127605041;-67.02536502590104
-12931.201657131227;-31.260352407866932
-40919.62751133953;-35.66118013131906
-14826.167008907112;-65.68012487369909
-44963.7421875;-109.18056623323845
38695.57616031135;-116.91600036621094
63298.92578125;-99.77609842969285
-38849.661952013936;-82.44326566538768
-6756.109740506836;-80.83611546787834
58894.67344193472;-70.87651650890766
-22628.59904138501;-56.392143607685306
38500.63926007158;-77.17042973992386
-12685.165121528044;-96.34338577680201
-4781.96062367197;-67.12164577565537
21445.312496721643;-21.458923063181572
9616.937872003939;2.3625738620758057
42587.70613458996;-29.59295956677076
5850.360477540758;-68.02077623722911
11072.356593285542;-57.799082568811826
42121.83998316951;-21.90484808967058
22239.928166343045;-6.246509302385334
14528.356553468424;-11.965270254338165
34909.96086454169;-7.007903173131567
-17228.147111911854;-6.878211192529982
20252.38398811828;-22.61882711508256
-40027.51171875;-37.52143331682488
10373.389479959827;-26.084595889004962
-37614.63091784894;8.052328666572691
70395.484375;21.40461688481605
61306.74202858916;-7.215410342094103
35556.99035305147;-43.30170512917561
-33235.38706202363;-55.327144622802734
47164.76677582199;-17.119887137575283
-22584.67509100715;35.17391470222451
39951.39896251373;45.86252916503528
60403.59670087759;16.06928832899078
42310.3606393723;-0.4933752244518601
-22697.568256971095;8.142115422373791
-35518.524970697465;32.0912360863868
53628.32177041449;63.694178867133445
30148.228222540012;75.42831021971702
17281.777247902806;61.226040713223256
-49804.51120947237;32.45560832621286
-38513.03147638535;31.785157493382687
-11427.806302000674;53.26236645380171
-29375.720784130182;83.90945513023537
38521.660751837786;70.58668578950568
-51032.71951093612;25.29545380084207
49601.741901031346;7.590344429016113
-52591.12890625;16.950619163091748
34747.93396497906;39.67109131837061
30876.369816979553;47.71161938879267
-35895.88206586943;49.68391649896299
51920.13794092093;35.28875128727435
61903.04296875;26.099343877099606
31056.3206776492;37.22199300912446
-24113.468431343845;55.13865240101819
-2818.1185216118683;86.62705923418292
49683.855400560205;114.23270954518067
-48363.1572283805;108.38416514423007
61557.11801328795;78.45471922818017
-12869.160283092555;61.47213454027799
51749.36624345284;97.88836890564747
63571.16728381213;118.66150210021372
-39352.86729806999;119.36109621528375
-34482.54920465903;93.99618259878959
-23853.806679309593;76.21760834121622
42609.7176792891;98.11601460975756
38088.93541389298;97.04071254400176
46777.39742454776;65.64781471379571
7527.733961390753;47.367679595947266
64869.44321643871;83.66143778780796
47927.65563408642;106.70732646731071
-32301.516971688838;93.53718963440502
-18546.56880088008;62.125784023377
-5307.007641787088;76.92275479053285
57611.224746946726;143.55631808383015
27140.973943570803;153.50980260987944
-15966.06705017863;112.79823713581726
-46901.77117555391;86.09521096589549
-37016.683957766676;117.54918447281402
-51998.57421875;168.6565704345703
7119.797068601794;135.528076171875
15790.96629826694;103.00197992566544
-42586.08485850379;107.39024510032021
-63529.21585431799;130.28923105314578
-16337.505974951935;123.21184021207046
14866.249148819697;96.233707211534
-27069.829254900127;74.54290844767874
-39400.94801040777;67.10184922196349
2869.8344120513793;68.3706478083738
-69485.390625;74.74898719897469
-59093.99841530255;78.55134219837629
-136.27470509105478;73.42967911469772
14914.508798033276;57.11309092385429
-37613.784226627584;27.14277526969734
11456.938446312226;3.1244988441467285
32533.95104962215;24.005125262220883
-42894.32390831954;63.08533395160728
-40163.76182055784;86.64498413652869
10315.831256842823;75.01567734771061
-8492.977833429017;35.9839577762762
-24240.553737432572;14.799716036855337
-43356.493665382666;27.889990280104342
-65695.984375;58.34850620417977
-13605.006337120809;82.01890563964844
-17920.324188291102;64.30819697701237
2908.3879312646895;16.112187263231952
-60323.956195090526;-41.276860705270984
22004.295435921144;-43.362274169921875
-13132.575021112614;1.0512929570559564
23161.167881128495;18.93227849891582
-49411.29360588349;-3.905868774054561
-316.8322190103645;-26.510602796853004
-8985.86339933041;-33.82102926330352
-40503.54271464764;-29.9639709653804
-4138.016962271016;-28.720375780038125
43445.66583454056;-18.807965541179154
18780.744654253896;5.4708389234262
-9196.203843913565;17.744166791073432
43704.41796875;-8.298629613355892
-6693.820300817133;-33.57422344959713
38318.82376085315;-6.980088710784912
-38515.90051132809;28.406160094090644
12059.61654208121;44.517822265625
13979.365823942535;33.94618927564053
3213.955060064247;23.10030519567578
-29992.769254318366;18.837233094979595
-12077.681301643039;5.5749533081686256
44115.10857007431;3.193133669973209
-2920.2920423463365;20.594326038234282
36784.876183545945;17.388967310355987
-32457.270543010116;0.9480466668968957
49428.36964519373;-1.399982722389777
-40097.6875;4.09211145489421
21382.12893092708;5.540377239517818
15403.745717156366;-6.019816985982933
61034.828125;-3.390464129037415
25181.5041173761;13.818988222160087
20053.427860442673;30.96714663347661
15818.868351256606;27.59597994002285
42866.654254137175;27.630556008673658
-43166.87492942595;50.33184810110701
42694.1731033104;58.54833057698221
28070.621153058426;56.10476701538363
-947.7362614253725;62.07724362052414
-3713.78419521499;73.57522832932942
18537.895253382303;79.2585499130141
4422.128055784968;74.76239295967272
7700.82768874029;62.01513638000018
14321.497259294789;54.85549514451637
2574.3106970832887;64.58291442264667
-57602.23828125;75.68891081011219
9839.039522602296;77.58369072183507
6420.820756329726;70.45866663680724
44957.303230956444;54.05217362364083
1415.9774274493902;30.12968635559082
30074.18080011425;31.08980320500226
-13517.436784007157;54.1142808641648
48714.5859375;89.30872321157221
48321.98558560727;96.85322570800781
-26444.04671740051;68.01510307520867
16516.831611978138;51.643226623535156
34615.328603282265;74.08956556686618
24684.624898788228;114.7068129458666
33339.72675634023;126.87160291691254
16604.618817736788;106.83323483163394
40101.13317538415;104.04651159394245
-54839.83406478412;114.10317634081686
42311.9375;122.80001483579272
-18925.909031356816;122.18322710644996
14642.843505375073;131.46397552003603
-25065.638707579274;137.8278045654297
31238.20854501576;129.31508181055614
-56520.3320035926;103.04439592281412
-56049.147613500245;81.88818227262861
3567.3229747630976;94.5461394046629
-52960.47123129788;114.7068129458666
-75097.1796875;97.36048000336973
8786.182778333576;62.968974864686245
26725.229538769956;51.643226623535156
32452.89682061506;58.61726783612506
-32279.73251933157;43.77499152015686
18167.676491162987;38.02247537517219
-68188.15025633163;58.932187874534655
-77120.2578125;97.88966454242144
37813.5861699652;107.8365249633789
-10632.143536775766;83.64511171132203
30944.97181067271;58.31527901210954
42024.203125;53.15900210271615
-37479.37176432272;74.99566786701119
-43253.51660421499;94.47758614354441
-13330.13816599494;99.03603384605161
-48862.21837722117;101.19044495065478
14771.548480798127;72.80627739392001
-65641.05424855801;45.92463271087529
21183.830864393865;47.207739545867724
24607.22970995972;60.54600873886839
32523.044140970713;62.64000093426496
-10623.053258375425;39.03210714744009
-75093.12572922547;3.639346122741699
-62821.24988877434;8.81470268767401
35703.1015625;45.32760251616523
33689.21097314467;49.302425384521484
-73801.97821848678;15.741420977173917
-64178.09193414869;-22.783945534624877
-80168.984375;-9.122054355023053
-54441.04586252461;19.357926480038927
-44111.67902932542;12.087417145362139
-54895.453133344905;-21.373591718127415
-50542.337566187016;-42.96429622947131
28008.236027052757;-24.16721722466081
2349.2542599547596;-22.061061082151284
27338.11791171854;-54.16379714156942
-31628.73999433977;-87.22065734863281
-18765.654798940246;-69.62977459160967
-10966.470084588727;-27.287911489229813
18849.36574359302;-25.0484279549096
-45508.49515363685;-49.91398652760362
14696.04792586196;-56.03871358890727
8893.072584102338;-36.99164572445173
844.5827133863786;-36.51458365062909
42377.743636175495;-78.22490704799225
-66760.4296875;-93.61502692334678
-49517.71292811747;-61.66583754140493
-57461.12057988268;-22.40519905090332
-14152.132850290502;-24.664328122585005
-44269.116941742555;-84.67618567319204
7785.2652656326245;-125.64771270751953
25102.743508796484;-122.07942306500975
-34516.14155754313;-100.35302904299989
44590.00390625;-96.73432647838843
-31090.706300653575;-100.83352720678157
-22527.118158429694;-99.47395371385178
33668.03077565176;-105.7409100926173
22068.106917127458;-107.51954100051732
-31051.626434131518;-111.27372829327706
7860.026749413941;-108.69321684319713
-42728.01090106853;-74.10995228144233
7560.980814288661;-50.87274600019765
34937.27687530279;-75.05676997466458
-7760.025986987675;-118.90813518405074
47189.03927720248;-125.99784471641823
-22625.003568758202;-96.72060444323941
13145.301186871984;-53.92776472633197
-1660.0079680728668;-46.252780988465474
-5770.195835189079;-85.96412457240186
-28476.146156718267;-119.80609585591499
-51970.2421875;-121.09711560121181
16713.538961824685;-105.529203408805
4157.562490284145;-92.5206281323383
-51012.63715739397;-97.13984532184108
25816.38210276584;-118.20783460030722
7254.191777955908;-128.1954539428789
48929.99399804634;-131.72343404403586
52797.18359375;-139.13658142089844
22198.58546982768;-121.06230498674307
34554.727836588165;-87.35049513124345
-50929.50616980546;-49.0739542654095
-12946.638206050484;-39.95054626464844
41695.999405008275;-60.37378242295463
-19229.422460335474;-66.60639591783419
1472.182582705158;-52.99489448976192
19963.7332038522;-41.33895538200824
-58476.40625;-20.497678805755314
-49055.50104192099;-15.485679447943767
8910.689569536422;-35.71520528765831
11794.013758363973;-69.91515744309817
30473.332517042683;-100.09788591913313
27907.769791730243;-114.7399673461914
50806.455256288726;-93.93499645163216
23341.754216561254;-62.01504110655495
59176.58107933478;-60.37402429400093
59842.796875;-82.40249666163696
-34680.405743583484;-105.0409044817267
20521.62122786454;-97.97763410822263
19662.220906085015;-42.14131094743841
21599.482555810726;4.126649802978321
27813.88572296442;4.222859859466553
-35223.85006470878;-14.367464451778645
16143.373790227211;-28.04199946170054
-25741.559119359797;-17.86188631479466
-28420.918500082018;10.482067363228055
-10732.610687415123;18.857193833359077
49333.8671875;28.042249672638505
-26224.03519940508;33.02480865507853
-4475.214069581249;7.853749931024154
-12418.289921071504;-31.418161540937028
-43436.72910161615;-30.197118348836945
47489.64998369168;-0.6794972402421422
-53007.24574874779;14.17506418307606
-39246.79703331477;-9.868066872880135
-37925.10803725213;-37.18429644233623
-53879.20458458348;-37.18429644233623
-7336.986204262765;-38.75320517693389
2333.8299750058213;-68.00377799027802
-39916.53907048727;-82.10990142822266
-20317.68694405051;-69.24766083920875
17593.918469325086;-47.85217307892856
-56682.73828125;-37.58311198853295
41476.531258642935;-56.37136507676061
-41424.26752132004;-78.45555633531883
-65406.983307090595;-56.26241663190834
-11471.272389081903;-44.385835659137584
-65968.203125;-32.25569514245696
35234.29334313821;-24.86915397644043
18809.73360887813;-45.346400646650125
-56132.64821492946;-76.10668984213866
-51626.90556291629;-95.89358826506093
-38569.664736112645;-80.82807959771576
-17264.623800539128;-44.783757571112915
-11723.466104724743;-49.64580809557431
-59276.18960005493;-99.98940775902099
27510.416798555903;-146.15945434570312
10400.316400647003;-144.26423556494618
728.1546021196991;-122.57656596249524
37788.198717042396;-118.93974476699975
-2326.5861789061746;-121.04595470108315
34236.17455305882;-109.46920326198682
50420.97265625;-105.22717060037073
35342.6300801397;-112.90798890128994
41114.669346613024;-116.31901254673431
54747.515625;-68.75520570723397
-44595.241898885506;-37.60301819776679
-24850.569270161766;-33.724403381347656
41363.87138653695;-51.587198937157886
12917.298418151739;-45.96414130924495
-55855.73046875;-38.6676139178433
-9737.008847029785;-51.065484777260735
-33466.395731366545;-57.9436447277902
41483.69972713353;-45.641649740239316
49318.110389800044;-47.591540848589986
-33123.78794064674;-77.84349127546615
3202.7642142938203;-115.323486328125
-7477.147606764709;-100.84000397031204
-33314.50065173708;-40.56271881369882
-36519.48683191883;-37.64410785713815
37406.16070063584;-76.60084036478034
50298.67751496361;-99.46038752838832
19769.45423254771;-94.73009613590797
-53266.763222621084;-91.13288322912311
-32026.767921100593;-75.37935685437677
-18773.407240063363;-23.359133905358433
51531.924881192404;-4.442146395103137
30623.97150417627;-42.909938007452176
-18771.674728182603;-104.27991844328824
-50175.18507884505;-105.91215515136719
-2641.989118303565;-18.464543569054143
-35739.896088349655;33.00602722167969
11555.945744527657;0.7216570086375498
36888.734465005764;-81.83984338910149
16223.332751296082;-98.61584508746101
-45646.399022537444;-60.97689055674687
33401.18804903515;-36.45730354070889
-19608.47796658986;-32.675601869003884
51578.70270197293;-30.22512701895289
27609.400831653227;-50.509377745715874
-51462.44140625;-83.43180412646161
-32848.3337593606;-99.14579207060353
3201.7734555011557;-59.5163566712061
62074.25967561925;0.8297661931986227
-42886.507596486175;-3.6387467686590895
11054.656900038295;-91.88877350076109
32573.486113571533;-115.28915405273438
56909.53599327376;-65.34351634277824
-7276.55459981889;-20.29898503179804
19456.749033451386;-20.930843356764058
32368.321949710742;-31.624384818451233
-29555.455078125;-14.826082886274918
4328.301594937839;-12.872847836094806
11999.238218216167;-42.1809836013435
28386.20945383551;-44.68919687611353
4249.815975205856;-9.773618789683567
-7075.521258049255;25.735377571524367
-10735.429630814251;7.397071128689447
11756.896655534962;-28.111925232518487
50073.02543240914;-27.114886430766035
6118.324501105817;-1.427322892603982
60680.9765625;-8.07264656886251
-17222.19725462761;-22.151314950234536
11163.435215105426;1.1337454511746188
-10311.331896122145;42.15648651123047
-34284.141285856866;32.80638674191968
18626.488201615764;-2.0793159227694
4927.2532693549365;-16.432683540554024
-7377.752353918862;9.590238201828111
25949.547171065307;35.40790436680921
-24215.86717432697;35.525054955797536
34947.172465640455;22.838904811053396
-4789.10841766058;12.768795091486588
-19369.615565548513;3.39868434579218
-41839.82033252777;-4.001166494189466
28020.760550940162;14.230756987126036
-1396.732291515662;44.421722412109375
15999.074252487262;44.27068528911616
11380.969257906683;8.464237086179981
-14205.748082102418;-19.027423858642578
-42612.23828125;-5.793280049705103
55109.0703125;19.00198097501424
29231.577875964198;30.8429041430079
-6656.033652796163;25.213866751453104
44333.98904325903;11.444315705238402
-53782.29630575827;17.718362577368914
-10195.1232598489;17.814736700830714
-34761.67046649926;9.425115637366389
15845.522449344033;20.785849480712358
24050.80909611327;38.77103623148542
30907.040243542462;30.84299649618025
-56846.73046875;4.187942875560513
35928.13323129501;-4.674672241209773
26849.30673116722;11.484478486076497
-42457.9792551624;43.21312247473142
-28970.946599880408;20.8213557367246
-54932.339701409765;3.7961059788539693
-15802.685544311928;33.698713944022096
37912.97076100287;55.41078949550884
58569.72265625;31.4199731563792
9227.049124905578;-15.369663784326178
51607.82136526935;-22.905866622924805
-17671.2859161132;22.955535339174787
-43896.85437652116;60.19652557373047
7036.1548152724135;52.377540767605765
60928.57208251394;43.29561322196764
-34972.794493960195;41.53780656049063
-8239.173193256553;25.323891456844528
-17855.533087071213;9.549103220588837
21681.71526844606;34.467604157121876
-16908.68066707263;61.80260205621755
22647.927124541267;56.72925762675136
7350.452710735073;6.336201613912813
14411.36703979518;-21.69776153564453
55166.4999206638;19.96212642216925
-54406.1484375;51.752053399021534
-43918.61391933719;48.82107643797781
-25796.42178415975;32.21610456780948
845.682182268938;33.73356072494559
-18219.842475434983;25.934511657061968
40252.694331317995;-1.0159254350882563
60015.158688500436;-3.3012040141999144
-14450.0322828012;36.49304435316228
56481.18162649826;63.44218225339715
3438.086670480683;49.88511461665459
56458.08203125;20.176074981689453
-5369.63027272818;25.412998653380082
46088.36382742404;60.930850869797915
8283.262033472129;91.10704094109131
49591.136197610685;95.40477126858423
-36806.38230012284;95.60388946533203
-24175.88192931102;94.97200570802255
-17172.137174739444;80.7137616541976
-2442.8533590984225;72.19541613899268
41863.79715073951;71.7695564118442
40234.81000016452;77.52211564505515
-53769.44849572359;77.49449231140227
27409.91116276475;63.94409618243222
-11799.179556544594;53.99048828951341
-38971.76521961644;53.86733426031102
10880.641545383405;47.37930376859232
8196.862714988602;49.32905073559098
-34925.3971373042;64.8637229986258
-61502.1875;74.59749519455715
45532.16821468627;69.46991388524248
2874.049026316483;55.054639915705906
32279.384004986903;37.680435738426894
24720.143956286047;26.469736251169795
29573.10456332781;46.56945632899412
37186.75;87.73626269159688
-19418.170085017897;120.19830869352843
-11754.782579343359;124.2412852378303
32057.09913413266;91.01148827799865
-61130.00382280095;69.79238730355601
-8095.6316283579945;84.49635364925851
-7522.043395174645;103.27093557374728
-8714.298611574719;117.78296417997475
-52384.72631632531;108.12465712959164
-10243.86723339698;73.74016272907826
6077.749157999089;33.60214265006162
-64681.8984375;23.615238189697266
9306.32032418286;30.67854700237808
-45386.638983557204;48.1755913329211
14953.599595605905;57.90299596951523
-63295.338264059494;32.923450803277944
-25094.967716185492;3.5157082028234328
-43352.52960009308;-13.048938929108743
-29376.894921910767;-0.30183415848454587
-18279.866768585773;29.682551960915006
-41610.972652554396;32.88923263549805
29080.407081629382;18.376806226383366
-48395.488405827506;8.10746627494683
22986.756894322025;-0.5901059657030601
-54176.09013355663;-9.87108543524755
-18972.531463629566;-4.927910302895867
-19872.096002647486;15.20581634697976
52812.71875;31.322955816277485
-1565.9576336329264;14.238046708460473
12713.729858737453;-19.508972856586396
-65091.40625;-36.71056341018232
-15969.785032387772;-16.21992880851235
7998.212545205533;8.402601696622924
32027.380511452066;1.393478612538594
-24461.674280716885;-37.87875059086304
-23133.917021126443;-57.0707893371582
52858.11176909362;-33.017765278935116
14955.261455051004;-17.738097651380897
24743.92313066977;-33.21652518303338
-6098.082785987041;-57.681739807128906
49867.46179720403;-50.64705891565098
52200.28756971573;-16.83835415693607
38987.37622419755;3.8646194252994164
-20362.32490613174;-4.323578766748803
22344.27548688944;-3.706003350443474
55.46909261795372;32.16838469729271
-24496.371341951315;48.663682095447925
-35263.60219903743;26.915444374695667
-39511.98828125;15.390919220997986
-4155.793727778706;40.83041230357519
19769.406047338023;58.61764907836914
-15956.536193819717;25.405224031949018
16642.14247196589;-33.93170590938696
57801.4453125;-40.788922600777155
45770.538623200366;7.186749250941858
-33615.329374411085;19.337723030949263
-30613.298782406844;-15.025750992874183
-25225.423365161598;-16.748888457032816
37239.835270801705;20.03069747113132
-53390.23828125;27.18328443599343
-44366.55971590129;-16.824079910014284
27009.286115437208;-41.22057342529297
57226.625;1.1012491830468463
-51514.94705676395;41.815854483907785
-23095.25457551138;11.991477956529408
-1774.9994391627843;-30.178395257243693
-1121.7701827486526;11.284991596224366
-27107.466313228153;45.395280943546396
-28425.740342322308;29.086568089586834
20993.500405204744;-8.872583757224085
40418.20914632575;5.905669730841872
39067.86443022419;36.552452775205055
56127.78198727235;21.792997150384465
-18465.260130178132;-13.965238208114734
5548.932714793082;-5.523431122341208
12337.7907749937;61.43769073486328
14384.407906404012;63.88747024536133
-8402.667737298107;24.33920874895275
27669.187415239605;-6.11564497389319
13477.467811078983;18.099417958504205
52668.47265625;44.91661270702275
-39469.06947806911;25.641014319269182
-55199.7890625;10.627349849790221
-27917.516684981747;29.40145722806961
-42642.5368170649;53.653503273260085
-4435.833563553366;21.102446717302342
16382.638896829783;-26.592454865166005
33321.51461550493;-33.0585823059082
33380.77022971853;-4.399628540294255
-31978.172247898037;7.3728359239991335
-50533.40944317787;-9.89088112781085
33076.262212231915;-6.898207640594773
24503.95002266238;19.19411809717939
-48630.64583120737;28.632208481973535
-13067.401367336519;5.815107213154583
30164.507169346252;6.295887679464627
56769.761208459066;55.740184474363204
4334.65806793754;56.54454849076802
25842.615452177022;17.381381340959955
-10307.505382463682;-11.593174934387207
19999.530295968747;35.33916497347676
42726.09179833536;92.37761688232422
-27752.998705496622;85.74597666817807
22359.731398372416;45.88315561060961
47215.47260159088;29.97039213025414
-4219.888801221023;54.87553281964799
52049.35900365174;39.73857605333975
12882.449925354827;19.907116082807004
57512.8125;50.290499274460814
-29575.500873294302;86.88509572888547
-6500.380765077571;79.17621060913999
-26892.41020965739;38.215519927602834
-22174.710009546572;33.752648175834146
-410.06217913840374;62.98897972279234
-31023.775390625;76.9582601260356
32969.15283922874;41.87402766296671
4505.19515883454;28.681249618530273
18635.563092845885;45.650243569043255
-9360.39595667897;53.61923401441675
-10409.448414778017;44.036793573580745
22518.397829931317;52.11543596039344
32160.966270669145;81.05785229559197
59887.12109375;89.25326687978148
-14506.785890899664;69.53158198378836
-22317.702036585968;53.241860449723404
18925.47695107454;84.17367629389027
32301.73369316166;110.99425635968092
55925.52363217472;96.6939343345843
-24928.602563292527;68.81101208290218
20445.429953464045;74.56275482930383
-47174.882725057316;109.96324329991494
-12646.6449508199;122.00502014160156
-49934.9296875;94.92383870849437
8952.77538853878;65.05578910140649
-9308.446074568637;62.01543981604687
49336.26761740567;72.35974764220718
-4998.054224000138;63.42107169295694
-47658.966343090986;66.60098322393853
46912.8203125;86.13758745809628
-7152.106288100447;98.08866389927678
-67547.45366551142;78.68136878235825
-69751.3515625;45.244945072569664
-25652.03112291902;62.46127021711084
-24208.282177476576;109.54435893356896
-11600.846873378701;112.30538177490234
-33630.92480167737;40.109005486448204
-17249.447864610353;6.466779942180281
-32374.097729565947;28.35098209354036
3630.6154906231823;63.539453279161876
37281.89331515893;56.611398603415054
-68882.60990359013;22.508395500534107
-5893.499007671591;14.724350893767049
-60736.37664299257;23.663071279825242
3409.8696592608467;19.70184127989114
-37307.054977187414;-1.7907910094064858
-5320.271929456467;-7.048754692077637
-74393.9375;10.138859664247462
-48644.6420810667;11.739569664001465
-52814.56846469962;-3.2679308400212506
-47965.34762179747;-24.232504001356304
-18372.32167343478;-39.82085285972012
-35665.746212009224;-48.77897534779488
-22868.44391127125;-58.68491627454256
-54544.7516295215;-64.53392412174492
-67789.31216334269;-55.14354239323026
-67180.63742508659;-41.97089231086649
-37673.36399509701;-56.36377420738873
-44291.44070718539;-91.62892390661041
-3143.6832635301835;-110.43670356616722
-22323.663206312754;-111.48808411452886
1101.907106902523;-96.87907259778667
-66050.72188887639;-87.25455044736707
35796.3671875;-94.89563306222652
26266.06769458411;-119.41508820613761
-19488.785834213915;-134.118656431726
5187.762394091231;-135.8004150390625
-26849.807906964325;-106.87342830165157
-51432.50664087535;-81.24087524414062
-27787.936064676353;-86.63072463714974
-7078.613098496586;-123.08204751651083
24211.989732428963;-160.2053922121804
-45432.51520274781;-176.34954421791707
-1622.5057763431978;-164.52860232697896
-7869.978875707646;-143.88737409699186
-56992.2109375;-123.85760757777383
15142.937925590144;-139.4254618049901
22424.94192279961;-177.7912654401138
10117.045816866055;-208.8742279961733
3181.8039147618038;-209.2649383544922
-1238.3336626789169;-171.86028220083298
7210.575144199953;-123.21098193475606
6242.231202267139;-117.78206150591505
-11762.059652718439;-144.20971014260496
10060.93078902745;-178.50626539583737
37301.1796875;-177.47674360166707
-5867.104035929828;-128.66920564047098
-38442.88392547189;-93.51619246517745
3137.050420630898;-90.04965581930884
33987.15262235061;-96.8530703656466
68385.73214404927;-121.95549275326685
-45207.7421875;-156.76519630588828
-7761.582092644654;-161.9417605561762
38489.71898389577;-116.40952339816158
3691.1559793866545;-61.850101890637305
14534.744894110307;-60.66115565923846
-5479.107539359342;-142.54921574897753
47628.791130129015;-178.0243377685547
11076.172118432798;-148.50862525450748
72464.46279674482;-103.55862925507913
62360.292889234974;-98.17656812529016
59655.817413718454;-101.8706191734635
46491.223426723154;-88.88272711071367
4250.765897997604;-79.66227783881614
30508.39719387074;-84.23458340771413
-22331.62262933172;-75.4765021146939
75033.1640625;-17.70496866925464
24847.552824082726;14.567142524990487
24714.119354671813;-4.7697953532022765
36677.38298357054;-45.45599365234375
78840.453125;-44.77008323693882
-4183.757734892388;1.188304526952784
56030.9546254139;19.35178591049808
-21057.37303811285;9.3499214907432
51768.70837394519;13.846578099051158
-24587.64140024167;29.881825249432367
49019.978904080315;27.1501332466176
9853.443247136027;-1.4071613654854005
42943.03746862315;-13.220594060072827
-24595.26616992229;2.0116360186148015
4760.097100479332;29.40144896547281
31902.370971079887;32.85490036010742
-33373.28226474044;29.511385826478488
26559.313617382766;25.989821376655584
-41874.90045863597;15.239908315709961
-46079.9609375;16.035755592120566
-30807.54726721053;32.05068832253333
2076.284018183789;53.05645811878286
-14616.384098449853;51.03883697187169
20466.51160430559;25.37916420833757
-54536.76953125;6.171727224269006
-23333.481417804116;12.439105015262044
-33485.55275493923;35.60072357093505
-13445.844725698204;50.6888919027847
-7513.632549099035;35.813260830408794
-24332.045811620686;10.284076058737625
42251.85812940373;-7.783568087315965
-11692.809456553565;-9.705300331115723
56067.181437188134;-2.0035431750231742
50297.698272914626;8.01141020045797
-65.08184855619038;15.947452614668084
27868.832471801376;10.942447290409763
66648.265625;8.176497281072457
40147.4761291014;19.539826572470716
24873.139290351668;28.81732508484763
-18275.937682455384;36.07028263256308
-5964.008545361474;55.078033447265625
35451.03363449697;67.76194993774459
-16193.606085915326;61.37424655893002
4291.439267927715;44.54937549162294
60977.19984831347;32.99237060546875
-3402.0466668542285;52.80149498955609
60983.708719662696;67.73226178298155
-1634.8880955401037;59.673709054103384
6951.94043192274;49.24010394418244
-13370.383138189718;52.548551910975036
54538.29886609431;72.29117482839317
-16886.800884607608;73.69839336416103
16946.312388655126;63.55216959234625
-14185.619274679939;69.81993282591816
-12314.318761778239;94.35422392209011
20218.647459477143;99.7764685080108
-11735.029211697365;77.8107965619366
21593.646532000566;58.89825445169292
-6900.565017061759;67.98757991394365
47489.19119488547;100.1267887342146
-45652.7578125;110.81571197509766
19917.73789821886;92.96686086934942
36869.97844761402;87.99678750701298
28213.794381065556;101.64360053930662
25888.27415432733;101.92595833032631
-40729.496804855116;88.6911571767655
-17276.005665475175;106.80671443223815
-39459.57322022252;138.69873880771758
-43502.625;148.33059692382812
51818.91818726729;111.65289611075983
-38577.479341114915;53.9222526550293
21148.29530973426;61.15695074942164
47192.66384279057;97.79287413422682
2121.311636421553;129.7958247847497
52046.3671875;119.5185774320227
-42919.42243530076;89.60305759368113
23629.822222529532;83.6994747998102
-14867.379073267311;92.9394894508322
-12694.949519762642;114.31656731277724
-12865.536269937169;135.63746173671325
20043.1264496292;140.65507493121117
-46747.70129698896;128.004638671875
-37041.96467530213;100.83266529184304
-63508.859459879604;78.42129143688624
-51528.05756732669;82.18282971782477
-31899.048202435944;107.77416774070917
21725.418552535717;109.40049820673616
-41682.7352676664;75.9703719606259
-69993.24868210108;28.617776859114755
-71412.671875;15.850148028121293
-30664.53071282655;43.30252321264067
-4944.509945457699;43.41883803524286
-54131.239821481024;16.186630193506186
32344.80688459426;-8.11278247833252
21344.73033988083;-5.024208528163774
47387.4296875;13.467771215180104
-14311.25277778042;12.63071990252509
11241.990296425327;7.303085617264275
-4001.8534188837075;22.81865213223437
-6043.067359118926;57.52616437656506
22120.609173291727;61.43101913535271
48913.93268165189;49.616750671934355
9685.546356662191;55.14956510085541
51234.4140625;71.21356934680637
-45571.81733277287;72.81346057795568
-1976.3138748826968;59.5432706767633
-48648.9774247671;52.355750756096825
-36817.7652912038;71.14505152106122
19392.653251079595;74.6052017211914
47935.655205098694;46.788677414303194
7941.582089068266;2.9047229701767563
-29193.32646841716;-7.13142555584443
-66832.6875;7.990458586110691
-59602.80257659669;28.72223971095015
3349.2629588028794;27.10864491465182
42604.67352347636;-1.2080595201760076
-53531.356727638515;-27.85635489810938
4477.07456160638;-37.650978088378906
42979.40964709158;-16.425868618174345
2491.6937528372655;17.230087387844478
8177.593782306707;18.967014270484093
41800.3984375;-8.69094762640011
5899.508776932591;-1.887665208325302
-33315.87574031228;33.40283098435327
-54599.229287588314;54.56732805301961
20365.130542626255;62.53035369242289
-8127.249317923233;66.22356414794922
-57175.635243311204;58.48595338818441
-57620.63686758734;21.72045983091484
14512.591939215243;-6.410663771506364
-33773.153271465;15.809036284453207
41163.58576827725;43.80948459433036
-39274.29404053383;24.382968916499948
-23438.37416974156;-13.632107125722147
22817.24294122374;-40.82236862182617
-48205.01629324807;-29.45525161165028
-58760.76171875;-22.975390542622005
-52691.86025663921;-27.25173949112617
35504.39269817242;-14.566435467412134
41493.50076558543;-2.003639530458152
14836.368983085122;-38.92921032109419
-40437.78563685692;-79.71012878417969
6422.785712199489;-57.744782792734966
31041.525170081077;4.585542706133239
-13212.693537955965;50.689090728759766
-38595.05488378409;10.345998965326316
11630.113375308996;-35.27601868951965
-26737.40514489616;-16.412762959934
52510.772475094025;19.87313698571198
54758.6171875;5.602327904215329
37148.70773401021;-27.253165619721194
-27217.805769238104;-15.390008377127344
-62713.67578125;19.16675979330661
-41498.96910555256;19.055331278448307
-60661.217889938336;-17.881231602173898
47203.062591972775;-35.27601868951965
-40957.62213334633;-35.87494695688308
-52324.11601003392;-49.753766441467455
42067.436514585934;-75.80615117432241
-50081.64891655715;-76.21803872031651
-34707.03639797185;-49.58264407936362
7480.541775070946;-61.890417180142975
-60127.21021602336;-77.50726678704896
-1573.8522036271315;-85.43521881103516
24019.30333753281;-74.05437268354264
24724.952563387895;-44.125168824860175
-11446.040150675602;-42.82067346973066
-47358.23730513455;-52.32823953748742
-68039.453125;-47.40598494708165
-10771.446391973062;-35.61297599016432
32921.870587929545;-22.844171534583758
22525.190306749166;-17.90852165222168
-47667.066672929315;-35.303853868095715
555.172600053018;-51.21539989804044
37887.29472487564;-48.80630816005244
45026.6015625;-47.59867106983775
29041.662497591897;-67.47831474006982
24521.366723165644;-84.2347945703354
-51674.94723933855;-69.90801461952907
16484.901945578822;-38.859788678958246
41720.91961448446;-28.686579641680417
-44473.69921875;-72.351319771274
-1480.4074712768343;-107.73309639731562
39738.62742663875;-110.94383239746094
-19796.67840190779;-71.23382752298286
11578.748230224483;-51.07172013883294
8489.821767911031;-59.962356996561
-24350.34377878992;-61.85017937924401
57970.484375;-61.046981825784755
-1949.3740394418346;-67.31438779919702
-6126.302939898087;-66.6755273410747
-10903.509047605534;-45.3199218020403
-18736.81395785489;6.7009857268657385
40700.008891377;22.364365126167144
-11910.2239472664;-26.992227244588875
6817.174341455866;-69.91502233290399
49507.20104151567;-54.079088983498806
-4212.919341784895;-4.825207297328376
-13243.652222748879;23.6770076751709
-2637.1916727505013;1.228560452145885
-12830.96164276368;-23.48363025914537
-45583.51171875;-24.21714271007322
-30987.95736975511;-34.78879390605606
25878.632483651134;-52.842624500738125
35313.10836610099;-49.561682040288204
20494.48786668705;-31.665969154543482
-43099.22705723365;-28.94090926457642
14554.205724020641;-50.206505822048314
-13736.999120566234;-63.17339324951172
14256.274906680119;-47.94097552368041
25576.118115274614;-32.922263763834735
-37302.562847028836;-32.61344011356648
-28804.659226269952;-20.60020011813144
27.404640565873706;-4.94901752253638
33135.92162399719;-1.7977809951991333
-22540.472810392315;-24.09361324996592
54542.6328125;-44.71562132027878
-41566.793160861635;-30.546792245971332
-15451.247208033234;9.308752763048318
-36737.25821925451;17.78040313720703
21064.37604549738;1.3942202539735291
-28659.65398167602;-25.955474381437085
34201.12320411684;-48.84054229386606
-20308.995974179434;-64.06712769974533
-12034.538281297686;-54.28472442352205
22929.45313638483;-25.351358059491858
43593.18551134954;-3.1227315047671595
44096.70523733385;-26.949650060858758
20153.371086299187;-75.95680287062793
2875.3232783388157;-90.69343566894531
60603.78515625;-31.60419983269658
-30503.40277059189;17.072353887504136
54102.852432933185;27.17584261043058
-37312.125;1.6126842314255327
59463.768684659386;-14.462993800179888
-18451.800070919773;-8.355235080670681
-31380.453450570505;15.397952743215015
8538.052540892415;31.892231060892712
18696.600365721417;57.07246531457028
-21641.7544180311;65.17333221435547
13319.248752019463;22.880432856757054
-31440.082561628315;-13.474604273292073
922.2076011176032;-0.9472150456557173
-41703.40426847252;29.95001974014737
-27677.30469343084;45.231773376464844
-14876.658452816475;19.180262081863262
-18872.284457036374;-8.07860119371108
-6234.87196126247;-24.925166058439206
-7671.568965483326;-35.16689262922171
-47.59288293457212;-44.45490012903924
-13513.176584149063;-30.073469161579837
-52290.79296875;-5.951644509786085
26366.267578125;-7.8116191831765605
-5021.421108073431;-37.58307982455911
-51122.95154426638;-51.97044372558594
-998.1893970055098;-45.416035366963506
-29710.525015193685;-16.673938699530723
26085.4095171495;-0.39841869066809465
-28207.81436416235;-12.636577406892059
-9841.61757336244;-26.860785634814466
10030.890612840289;-37.995418707495745
46066.86385996915;-27.752623663498106
26423.711666427436;-19.666912753235586
-23570.413245116564;-19.412696690134027
13877.141020965733;-15.939191496142662
-21986.768996758838;-0.32891941859294604
-3665.5290523692893;4.195423603057861
-17866.974806732003;-16.81078942677658
-58452.0;-40.69889884015866
3300.1864961079336;-37.2253936461673
47756.52613332153;-13.433347445570142
-11524.115155098407;-19.3166334773491
-17646.656098539977;-53.48116365352789
37628.491683050495;-72.57782745361328
9503.897489936047;-48.970878663016336
33016.70759578282;-29.77815165014602
175.9678220465721;-46.966437723077306
50107.14453125;-50.398940326245835
48071.26714502442;-22.4187723487451
42740.548325761716;0.8929577879274575
30931.134260341;-13.056123610000085
62646.0953287368;-22.459686279296875
-26061.26479015187;5.966058207485215
39719.103766389395;51.882279786205885
6394.049034422969;64.3897952784893
-15551.377789582508;46.658156625788024
46833.89501060518;31.131423671488527
47153.83541582423;43.53558420915935
21053.84265026074;52.3567729869273
14231.03585352641;38.729578819674224
8180.124112102116;41.304056780024034
-33416.78789266354;71.37095266732108
36763.537790021204;80.16395373019468
-19232.245558364742;54.718277101408745
38228.11935371811;27.520264196691286
-27344.132628554453;25.76949390492055
20932.7001667312;54.79970827777018
42025.470279740286;67.24615038778252
46218.86394037827;58.85717323839448
-39133.78125;46.66598654659201
40074.76567316202;51.3952587121981
-29040.71888518746;76.33427031838315
41379.9375;96.42736941952364
7144.888494366955;96.88031277907001
-18708.90554139836;94.73828944216336
15139.59002197333;96.53677108875945
-60385.51265516755;103.40147022192946
-64613.33984375;109.43594360351562
30071.22759083072;102.24815169017258
29129.913350679606;100.42206401489082
8419.382688935802;100.03148983126394
-24541.172122128395;76.45798622471523
17135.434991640795;64.80926456486924
-47516.032571177275;81.19497625807489
38864.91405767188;93.10442152217445
-4679.765130623986;77.1655185154739
-35817.53446290761;48.74562320632974
-37208.47990368072;42.430999755859375
29126.67859384061;68.0289454660239
-46328.876811261616;92.32940782796192
9253.949953399671;60.24404537666487
11318.41629547735;31.28875023583728
-3410.5226939689674;38.455633311871665
33640.167688361194;51.518772239232774
13941.895613584173;63.00328753947498
-35302.96319598891;74.88558417124464
-29918.013161703275;80.35678225688206
-41343.37237111652;84.50393676757812
-17316.441559200182;75.9505016216481
-17782.98390506264;54.52599910558021
21896.1140595912;52.864409657885595
-27767.647208414717;78.04396794357251
-56698.20091610366;83.0480570941877
-12766.010932302313;60.37452119712365
5363.430366775268;38.25674264610794
-10076.821424637397;22.24206623881323
44286.86115151105;11.800874545262985
-63367.78515625;10.023360252380371
-57076.03450606269;23.09331828828195
35593.40307297549;40.63888456291227
23290.812832961703;37.17250438817315
22326.43385637607;-12.706547024958219
42291.570032111194;-46.391414609096394
40419.891591816835;-22.846234091987114
25672.35629501479;38.488652163212265
-10213.935687725076;82.08740506300387
-44213.2632900956;70.90427621856622
43956.0390625;47.694233037708955
-30956.956369499043;39.80780976335315
-61965.33503052805;45.807005768318206
-51511.45045701468;52.50024505119522
9720.628607860039;77.67832875983026
-19827.093557113483;95.03178756817013
11325.652315734958;49.823900082260735
-20610.07337651067;-21.6649344032123
-53914.739924361784;-50.14685426355154
-38321.38261007645;-9.129371911062655
-67349.3828125;47.53022966039414
-44534.26803167058;41.055661547270205
-59611.30025897817;-18.080628707694352
9892.17082425725;-60.731014251708984
-7824.790490372834;-69.98388897427839
-3341.6414218788123;-73.99126996232785
-55053.79132933382;-69.58374588378643
-8115.397781769294;-38.54067467383682
-6235.310366088597;-3.905240774154663
-74797.3671875;-24.90010909833066
-38094.02068326413;-76.67029489160664
-27327.374936161475;-94.93705010068142
-14159.675043679614;-55.074468171301476
-31640.41241944782;-13.364385430059102
-24858.98495497089;-42.793496590998444
-21478.01719896828;-76.82797209455143
-36984.75138805572;-82.94465755218297
41328.59765625;-73.07941972265661
41085.83424819322;-85.29791543009473
-15956.478662435715;-99.75512991519226
17486.395791986317;-88.37410840830047
-7511.1472551461775;-65.08250799594765
-51047.30909855714;-61.491632826997616
-67936.19991745696;-101.388427734375
37767.47896684593;-118.39921177678882
-5626.215736654827;-102.9128189543276
20352.666958182017;-91.99791521130655
31491.623599307713;-111.11576888571945
-22738.907793270955;-126.14201354980469
-18074.93103353317;-116.58703309474555
23312.069215741067;-104.18907894076662
-48408.80417351346;-109.57115491326358
34497.37380405591;-125.38036179537448
-12193.891512421033;-114.80247908773343
-2476.271918429273;-81.07669725684981
-25473.4366774308;-81.79020314908287
59717.5234375;-97.27659597154408
-38213.97238253712;-112.71563220823761
-52777.52734375;-117.32816366200976
11586.038576886138;-111.65089830489424
46618.220289336925;-90.24730009076127
42287.262113106364;-74.41757202148438
-48149.59898738155;-92.60881516770965
8903.007411825347;-120.63681045431176
-6735.062675511232;-112.90847344275822
-39778.66344596054;-93.83878016089864
-17886.667824740784;-89.246004669304
-34014.336635044645;-104.97924859311236
17756.00494131624;-99.90699189313256
24031.604600194405;-89.11510772220775
9470.700316820272;-105.81015964859293
4394.578485023041;-148.99476984713073
-17499.857579385083;-152.460693359375
32750.087890625;-89.17771060994944
19422.827638968884;-60.28363233135477
15106.903860347062;-87.90004258285775
-46747.348970334104;-120.16329445627773
26579.427288846477;-109.55779615567478
26738.05609609015;-79.27791758934369
-33963.087328089;-74.24692188355725
-21932.92263104839;-99.5214150163599
25780.182144657258;-96.94758265443465
-46954.78664134505;-63.00258956940846
-47215.9140625;-59.219383239746094
-12490.684394264812;-117.85660781078016
-4338.507534316632;-127.80400543580774
5869.044645181792;-102.55646770117677
-12694.91038317181;-93.41175079345703
-37902.767766243;-125.21605208862557
-56320.57942638792;-151.31547702131888
-57409.16015625;-133.15828562290716
36710.916235990095;-109.27007691911933
-27700.836485521828;-140.3654973509183
-4707.613220689833;-194.1835479736328
-48914.10847088916;-184.79279866214057
-57077.52712839185;-132.80153863743698
-22990.523310180593;-116.85556346793074
-42225.23892595351;-149.48868642330797
-6751.746742685573;-185.56933843654755
-52380.32938353088;-191.7539779863792
39933.564868284026;-173.32922634886484
65377.5;-160.17725666470022
20414.057047796756;-152.88700900041584
61279.86479137976;-155.6948538084697
-23139.193846657843;-156.11283541670156
12971.366015934953;-150.98481991452067
-11702.413183364264;-140.1047297548825
-13990.117520640528;-115.79042497430515
-14559.432070328;-95.10752324207834
66934.37662010369;-104.68443104805107
-15664.981731036085;-131.05022440920905
60335.89911760975;-160.232755360359
-946.3725473728337;-175.7932891845703
51921.534534614184;-140.50994463624977
46905.64701886616;-116.9848911402867
43345.25480445981;-118.01557707547174
24091.280477261804;-139.90565206055226
76398.578125;-150.88316321954352
-29791.643064871383;-130.04918834339236
-11533.533943854527;-105.32966868144773
-37697.62890625;-97.84660641229611
-8465.851263275552;-88.72432993663789
10756.784648343324;-83.26593017578125
34572.239465392006;-91.07796480506727
48379.68617482909;-109.79874906866763
27761.702004160048;-112.06963348388672
64305.94135701505;-85.38055727931291
-14449.1328125;-56.10395918114526
37087.7282703444;-49.466940786773996
82056.7578125;-61.088525735248155
7969.850903967785;-56.42554412011963
11473.185261658069;-45.80087248246606
43528.91552571947;-32.447676324129844
27524.612121189;-4.091305897488866
18076.359393597213;1.5042720406653558
74452.21026180113;-15.2601982010991
65637.178960778;-25.865079996354254
81716.58537171544;-23.621406614433
33320.79708624531;2.3948149485944157
14549.463308406703;29.400528631542983
30547.87628106212;43.782796594597215
80494.32075764106;50.04380798339844
-1160.3185023709084;49.5960627991341
60316.64636963255;32.161211646123064
-2736.009766399882;39.25268112004729
-20643.36688088435;77.97440123568958
-41604.67987633328;103.53926794048807
50249.2734375;95.70586543202957
34442.381670440154;70.08082407498108
-15651.47244798502;47.3455032404281
37425.13533623768;39.25268112004729
17839.882542601932;60.25096032631628
-32193.604480355618;93.13172753022306
33135.97580955115;105.17200683820535
-34388.49015658857;92.00579292590041
23593.33110293893;68.21407264073594
39216.0258351104;46.8306756600668
-23469.785248163167;64.520686207079
-49226.412647680976;86.19158430405379
-38334.02160138249;99.26151877275869
-51189.1171875;108.06172736070087
10922.432551709797;85.74629187740362
33690.11478845905;42.876532399993096
-37255.15325417913;20.430049896240234
42070.81319471334;51.06555399119219
55469.87491529921;83.27447814020533
-14213.300878050897;104.27324378981955
67844.5703125;72.96408236246869
-14164.27137881195;34.372005462646484
60155.69419970692;46.48008290763872
-34830.20530802713;86.96756160637244
-39647.35360825344;119.22995526138601
-45912.62318957288;131.55928583465584
18997.180642157124;128.42302274132072
28796.076275769068;101.9998678967671
31042.67797303929;57.07257642392932
64843.26453765889;35.29758104927449
2094.2607795309523;65.83788785586064
-19058.46603498518;134.46323314329948
49018.9936582895;155.2020263671875
-40641.95202138632;120.64413150629373
16081.676490984166;65.93376421144761
20007.53853718823;52.005879786372034
-46908.97265625;92.45832673979514
563.1907931975147;115.50283557809072
9460.557789181948;116.34089993637438
-25646.94979454844;113.29948194760314
-37505.38068723153;82.18977733631502
48255.219937897215;37.74145413734407
38806.5910462508;36.74024200439453
-5653.468355882062;61.98006141770402
25503.853986933304;92.84418569449507
-37360.47756037181;112.20209849485055
38559.3107101967;101.79498781616405
-44301.65234375;76.40232469816758
32681.283868452345;62.30979165702874
27786.078234973917;70.4585936653402
9729.888601062521;105.70709971815214
58916.625;147.96580804660738
44038.85395307683;148.06884874639633
-38370.07434642705;119.43040358504716
33166.3943366349;95.60224175884665
-33073.23504610918;108.50808940741578
27499.422049229688;149.28472900390625
6871.453489672342;156.2167802664505
-13467.126843866354;154.51528745348497
31263.106530460325;147.80817053758742
-49430.52037098586;128.9030276808525
-19554.58056159303;110.69885193368435
-13580.438553961496;95.37642985917965
27863.75522760609;107.67031455004324
27358.210674873917;129.47218900913322
52271.09758209955;129.5695455521286
-40444.03013190195;95.95308015230617
34013.96620015468;83.59778594970703
57122.58203125;96.60611788685985
29038.710498438784;125.017752718852
47853.68414546743;132.55464693966408
13175.07108511898;135.37648889356112
43770.97606788557;162.35473585406734
-30097.799371676345;181.754150390625
-51208.64259094039;173.7559359353117
-57120.02734375;154.77590343011877
-17650.94383199465;154.71449391838323
12690.663659679514;171.60069439146093
20431.926830800614;162.31293046204877
42279.78298323676;131.9651070168491
-54194.43982453288;110.43128141549363
9791.375506297307;123.86480307054428
30717.028703731077;128.38811217542715
46751.56640625;114.72805969282986
-21439.035754937322;96.83943176269531
-5905.730919613292;105.57791933069063
-6914.748717626535;149.37996886141565
-17050.79114312322;167.1662925468517
-28151.624937174787;142.955505875886
16692.336517709322;108.47410378179767
29766.979478328998;107.54727604113641
20055.18317245152;138.5271935696517
-60594.16796875;162.56747316611995
-28590.613199946783;167.38551592834847
31103.60045751538;173.886707097402
-2655.907362375823;176.65379333496094
33291.9897077519;128.2517065158292
-64585.54635797354;93.30968521327252
32655.951715307136;128.7989057642818
14040.807128146262;188.37090010908878
-13754.60253277402;211.0657958984375
-68440.12606922074;143.3997195074417
-48217.72783181965;83.58892024284091
-62506.19510089705;85.7999728531674
-80332.7421875;119.5810358602396
35541.58203125;120.81158356458903
-49561.52626326363;85.59488156910916
-62276.3348428869;61.40253845917082
-3612.460687033643;43.4163137942277
-41817.00372415225;34.37263100815274
-16638.46469288604;29.048686031572412
-23380.44287590697;32.41724013548787
-16062.045892029804;59.60728735625007
-11590.379795816873;69.97984928423665
12783.64833241381;56.33987415954141
-38857.11086331379;33.12241701629086
19092.42833687713;26.95001220703125
-66562.14601795442;51.77137574635255
16026.892408663829;78.46062640006969
19342.705141367464;79.2996597290039
-54300.962991300315;71.16989579647355
23267.748526766634;62.17156734123698
-68849.2578125;56.42688158805797
-59694.152375818274;51.64282819699203
-9321.097698570593;29.970406226426107
40236.3203125;20.697611382014365
26566.91561322176;24.032899149206294
33689.58764296015;11.471719021828754
-57007.54507130841;-2.8144302476433616
-56483.207214480266;-3.6030868342606226
-3590.0016952078295;7.702148993283707
8373.224263597906;15.074524662014213
-51026.764374217964;-2.7258366663273286
-64443.155250518816;-34.54135513305664
13919.553593602177;-29.008599123417937
-30344.548910441525;5.4160871695209
-62900.10384328173;-6.342539338876083
8668.307965617074;-51.16798778592669
11154.479008033988;-61.629724620437585
-74998.046875;-38.95531279882048
-29238.35680536535;-18.321289610309023
26132.915176008348;-21.540833069755962
-21331.365219115745;-27.24443106276292
-59788.85830488516;-36.38110155821626
38684.72930856979;-59.055513379833364
-31575.655330272268;-75.99073903461027
-19405.327023830192;-63.01647712747277
46954.59765625;-26.72365745233654
-8727.44570542581;-12.24520206451416
-62235.950311455694;-51.20238968729882
23309.92006272507;-89.98638153076172
29130.83549736587;-87.72890503727331
-15529.058849163703;-70.58133661195808
-29214.165021269975;-68.08897817117031
-7242.44234326361;-62.445880073679845
18015.641158775878;-49.78835291365816
-32995.52696602384;-49.835803812102476
-33944.538124651895;-82.95045012361338
-27756.871004221088;-103.09215913927943
4185.47117562544;-86.54839072747143
29055.286007549512;-51.05807696079448
14876.870333648374;-48.59305191040039
-66481.0234375;-90.47535704151917
2503.124710789445;-104.97916605015112
35875.22309304617;-77.4459389180075
-48515.34244521451;-63.54504729183125
-34888.17721824263;-94.42188704644305
-33809.50559442426;-94.42188704644305
2098.027120106548;-60.43442044252443
-26908.548990791038;-64.34893713510553
-22071.207172636532;-115.54355912326868
-49911.737669568465;-157.4525420146731
-15341.821313292523;-139.6798181123728
-55200.24700048353;-100.49730232216184
37627.46875;-100.48307418334282
-54448.83068521683;-151.71326651855352
13558.317391425633;-165.1464080810547
6789.346068453022;-138.64295526347877
25375.52008034475;-142.6994665433836
-8249.293708466212;-173.08880210981474
-43653.652357817125;-177.61248779296875
-28682.694713812678;-129.04647429089022
-13346.913865560244;-93.82439920530949
-20564.140331497772;-114.19895302578132
-31383.376895485548;-160.66483790279216
56390.44479261243;-167.6451422171855
52656.37199619187;-126.63010453131542
-26815.658315602395;-109.82620061136934
9683.169946492468;-128.90847815946893
-12164.952715145955;-131.4010332832659
12151.09162228767;-98.75919836332274
32794.142161297;-97.13343144001573
42915.09720765175;-128.5864871861526
59337.09375;-149.22840851125318
28523.564652747053;-124.804530709388
-48845.3671875;-83.41000366210938
1904.6770124811155;-89.18427928626878
64531.90674217057;-119.07927131751788
-35805.09474942158;-128.02455344499768
-32765.380531420236;-134.6956113027792
42956.54386874799;-137.02278047611065
59973.9874337653;-117.15640868102169
-6010.939357218202;-97.87483741242656
-22170.98527052751;-111.34931538707261
-20416.541520789782;-144.17515563964844
62263.68520884674;-143.35210304680527
-21814.149253631702;-101.7662878294658
3327.9217701522284;-86.67217712094998
9412.306261945138;-96.98199381024872
39426.18012751492;-80.4800299823959
-5373.2601788766115;-49.61796433730555
46415.870810321256;-73.85469726866121
18567.793325077437;-109.08471746348948
69634.9921875;-88.15463442267921
-38628.39453125;-26.312580392588217
34288.402291653954;13.5380859375
42940.02368278059;-24.897507513664863
53002.20738876957;-52.505828857421875
7361.24895021096;-46.69270077200504
49706.93018950564;-32.73010565675996
17360.27012493038;-26.057680027381643
-4299.103111671997;-6.822482701147109
48430.808991563536;22.146140261296267
-41679.048072851496;21.34228126855811
-4087.3290645170855;-17.25681002067938
61146.38001254597;-49.20525511137628
63475.89453125;-27.237729189135198
-24236.899395971937;-2.5814335325630253
-21184.432095601136;4.380064542479751
58822.34240885456;10.064495991128169
-9531.382587068358;18.487195880557053
40454.59509484103;-0.007500797194538222
-37085.74201559496;-25.350838499284293
-56165.48828125;-8.40248141101177
-20791.919853029533;39.12815646995438
-36643.93753790971;77.24612033250375
-47718.25969344157;41.2427412094725
-27814.74840922269;-35.3724278129773
-40354.51319126808;-40.91847229003906
-24852.841149131556;-8.772620844412437
36371.35413130016;-0.9477739056156338
58882.93359375;-17.42955417105097
51614.6047346368;-24.06647648271302
58273.926426788006;-23.092414231719026
50810.426131378365;-29.96296771059366
-48183.05635826918;-36.01042061575012
37334.5613122816;-2.2650942561296574
6949.2601096139115;49.82387305532795
-52447.913669931826;76.85679626464844
-35424.62728185464;33.98008559266543
3410.8742552768454;-8.339504603656799
2736.8099428827045;8.758702510654807
-59546.37109375;31.11001656160009
-12031.162070213555;21.11419693055099
-10422.804863696707;4.1669514935152066
-20376.548114814446;2.8118907236822253
-13764.212138808674;3.284544546581529
9614.299380557706;-27.3680579241105
-44828.5001097355;-44.060575773308
-52814.66796875;-32.34939884788026
20734.850361668185;-10.71527859941046
43354.81545952054;-11.833801186000713
3335.5191327807916;-36.58038292672741
-25212.73608737449;-54.441680908203125
53075.07493933254;-41.90768276965152
-25491.45918715619;-16.473858311145236
-51758.190590535545;-11.704066591317826
56561.6171875;-15.753889749661852
55079.54465692426;-7.975657969350316
-46210.43260446152;-6.974013395987882
-9073.50030959597;-27.62869589360854
17491.982200735016;-21.856090820286425
-11727.21125961333;8.175714678602368
-13389.535854718546;22.153156280517578
41640.75184589297;-6.78817735495565
-9953.063624475937;-41.31744880285102
-3485.6863091820633;-42.46402211261595
54367.504202613345;1.9838550948433067
-23552.417138551173;7.852823901184458
-52262.51953125;-22.56279821562062
-29445.97628151513;-38.13213905237612
38541.68802417924;-21.03868616126071
-47166.90069980373;-15.005607208341363
43122.84533898911;-32.648260391966
23258.33126804883;-39.45639419555664
47759.998465133554;-19.43983087182558
62413.40234375;-0.8368896027780153
-15573.014023374315;-6.116036793199498
-39876.946011683816;-11.614539130037382
10918.254345192;12.638015798934923
-9775.69768114166;57.950289636818525
-21064.10327237102;67.02671813964844
10136.062855612166;19.364906955704676
-21106.100130871953;1.489899802172289
53751.55027793301;22.249020917846295
-12442.498195950764;27.190198697492875
16818.812964572775;1.9009875950860007
46262.064728566475;-6.603364479917595
-56294.01953125;9.012895033998156
46563.4140625;18.809902075092488
3566.2005046402483;-2.8489120019294596
-13378.42141799724;-20.928937911987305
28019.44333112154;-17.607691489151648
-20629.639765772823;1.538229731865556
-42.143863657605834;9.391019906880388
26784.22496755024;-8.120330013252213
-4651.846956172078;5.697603333570093
-19067.95962377354;22.049271064823728
43824.58808482287;19.344338411174064
8916.72070974132;19.304144034922807
39293.36138135358;26.01660486888335
42890.719055185094;32.86751299882046
3194.222420566046;42.78659184927047
15690.802612122148;53.18055981172613
-16719.946063541443;65.12424428075816
-21036.147461026907;76.63025665283203
34435.6728994563;73.38939898249889
52563.95084392023;60.56608896778359
-52415.05683178293;55.6511356033073
7671.0319774372765;50.45560632492329
-20511.08829046516;55.2470629550927
-23030.464415060313;69.43618774414062
21140.220789494764;59.66694607765458
-50541.001173949306;30.67121282802436
26257.76216544083;11.636466174461903
-43487.49839771865;12.89201630658181
-23105.501678637236;43.16496578206999
55360.96484375;40.24112643212035
-7927.339188615362;20.306153583741985
-57405.034859648236;3.1650235228849644
19935.87270908516;-1.5571016073226929
-39326.68213237832;19.372344943632097
-41716.61897730329;48.36807819326232
-46522.75570940514;46.83086884254779
-67576.3359375;32.09250857724034
-52081.14100886563;18.9260234126283
35356.03037414262;2.615788046625436
1525.79759099285;-8.71793521130551
41017.976327590935;-18.383265036056937
6829.336873381093;-19.28139877319336
42559.254817096386;1.6553205044286194
-11054.117440350616;10.551001362293157
-33596.8566278573;-3.2875641863474243
35145.705282575174;-10.001523259190524
32450.009204430142;4.606691256336948
30369.28324359779;18.96045554058594
33290.00598121062;6.021283383692069
9933.471751245066;1.6553205044286194
-13110.182945350884;17.84188224664885
47969.1423152605;40.96158296390256
-17433.469108413665;37.487455548724085
11872.400091042917;15.294860624643455
-29495.5145672833;17.1276580826147
-53035.4609375;49.043526943520064
38624.370833388966;63.26880645751953
-15812.044137453937;37.84141849421543
-11334.630125440606;-5.3433205103399075
55769.82597314706;-11.060946464538574
-33862.47331668962;12.313617363692632
16660.85891060604;34.535448607350084
36063.12884640512;29.238542736469782
1403.1004601976674;24.45034960764432
-38911.99389689417;18.636339856695894
4473.844299273565;6.535269949300634
-40276.95276932823;7.846385263874964
6470.820492034676;20.786568972597802
-25897.731484086504;40.15121772273487
45093.365847308276;45.19009609970694
35730.575230212096;27.142856017654168
-10307.4194174851;5.217861281216344
-33251.96443920093;3.0078453069698483
26485.253800925377;19.510067102328232
10512.753250042442;49.26714028190729
12005.108283903683;57.67715835571289
-52654.234375;35.39449136145919
-11487.074782388721;8.204057521690842
-37528.83557282765;28.083712367392707
38739.547026638844;49.047812472127
-19772.177033224165;35.044211327533034
2622.0417434795236;10.640978511675609
-28142.373932269416;3.2269011906506186
-39038.74794941844;27.85698484910958
24029.52338331772;35.59358488983328
44949.326042827;19.34514671149542
17367.82851202476;-2.7106730374417642
48541.89453125;-6.753549575805664
10910.958812469951;16.393126833641517
37804.828981008424;41.14649899351436
-57989.953125;52.549205912281145
36140.218061485735;57.882173329439865
11447.405690831758;51.97221572566419
-46753.82941822184;35.559064109437394
44273.077856770906;19.310625931099533
-46578.26498530343;28.817648852126524
27290.470165117047;53.54439069569397
7560.604217610322;53.414198038200915
-9662.591771005798;16.420743457958224
35126.65015923271;-14.786556412732958
37073.79244004066;-11.250346867679536
-32120.146693951327;21.465468315521264
-60084.02027835742;37.9963244271314
-21414.818540817076;36.10060715440333
-30723.455683428638;32.930443991506436
43233.15234375;19.1247864039332
-35190.33610666315;-14.339912662028205
14840.622741391882;-25.356565475463867
-11033.750475063513;14.690252021936004
343.82420068924694;62.37870752481457
39098.44079051523;69.14720737102081
28769.570690047345;31.797043496297007
-11985.967902396085;-3.068034848189825
-27640.612218526352;15.596972418103547
-60425.6796875;55.472520507338444
-34285.57137504482;84.6823501586914
-49419.81779484218;78.42094208960108
31945.73778985432;51.16895684923212
28176.411993619244;-1.6475062275273409
17388.749085338815;-32.930042134943115
-5843.0081170890335;-23.68338391731885
15887.325609666834;22.434073341046684
-43489.43835273007;52.267967224121094
-26144.134486130293;32.832387135281834
-47187.575369989245;-26.127032210437093
29479.07078708666;-53.63979435109654
-60132.734375;-42.97194414531417
-45251.17574196934;-11.538652382149607
-48418.60826447197;0.4947004705621083
-43748.0728216937;-5.6979542740766504
-8011.171100414002;-31.439795363661347
49927.98828125;-67.34159986702207
18359.468066254252;-93.7138442993164
27777.793403579155;-73.80824617050637
29374.945221659742;-26.661649886233235
-463.7470515662717;14.443766661543364
45971.2167950272;11.772905856211764
-54800.497758379715;-18.96092778111951
-17763.705913867234;-37.6101743718086
31497.82225686284;-5.1473495682940325
-59029.98828125;24.03291201774124
-19007.700404560994;35.29869842529297
20780.34477391983;10.900856908787219
6465.318985660117;-15.898420772353994
5100.0686326706345;-41.39216254000283
-57433.99138972709;-68.95499125148946
41802.752898185485;-61.57513419480277
4458.523332354198;-20.85468504968538
17413.543007136555;5.0941194972094905
24987.972942480235;-26.860831993741698
-19995.365512677577;-72.97045158071667
-55353.77638325144;-76.39450073242188
55528.67578125;-50.92802864442824
47782.93402184363;-20.339969846193604
34425.85598446512;-18.136238859058295
22191.045202681053;-28.21238549165222
-40559.77671955111;-17.635158495394116
-16883.783402150984;-0.45185160266544244
12908.741266222496;3.7766530988679676
-27599.146417794578;0.9140656363535875
7397.069691162222;-1.5234607155534707
11198.719013937422;2.3960390115972423
49262.908211052665;17.73819503300459
-8874.269974841303;10.448272045070418
-12647.862845049895;-8.745415500126647
58297.0859375;-12.911466553194696
29369.48051870022;-1.1316440138253814
16716.02041116062;3.0623939465089585
18942.29992232086;-4.358134608667909
28078.883700636317;8.299943734915047
35325.86539859082;28.117339499189477
25306.90618705558;25.674482307803125
-33635.4921875;0.879415179738178
15980.941353915528;-14.01628303527832
36526.68156844158;26.319513884797672
33953.904868083744;73.32152557373047
40571.019205917924;72.82709021202596
-33049.11232885792;30.02578003277663
38779.614709540096;24.973476916276006
10944.95988079661;59.17346282352675
-10648.183269967689;72.38749713590941
26721.7446662944;57.86153971257927
-2073.7678167296763;57.54648664432984
-12474.086886434903;94.3262989401479
-26224.2233939992;96.24917602539062
-50544.00272920116;67.59562615256549
43566.840171943186;37.38500549258662
-2513.6604662036116;45.265162631263124
-11838.68639275033;66.80655706977663
47564.27734375;48.67712032783675
25588.846533323827;35.160481852637
-45874.507342920275;45.65012109155574
-27399.01606501492;49.027604896162856
36282.42736934501;37.22700015440682
8989.881438690223;33.4932861328125
-25899.540724149396;42.10792869199754
-34967.96260516965;47.702275271672846
-38562.16484829201;51.86882815906882
-66832.25;54.27146690751205
-46481.985328464994;43.170858104995816
35037.06140610218;26.22309542553583
-68809.24582945494;5.2167935993221235
-35860.64834904401;6.974067702773482
-13088.136530751217;24.122006823583135
22263.676393050744;36.52683392951191
-32388.068630763228;17.55285780555063
-64516.56646263771;-18.993859352924183
-74913.375;-32.578352204822046
-12909.27489046716;-10.254858833238714
-36825.35953653352;5.800514214555534
-9411.958987891783;-4.289295268130807
33895.39136173589;-33.12845540242421
7446.7020005836675;-54.373135280932196
-63321.61848286767;-56.90055386102657
44364.50566857471;-56.96778869628906
-62446.338115520186;-42.594814594494764
8011.8286725449725;-18.897591293343808
11615.700445927883;-17.126564609952396
49783.6328125;-46.314123436060505
-42805.88548787652;-79.00327822433515
-1534.404293954285;-71.96843633926918
-55500.56123157445;-32.53017921569557
17746.84624011963;-6.8770880699157715
46336.10268238625;-24.163868446223788
-39502.81517036958;-58.97359756241458
-14977.918273339026;-77.30175025054838
-2507.360386402477;-61.84852898041933
-55788.71276169622;-30.897456198225854
-67988.90625;-32.79796066730792
-67478.41557626576;-65.16418403753607
-17411.197861033965;-85.80753052606826
28764.19548440505;-88.60063983385814
-53817.89859271523;-96.37745949109997
48577.28125;-113.62146921888656
-27170.996909047208;-110.78744885598925
-50137.74108764153;-83.77499492459401
-13729.261642811362;-78.19435508925619
-56562.452981467635;-104.95204472293692
7.7400061418593396;-128.74368286132812
-23503.12113773957;-102.11697239703639
-14098.948721036024;-81.82438659667969
-43664.253965737254;-88.18887322908078
5318.680522467344;-117.72738667997228
-50512.96394357318;-128.31127206353747
31404.883483430356;-123.75432141228023
27005.67343835834;-126.2383222899817
48191.11049202514;-126.14985102584438
-56194.3203125;-121.80387031214534
-55328.959845986436;-109.52405884988643
3904.081065982922;-104.0048130640895
6902.819988717689;-116.31320755014661
3333.6495747913286;-146.49551958468348
10263.597473973437;-171.02247619628906
45683.33118090419;-151.30835635375325
38958.244126855905;-109.21508997359152
-39680.06373623806;-99.22736480067465
1383.939462483213;-129.53353660500375
59541.4609375;-156.8888514762606
-20375.46116591197;-145.91297033774856
-39782.118099002044;-120.78130581388614
-25278.913762083423;-113.52561514508638
9886.737323135698;-95.47205720457293
-42812.82767377907;-81.07610321044922
4780.000747345839;-113.32001018952009
-7129.075609249587;-167.91353654909472
-49473.8671875;-187.8824669704099
-30958.097573754654;-148.25301356112897
49334.87342615092;-92.48537469213633
-20945.705571487702;-108.67947027134416
44961.8113140698;-163.64452839273156
-22507.25467696158;-199.2700958251953
-29142.9326042827;-180.83959546614366
27592.7477139729;-152.6266277475171
30150.644856582076;-118.82445163152279
-37385.448184220215;-101.41656539357716
60984.89929309118;-114.73399514709877
-4556.6861315548085;-136.72831473596605
47887.451459476186;-146.557674453828
69243.71875;-145.3024020935286
-29245.595397582267;-102.65881244148228
-9319.571529604382;-75.75623447370364
-3313.93767864057;-65.39109076420978
9477.534069028101;-67.2510708336151
50891.75107941346;-92.09424411732819
-22998.679482811403;-115.37163800078818
21421.876818950856;-109.69494723694498
-33868.70063476115;-84.94161375488576
-2565.4349259544615;-59.89210510253906
15914.657742128613;-63.93588342753067
-37135.69500236757;-98.16978411049185
-39856.72265625;-122.381117030925
48871.67423863472;-124.59058380126953
48711.40659041252;-109.91510411352533
75560.640625;-103.20772375708174
34326.06427525931;-106.45479087400004
-2188.5417751901696;-100.35160786494288
59454.6225701425;-91.20571860646578
26150.65303297955;-85.52310433921681
38561.70926398893;-77.39309591482574
31043.78161109597;-58.60869598388672
-36457.04046301347;-30.77540039670556
63124.6390009623;-2.1385089609298262
-35475.26169216551;-7.562780938943206
-39215.203125;-28.52533202064075
25176.06424503884;-42.9122089475105
60897.978874992375;-27.238323044376003
-38998.01105878723;-10.90021494763755
76504.0234375;-23.943580065138242
62114.60760361512;-30.8419481779173
-34881.95653568186;-7.585382072184927
-16040.986239013335;-12.177178975794867
72398.56364933185;-29.846242696768083
-27244.918435110972;-28.5014752688856
907.0580822073316;-9.45248680165389
39178.77225371564;10.166552470674603
69470.88522834999;23.6770076751709
42637.9532107141;8.265546041343057
-36291.056282330544;-11.600850078130946
62983.37586846619;-3.7607680802801227
45284.82758204473;35.53159867126985
-5225.259343253594;60.635350038786484
56752.496025440996;60.79348705800615
-35557.12585290889;44.0369682239832
27797.395087855155;52.42523631309719
14386.479404715014;71.8520688640699
9687.908357326924;70.56195103005632
-31692.14333548473;41.14646372077819
73766.66535423168;40.701077812216475
-12213.061686908226;81.12610443425606
-9436.22591720042;83.33601923449038
20345.292896328152;43.29532562118718
36222.91356275941;34.34457015991211
-38518.60596366247;52.07493278950932
74026.6015625;54.92440173709404
60857.69545257519;49.164410942099295
59231.7496532692;53.66130731775722
-42543.13553305822;67.32114300326344
-43453.80859375;88.16220092232089
71728.40694870698;99.9354019165039
-40448.83566187971;92.38972211199071
-46182.26315002041;88.66906054810816
-7800.251080069123;81.15235778346441
-10823.135203434475;99.25506750155476
-52653.46105069268;126.67972564697266
-39635.67265244711;115.31866140151728
22039.061736262374;72.22856846375234
14025.905722780823;51.004368654404686
-8311.843701897582;58.35484965567498
-53879.48828125;68.3706773045266
7292.628794785909;71.0688817425422
-24533.817468437184;77.0142089999462
-4190.381737974276;79.0378623284579
61478.36522465915;47.44026479788551
-31563.279598543315;0.014876333996653557
56990.71064721652;9.32909351651613
-48702.529960712185;60.25673587845962
-9293.74252344203;106.10495040150268
63756.298688169016;88.2167827268362
-29689.235047003272;37.19829823839792
-39873.58931635201;24.747784194567345
3357.4490318241296;42.725976892527136
56690.32846463763;83.33668075711064
-41189.07421875;106.6131146244961
-34782.05755731281;82.40872197781738
-10184.400998551322;54.765233403010086
108.55169418259902;44.4834501284408
25583.729053454124;42.78246133996238
47466.00818051031;37.26151006350632
-32746.718931084437;42.91479633109637
22489.313599023983;56.91002856419398
4204.710494385552;73.76498767887011
63180.16015625;58.29147676432446
38549.059066071626;18.447347543504957
14838.478888225007;12.090426445007324
5534.528767390781;63.55744110664428
9576.539278633041;108.02845349308772
40920.43560320311;117.8519058227539
51541.46322316947;95.56798438887341
31770.967365580276;72.55137897969006
-25590.172392026467;82.89073181152344
40004.245855324145;106.2909722207838
43565.63907737777;131.23726431948805
11100.693081310848;149.7026074813138
-19273.83363955161;148.64530761627478
-21636.408139882544;127.00183077993896
14566.915457768104;109.66236235647435
-16542.263404540012;106.2298782427332
38681.87200072195;116.18320940146751
26047.5248318144;128.73116440353465
19889.80415533349;129.63136546787214
69475.484375;119.74536236658136
-39944.2734375;99.39233996457975
-38291.30611924726;91.81419305454754
24661.70374681463;117.85144904701261
26613.54091351913;158.05003978843223
12965.707722208128;164.5995635986328
12159.26003057573;131.7172884327428
50002.19363481646;114.92641899585504
-9972.13573047483;150.70504744769516
10928.854039267782;170.80384794749745
9584.374584423735;162.93056144030976
-30663.9493856481;156.2789918049271
6159.849016469503;172.27286504417822
3836.237784728153;196.29324340820312
46239.30117095706;183.95645664659924
-35475.17236234245;148.0280348456193
-48902.10546875;136.12536750050938
-13955.38224754994;157.48054833231285
-25044.09021509827;175.25928406414596
-31634.962325257693;149.14626194940558
16584.436093883516;121.69593698819003
37448.22415582942;113.06596555380082
54423.08915696431;118.20819740366426
32948.76453098295;112.93559532655651
18294.263226674317;108.21404266357422
57509.87109375;126.8435449298986
57449.79169782097;161.33117411638466
-25646.507941846026;181.71193830125895
-17894.642099544704;171.52558827770565
-23840.316573207703;182.87219940496618
-7721.1413753857705;209.98040986125852
-53478.5249996662;215.27377319335938
-62215.00201612903;184.11396762588168
-61290.885985113644;159.4221710048844
8297.43816592342;172.47192442558668
-17782.41203778764;175.2668351810707
37981.68189281995;141.73349966580705
42312.41015625;93.08452606201172
31309.973351559398;100.64887091524633
-32259.661519986286;127.20704890131336
31869.217001325174;127.96217822484306
20687.754028264433;117.16476115679237
-69423.7890625;124.39908652789178
7076.650198751799;137.9914143514265
-55955.906167683475;140.55139598403463
7623.958770626225;138.6160274955807
-14916.288332738062;131.84783133653667
40904.07096507157;136.3860653451078
-24252.929266022693;131.53272798918724
1616.2526459309302;122.7872148355988
45526.53303700179;130.39998725222637
46206.5390625;149.57972368727047
6877.060131239123;155.48876081566738
-10379.940608238663;145.46024433363817
-11353.753584971157;146.70943830429982
-57305.89989499725;162.60884858737745
34326.75988334777;169.1551971435547
29797.698012434383;157.15435277654956
-7927.853663031783;132.95082226865375
-70675.04009738742;124.821525627516
-60190.38197598289;136.5013303226717
-30462.29246996311;144.5956622470734
-56880.89612906087;139.7864243905567
-34745.591293617625;110.28097138122675
-23556.905194727166;75.41002365821528
-74889.96875;65.00166320800781
-28684.66802287267;75.9154227455822
22249.261560912084;85.35430695901665
-1617.4716601067776;74.18625857245262
27085.032746003024;37.583801557551546
36756.125;29.553070068359375
-58421.1328125;46.82320043922587
30573.539067387726;81.53785461901701
-8261.87268691157;109.99161170575057
22527.60858426064;118.52998349978525
22533.417920349544;88.50495880282489
20982.32518461313;68.78986696373732
-38438.46900070479;77.91357910927408
14269.637333888706;115.57910839442523
-35430.6852406766;142.70851135253906
29745.70867471941;141.16314375786544
11359.15995334959;91.6215940077253
13632.062698131878;55.72762578641229
-1418.4747741868778;52.225943683621125
15708.900349913776;81.24950111252484
14613.840497156052;103.14710092889446
-294.3682409846442;102.47370052451154
7994.102023854022;75.59984438652253
-34750.99291827525;50.87396287174465
-32018.30100423778;54.051599233024675
-11692.138757767912;66.51079950187992
-15760.668232568205;83.33607383223584
-42875.405996553316;85.90425109863281
8241.677453449738;61.78894567112718
-45034.957703193664;44.19511795573651
-66727.73702203365;37.069160053144785
11148.00543727183;41.050093878998865
10635.317971038894;58.932344999559874
-922.4049413698813;68.17916482759577
-59578.13721157624;42.71845920471472
-83270.5625;32.09169745613331
-15076.53544000657;42.17615411954414
-42723.74282326254;54.21739951384116
-35185.09400305924;42.97234088471495
-26284.773648745308;6.589541763048146
-37018.2401845738;-12.638109552888274
-15299.084661683242;3.679401417467183
14720.33257337079;7.948758648491598
24763.072265625;-27.27861976623535
-31333.465494175733;-50.23520877335685
22654.48349020166;-44.80470561737813
10457.88756873818;-24.094608201078202
-11015.549604141546;-9.713048015682176
-67880.26511560316;-12.891958491051383
-27192.847563979194;-10.220632492813792
-22469.310415204316;-3.2299578189849854
-29419.633369462797;-11.961386949643412
5328.542350392556;-34.529373702111016
-40163.23005877674;-37.26089401334177
20905.725834466662;-11.675057244594797
-74469.4876689724;-3.8400353155374205
-42451.91879012707;-30.515877211458076
-75948.27978689974;-65.54571362683672
7943.9409682617115;-70.23761629365596
-40656.733939992024;-58.90318984437382
-78606.6665477319;-69.5038964244689
-48336.13579890305;-97.21605662786662
32579.5859375;-109.31023291952206
-80107.8125;-109.84547424316406
11944.065080244603;-152.04963841980953
-37101.15318908887;-179.3504492743144
-38568.174083061844;-163.12934725866745
-44169.01691011536;-127.92735747785758
11415.190031844162;-118.55664825439453
-68377.66488530763;-156.1677255481768
-36138.71272998558;-189.70389870540498
-27882.281762377163;-183.32459309663773
37541.24365954123;-153.30194518239213
-44163.41046083903;-150.850983253116
-76882.6484375;-158.4930642285418
-18921.307002376627;-146.55885558198645
-72371.32558647991;-129.83526057069503
-52748.75311932547;-146.2997576311073
-10618.155624132138;-191.94810570418156
42392.69109999199;-204.31283569335938
45588.3671875;-188.71723277124897
41497.52803220466;-175.29517377040267
18483.053752870648;-191.27811504332232
-7461.724681558422;-201.3319006827395
-32611.010431846447;-175.817919584074
-34339.53957463874;-163.5493502007866
-16514.86000593442;-173.84459662459994
-46588.46911169202;-192.75021672677406
37492.34911023047;-185.47291436461535
-4604.796793637179;-176.29507554558614
43447.38071637909;-196.31945115074078
-801.1000198847178;-230.5870669968532
-38677.961191125505;-234.84912109375
49505.004879563945;-195.6050651066689
1853.8710015984034;-170.60424936054557
25165.697939058824;-176.81671214757827
2935.7561485259575;-205.0983121036468
4239.925169032009;-212.3688749748237
54729.453125;-199.07185926771209
-47138.73828125;-185.95411402071662
18758.326422341357;-183.58585688970848
35104.7405101145;-171.1191464715559
32151.318413616886;-146.51596069335938
5362.225565701105;-148.54859117347334
-30914.43084517674;-174.24232150394567
-38391.59634824576;-172.21093469034687
41118.34110800311;-144.23026480275863
-5142.7613074654;-123.04660397034036
-21030.635391552474;-141.69103128576015
-19638.406580815874;-171.07178683631219
-46839.05859375;-155.02832026150853
-34314.87988343836;-120.14963313464872
-8579.96401021321;-123.24581455565185
21472.7723668487;-174.08519766200985
49505.52734375;-193.81967163085938
32422.42409057227;-183.3106118099557
20070.252530055965;-166.52641855174033
13901.517482695053;-162.8129648945608
12075.595431021495;-154.1024119072439
33322.15379719401;-134.81966898395984
-12245.039432775353;-135.78766408160016
18413.397335018846;-151.1843976998644
-30871.79659437277;-144.38177707891103
19067.612562872906;-101.88258361816406
62650.279494112794;-91.83319006624826
57302.23151770455;-114.99414901135006
-20719.99208199656;-149.51682258652758
49697.53614893605;-159.10557556152344
72586.65625;-114.04704660095555
51903.535594834364;-78.48238465961118
-19303.72543093089;-81.00213392956611
-34102.3050471654;-94.77114040053324
-50345.2890625;-95.39668484969917
20469.91934065237;-88.36633838589884
26588.941613203642;-102.86456099844985
12098.001375478765;-125.86210524194368
7111.992423780022;-132.10876399695746
68654.87492465743;-104.77282299787178
53927.57760344345;-83.01231047407688
-26977.827244850952;-100.20248279483637
-21292.12629202971;-123.60241377669819
30117.41521671957;-102.01410169115684
8335.046538342693;-49.71261143996536
22702.18068471615;-43.95268249511719
-34923.72380081331;-71.78933572438827
-31269.63200495163;-69.84595890361243
392.51673463392945;-35.379517634430755
-6895.726383442183;-16.89936637878418
11015.804070215461;-49.314002077533004
65486.53125;-74.48059289536252
50695.684922139655;-55.13579186680996
40187.055310029915;-18.63005603677125
1637.1346314508482;-24.51996132262761
-1179.4572712256195;-56.11026050154806
-41583.84199900052;-45.751144572777314
-11058.300257309184;-22.762859533313843
-23243.591361926632;-23.33280552510074
-43411.71875;-40.71337805025112
1495.8896097827092;-51.77172040309214
42235.9389772866;-44.33740049071078
-26699.940127452923;-49.643458663029335
56755.92720477158;-82.5390731743593
-32522.55843245491;-107.99897766113281
4854.197713209942;-77.96004366961282
-24385.56823616844;-32.21479983501418
6131.107308920749;-24.011379205227755
36687.678674190116;-42.2166210799126
-13639.08503672712;-62.137668899578536
-22227.567053695413;-63.24974713669809
28561.625482037474;-47.756363597977646
55728.8655783639;-23.558091789390346
-46774.37714273316;-3.6439268589019775
-46241.223909416294;-10.762800808279145
-51478.45703125;-24.993665817855906
52760.253867684616;-19.12354461926727
-23585.83838619314;-26.214887011934145
41388.1316699633;-48.42892019761494
45225.38419274727;-68.08153533935547
-6952.908263804384;-43.8773639114731
47071.47259926621;-18.382159127854237
4972.3150773238885;-18.924924103000123
67363.9375;-46.953032103966436
-3425.755070602667;-57.93615669161049
-17407.426597381702;-28.816619121057343
-39664.846714646694;-3.03373206569659
-1494.4328474770737;-1.9077889188188664
-24541.935833045634;-1.6806405782699585
-39975.64660817762;-6.788360518299129
-47975.92573284955;-29.523682462729617
12538.26286355174;-51.09921170365156
27899.50734226461;-42.490734985751
35741.97097695709;-22.583632575605925
-49447.79673122921;-18.862853679634206
-12583.386561746578;-38.06356928956248
-5101.644047007088;-44.73549505705785
-2425.2221659272327;-38.53657230458785
-25455.01116792667;-45.22275051698041
54874.68359375;-55.18342794450154
-50658.7890625;-43.040344892098744
26081.408483215768;-22.096377115683367
15169.594604637474;-28.006687858985345
41563.43012262718;-48.339582060433855
-47562.062662189186;-60.0568733215332
-49201.411323404165;-46.43777144446555
-55808.546875;-19.859320653297274
-35482.20707070948;-14.75901908717637
-10854.478073404644;-28.56260242881848
14720.580686647387;-53.76237486142731
36004.20717311339;-91.16783081295907
29630.356321956933;-107.5458984375
-2657.0885498128773;-87.0635805068885
32175.0604444115;-53.57095132936552
-13643.837930382506;-27.848819766893172
20620.76665643025;-35.59173941546031
27949.059355639823;-64.20469075873021
-2911.7012037644527;-80.86340474807358
37408.1328125;-64.06680092631281
17261.017557918414;-32.022826105833715
16024.93713175127;-1.2344598770141602
-36034.104890448085;-7.398946502732812
-1573.2067491922062;-27.848819766893172
2069.603344494848;-38.47607026296761
-38062.47161969359;-28.590180395301957
-50980.86336934836;-23.489878829181052
54276.85858926759;-25.123290168444854
5766.962253372294;-26.854799746841294
-16375.843731164357;-41.077362821693484
9014.997284925572;-72.71021611498358
6853.541136804939;-97.01567077636719
61503.44399400502;-79.70572063750946
63457.61432436311;-47.146651225017706
-3216.537622884687;-40.6039634718793
22007.137411138683;-58.07342860904398
75756.015625;-51.800887224006054
3065.5599831766667;-29.545972137632788
73786.8003562559;-28.591454970344415
2248.1183308711843;-31.328938167095984
-33794.5390625;2.004550833950489
66829.35218264564;50.65919814012446
27102.356544527458;63.855205016194816
-11731.972749355296;34.20599791152827
63489.375860955755;-2.2045868633103964
74213.07361052564;20.153241125196388
64189.80132581465;71.59168243408203
25086.508463521808;58.34969266077188
10651.35760850284;47.07726993497343
16043.758362846478;66.80586250307039
-40066.21419612577;95.58166745941091
50888.323683305134;84.58531162811343
61025.82487185803;51.85563584717497
62407.0859375;43.62550735473633
-30848.374664594427;70.52072239216076
-15422.818948167645;92.77282576770965
59064.46953024862;82.92520466520821
61591.77050694822;72.06780868013607
26229.0112143601;67.30982354538091
-27210.405379030348;63.81544661230137
9317.848205821596;85.65622884302329
30793.716477384354;139.97841192942775
-9388.423614018582;165.04676818847656
53392.63311857919;131.31287591881642
-32730.143901269283;89.33588557106992
-27749.82231247568;86.89204507545385
-53495.04296875;137.21589018646827
19148.218551540267;167.65431213378906
-10792.316540781794;155.18806513912835
-35117.75416899529;133.3851394162033
-34254.404665511174;104.9448876449171
-15626.54164965896;73.86931528101967
18122.575304720158;67.69822286825342
-18581.085944324943;88.11445370076119
10840.641279955817;113.3210850638015
-31886.512344707284;106.4216276580888
-31008.529798791234;66.02938659320574
-60092.366770552784;42.333512289711
-15206.17424888703;54.697708145250104
-50550.29282834698;77.495132223929
15452.710199184527;86.0954419483354
-37423.12349031729;68.72073526219751
-38922.34520129819;50.35953423121729
-36485.27849808878;39.60814657434537
-68028.796875;49.40505593002096
-13483.466071672963;51.51811481065687
17217.987227109683;36.520599365234375
18863.286792983883;28.687167373812287
-41093.5229385939;25.73544920871469
-54798.6328125;23.16748638469153
33741.52900814128;26.57331503672723
54521.984530692076;25.51638886818469
-6597.514227526459;3.714288553392805
-30455.26645531804;-16.165837094851234
53916.27228328043;-3.260464770635224
59266.73046875;34.82405486982779
58695.829270040165;44.42753228021576
-25651.341734467034;6.438951475021362
4098.180486107405;-14.271045098296163
19763.15240192591;16.78435587815327
1516.941224867529;67.74066925048828
-54610.65314951018;64.77456026010039
-53832.62621102452;29.641758784734975
-5450.490172801525;36.10803628183936
-46471.82996302492;59.3300313586067
2519.4994274799174;36.52696919584564
12198.711519020668;-37.04692459106445
4062.4899589335328;-23.133084411765452
11832.632210474716;22.083662754354194
-13647.181659520249;43.65184050205589
26526.512601760158;7.613189476535439
27777.055613784454;-30.20293426513672
-24114.125;-6.521287489611151
18490.757047868283;26.67619265171775
59171.53125;33.46575542644022
-23275.346150471512;29.51039988178138
45429.53776522493;41.99100899254687
22411.4127308916;54.10080352100057
-17715.25907973342;48.88328566565616
58834.748833143865;31.056331098179733
54450.22302879041;43.556090257796996
50565.15190301981;77.24798984220824
39021.77570564517;83.88609313964844
-12490.683548806726;76.74660674499798
-14785.88749160741;72.22197247538163
-12428.41057361446;70.08761248517402
14548.496455084387;81.67513295403369
55852.1343644735;69.51766190246698
-29531.90790545032;56.48216465675176
27349.379710579626;55.40374404542137
2860.2104213676357;64.7881179142141
24075.87569256751;63.84784791714563
-39250.943084529594;52.088129303134984
8808.854815403552;44.80843775161844
-8813.12940128168;53.954572295816604
-58216.62109375;77.97445307550103
18830.571018061717;88.86579639986523
-40064.507685478624;83.9515816925479
56441.75;70.39308569284108
23486.260057041;51.48195824055711
-2246.8757510414434;49.14467539926849
-14903.491499999043;63.114803841470064
-26275.899900361834;93.29084515668367
-23420.550591224594;126.52734548784275
9188.518295846428;110.36936241977874
33138.81038701047;66.56574979772734
-45161.096250133516;34.14546585083008
-32647.12008479139;55.4721682962654
8804.328873835999;79.90433373176047
37760.89517374807;100.37991070003022
45100.01742743986;78.86654003543907
-51819.99150011826;22.844212464374987
-11476.43654885966;4.868143081665039
55402.53096913434;37.06754571306559
12441.463834612558;79.54759214865
38926.43569857345;90.40041238808249
48367.85438576015;52.38426874895195
56742.8125;48.43694629687234
19712.130848824658;70.27231098777749
-23137.24615812498;89.6637641839972
-10253.249506577697;103.37283359209997
14239.314597789882;132.98006848648345
16035.36390729669;156.67558571789326
-61313.65234375;133.68196913377227
-6971.000918893245;84.14353566093048
1468.809527485253;65.99836150181102
54752.20619407721;116.91511472757966
-3960.6540999948484;119.68228250663557
18444.55740889271;72.16891831630178
52210.05859375;44.169132232666016
13347.578805825033;77.80769042032742
-48386.99784522633;113.38547676637785
-17199.056182072476;98.43416412378662
-53531.54589948061;75.87452708807878
46716.66789746066;89.76146274303194
9887.341689881403;102.19284012429202
21841.36858992088;74.72069391486998
-30314.13005737003;49.67296195506802
20068.966075338758;82.08642526237108
-63249.80859375;139.18676337412302
47451.35164356479;137.75849681806164
31591.344251648;87.4280208855177
-28208.74138448172;73.62902520960017
-19667.38214919927;97.69728774772949
-7887.77657017731;134.71698650865716
-19031.360968519206;143.53221130371094
-26938.46085464701;118.52390071382149
-61674.29120749821;99.2411281375441
20024.509523205517;94.13362220229565
6922.229453651918;89.81701737269202
17978.205777130002;94.43664214397644
-36821.84152107589;94.16220898924666
12558.221560087128;88.13420851417547
3945.937542559026;80.16421231223183
8282.58448226779;69.33172584359296
-28158.441132775544;54.016831181034576
-60210.054522151666;61.925842237482726
-66035.671875;91.78569410071876
-56862.75669416352;111.49533081054688
-35928.12949015492;83.49362009912697
-10414.464814065977;17.9993854085494
-26623.301094422357;-13.398435592651367
28135.523324128517;4.125264808322292
42024.3359375;29.998212784789764
7825.834975690101;32.826398907143755
-36597.58905575254;21.59560320698739
21884.4858532403;23.14119548813906
35248.488311649286;38.256018189321296
-24639.84510056326;34.81656007746059
-51354.05905105079;19.502825876382005
6561.547469753292;31.80360209336122
4843.3659836878505;78.52458604606619
34189.514157369646;82.95249938964844
-27071.080061852437;33.72559837726422
-61633.77734375;-12.0270655428839
-57118.859801543855;6.700500152936684
35850.58609736453;82.1818704034359
45298.13671875;79.82788257381756
-24997.187688833277;7.3246913270423235
-17561.524790447518;-37.00569534301758
-7688.100125507372;-12.850778235985189
31467.836361778798;30.458204694629117
34863.406801002144;18.053091536523745
6514.228131580545;-11.615209196333257
25301.63708747558;-14.558609219681856
6873.202421166876;22.66039119993694
-36812.336920172165;40.02059382520939
18185.76039441359;10.928490741210624
44860.08203125;9.78196340298912
-29462.84910170675;36.37592265962968
-52766.239982239655;51.327476501464844
-44717.67927651343;28.419473813909974
44174.947859722626;24.575708706698293
-55459.09980589751;46.84442578572235
5039.3070258019725;46.48694113813082
-39842.27863840239;1.8061910628050057
-9977.138836746475;-20.02291651715379
-25632.80781809108;2.2103741553521914
-70860.4921875;25.934794484028274
17956.205130757517;5.944639460598907
20875.08859863058;-31.048580400303525
26716.387153817588;-48.17563766058987
32363.446639757138;-54.20134735107422
-13254.481677867116;-51.61199909284364
15740.113931616128;-23.381983971549925
-6710.3908539484255;9.585507875934319
-10965.992280188053;14.202212761722294
8574.786631688796;-27.496807850920277
-10643.7377131408;-37.027505340329355
-33086.404708547045;-9.936565224541596
-15748.07026290743;30.157162174247333
-73710.06452471236;33.85604476928711
-15156.731052297284;14.694752961259837
-14820.742864450614;-6.0810875999307825
-60594.42962392971;-14.018835650600124
-8385.897090811166;-28.94666183160375
-72250.53183670642;-39.149637982447075
-74473.4296875;-22.874554564272017
-72399.71059211035;-21.659593127945072
-38395.01807652445;-55.4058220005015
-51364.16212740596;-103.91248236727873
-6794.6570331693365;-143.08013916015625
13601.169921875;-136.6975417479854
754.3255713696708;-118.71611249034673
-12890.826713459333;-116.85587153561505
-18820.346252577387;-131.14651794112277
-50098.1586355997;-140.61511740156405
14387.51491484858;-143.05067285029028
44942.92700210959;-136.18531289541437
-14412.475966673788;-120.87905105703514
-46964.63498551324;-105.78224087829618
7918.197864371919;-91.86766895619348
38502.21151913988;-80.98083713622418
-55300.20431581794;-97.62526235563854
-40632.96297866375;-126.77395165557773
-46317.52452066867;-133.93487117461268
-48298.183070524465;-93.93425866464426
-10588.803910589355;-80.31757354736328
-5131.2673106708025;-110.56006595875728
-27785.496374138806;-165.9786478589131
-36855.76846977809;-192.82569614347184
-51857.29062716968;-184.4476297578606
-68022.5390625;-169.6696515499074
15070.377339076847;-174.62667416139405
49125.90625;-179.3090823746857
-25277.49642337375;-192.3369756043112
45268.26983250106;-232.83096313476562
54547.66153900075;-238.93357849121094
-12272.625998885123;-200.9130223564958
20722.22585652105;-162.82805579270445
30914.106005327383;-140.13258103319936
39771.248825037386;-134.10560516963733
25480.854595038458;-146.65413697716824
7298.685489712399;-148.79578374395308
29972.898568097764;-130.78386732727716
-18900.975099220916;-109.46861604797715
-54295.08984375;-88.18326961074825
35984.657054448835;-97.20303005388828
-5707.749461753629;-121.31783462553753
64550.9375;-139.30214657260933
63502.733456225964;-150.7672029481793
-21334.694522654747;-148.09647051398252
-51569.396629576346;-143.3393002522091
-18284.384485236194;-127.54264252126231
-34825.33445627938;-114.00034980798374
-24919.987592795344;-135.06716086084685
15488.459644874223;-184.83571918457397
29747.17401630261;-185.6028289794922
-17585.27486656497;-165.14789561289334
24255.12977996155;-136.6310143128347
63916.71875;-130.17904581720785
11695.150362252323;-139.267717164615
-21484.28337878525;-146.04264560735203
59757.6810881923;-130.05612822539726
42938.65279729558;-88.28583834952539
-19912.67862853156;-65.13153826081147
63788.13290679743;-57.58054188546632
24759.47203163387;-61.36929589186356
48019.222335388404;-72.12579024972037
-29713.77734375;-81.69408122007472
-2706.46407643599;-69.01669822156995
31210.195165629673;-44.03550529771027
51861.081583963096;-27.6561336517334
58708.99210029574;-46.18535807996622
-26669.15032303127;-94.5112528524033
32816.089474070715;-128.51122280675818
-18902.565393595785;-90.10309058923501
48544.85453668372;-43.65105923979262
-8615.231859249587;-56.50124133301526
-12664.79164149287;-82.76509076174437
16949.906222700243;-82.91584777832031
-10202.575473764096;-67.5942391838528
-27467.774942086362;-68.30848144271258
-33574.420288573965;-76.74840294446376
3859.996723909535;-63.65231391436726
-35711.83347247469;-33.699860432530194
29854.71294576097;-41.592360964255654
62596.94921875;-70.83798646673668
53259.73655999414;-73.76786258396247
-11643.233869775613;-46.74034236634869
15184.44484286067;-15.657211260192113
2740.648806523619;-5.663998202408521
-29119.729902846233;-2.6476221576391765
30921.67328511011;-1.9346156120300293
27319.154168780704;-9.128938157153812
-34161.16116258593;-22.49441267588601
-51841.96875;-32.41348293863225
-43586.2177762092;-7.131857719153118
-10429.865488596566;-2.1554865554162888
-13634.268734192367;-24.5128804416926
18423.21145720876;-74.45332301758606
-56626.678945935986;-105.9132904007462
-38964.03899389296;-98.00504598315919
27923.075995261053;-63.07185057656105
-60201.85546875;-52.321028537220826
32280.142278840955;-83.0815134689548
-49601.19772942289;-123.08037567138672
55859.785825869025;-114.92656826553308
2426.1695950527646;-90.62513405547921
59550.22865248144;-55.01850075681649
5876.474288751837;-42.97103172640166
-20627.091164629237;-43.34867783714506
-1001.0818378866315;-40.58981487048274
65695.84375;-32.72993892028158
-5565.627468303668;-24.6096173764643
-8702.79203668372;-18.602625792275077
38521.81262952485;-1.1657932996749878
-41080.79760356981;16.94289603020728
-25575.446532644317;4.229436846856586
-14638.221523846401;-33.27239598205456
51074.85671535958;-55.78025276639745
11729.046970847194;-47.276458781679494
25974.998853827303;-40.98730005996615
27630.16343544;-52.67874983514156
7452.537514579737;-62.336316424460705
-954.6730950251003;-58.025294920884974
55729.50638581929;-51.704040035939684
-14625.403211500903;-70.07993812210614
25601.66550676462;-78.65299224853516
34999.09074505934;-47.02137874757294
-24614.073106731812;-0.43295318052155096
-9728.807895519887;11.059162528265944
13621.350330851637;-10.70879322999302
-42543.6875;-15.678630715698276
17423.58223033559;-7.872505963337986
62460.72265625;8.204293272371359
51951.30882198314;32.05174255371094
66767.36716151157;34.886276454361926
-24065.91882338748;38.81277044070383
6567.131798713264;44.97773296131542
-11518.363133902822;45.67789656187059
11577.027394177065;41.75727396840546
23606.31802206202;40.76207287579245
44157.64640813833;38.1258174741214
-9090.014260369619;36.29394289656824
57691.20952613815;35.655428921219176
68325.421875;17.779973307883957
23127.167304733994;0.2817546868813965
-5775.073583345096;-3.8017990589141846
26680.053576077873;14.202827197710043
-37997.14444148266;57.99901451377861
54112.24702527981;79.25932812057343
2510.6483448715517;65.70815336098148
-25513.14956143948;40.603545268119575
37371.30767700258;26.5371557835908
-38479.5546875;48.4961651427216
31787.735032220866;92.39216613769531
-34739.08915976583;102.15687292340394
-27861.16120770802;104.46679669920749
12900.176696984097;91.71654520737087
37413.86321323902;68.95121119372862
-54857.69921875;55.37178231839837
54384.18895606669;64.29888668218051
42014.651429804086;84.13926449113652
35292.3488956472;106.36060942576702
-21761.360345154804;89.274683781807
57638.012348730714;55.49357091817711
36680.45607140711;65.55026454490712
55199.88080161634;93.00851927002374
-39128.79922331586;94.89624256659431
4920.349234271518;86.18531296741946
-12184.136351574183;97.3330294671674
-28703.685021861267;118.56585693359375
-20235.51573056305;105.23406487781361
50341.50568645664;65.95521163917147
44302.523952738266;52.05507278442383
62369.3828125;91.30652358811577
40913.523556355285;108.9616973904428
-19778.59995133728;103.5596429012982
-27587.852145332006;105.58372940253007
48433.151743155264;124.8597012657589
41639.34957438601;140.07908046553723
-26420.526116333698;121.63328717560896
12392.622847849023;111.83785358354098
-9989.66170816389;144.89007475340694
3635.028630295914;194.25454711914062
-12128.287761290892;166.27432972773585
52482.58984375;117.42514061439564
18434.108997929507;102.21418107560416
14072.088889569728;132.82301662709455
-20972.415980993646;163.76863861805782
-25302.648088563757;162.79364187578392
-32741.040273345705;151.85145045731085
-63250.45703125;147.27283881267738
-50310.97470981189;123.02758303502658
32452.61734617241;89.1367636308732
36917.065457076664;83.89973449707031
-42187.35375041486;117.1154875174671
-36358.28606226825;125.91761167608146
-60209.77121167543;112.93604709724667
18555.505924405647;96.17173474824625
-31290.971537913523;81.1520604826502
-16175.139192060611;72.0989675046134
-67258.96875;75.42835224614493
-11364.833561228712;110.23206046217912
-48258.857662863935;148.26193237304688
12058.74502834407;119.62922359587571
-21662.41154758408;61.37612230058054
3388.006842225979;37.48146196105394
-44675.30582276471;69.88072697165379
-6783.716273589853;112.23576313337438
-13128.126536893062;125.33269241145982
-36102.601956856364;105.80974699090471
-50953.4766805208;78.90750870249309
-51536.38344933546;42.14867242547443
19559.6953125;15.624911308288574
-5333.073292107911;19.982458632615256
35831.688092726676;53.537527491001725
-19542.99307611316;62.46706956077635
-36810.816190236175;40.124147748468374
4020.5034226031567;-9.644543755366257
-23906.775537674144;-32.95668632613731
22203.188344027527;-21.526236922230073
7814.625740193071;5.889999450360882
-32666.848240750984;27.238278320377233
-18864.973665625854;34.14516788929366
-35524.43689773629;18.740913375687782
-49905.259553962445;5.224256011350995
9981.81107051779;-8.875522694552927
47570.092635478344;-6.7956702800805076
-45711.75593978412;12.885866662677195
-34459.42010683386;29.456363859417337
45314.67190241898;33.40951344475529
47571.640625;31.254983365286535
41619.62091421534;4.380557285541329
-53874.3046875;-41.65742874145508
-31292.233545516447;-26.66310694208441
-42406.912846885774;48.62620732135744
-4790.742577981939;87.44615173339844
-15477.806509013928;48.950547234650486
-63046.71484375;-49.904987682482584
6470.0134352373425;-91.16974639892578
38313.202237102116;-54.380333376828666
-49289.578712898554;-10.098395803113178
26444.332616764295;-14.25212712965606
44371.390625;-30.71987297937534
-44713.155017278725;-23.03110915248722
-25458.409618838123;-45.57409589909895
21831.84827597841;-70.91894340928424
-55655.92170494276;-47.18761882909461
-60627.373377154414;2.559037451785258
4109.680297095314;28.116477510179436
34964.47959736311;4.406957293908675
-41490.64463562092;-53.0366394503289
-24974.869149565966;-76.68347212033294
15835.946457003723;-48.90198694221501
16253.92211688304;-12.69856620043727
26630.252844122428;-20.669513747533998
7059.329446415693;-36.10658147048589
-43630.03250006676;-47.433564295617245
-42019.6050242646;-51.51179929285587
-39622.318534021935;-45.35318669851682
42260.49691798819;-44.68144334078919
-50643.132924917794;-55.14558340470144
-60433.3828125;-61.69652886529952
7131.152277348403;-65.57642584527805
44161.40784334038;-70.68109627490652
-38340.68001760059;-92.16530194016079
-37873.03358508322;-112.362482077355
-40816.17359041442;-109.14708984133547
35981.585431560336;-72.2547709082038
16064.31638246702;-57.58354852197153
-10848.49639947155;-84.07108402409362
-50912.86755664283;-115.54312896728516
-43636.41675170523;-95.56745041141062
11836.34573489525;-44.927556208922155
17762.527318298045;-59.7348645340044
15055.932899692336;-109.99002844898702
44914.67045863121;-114.03291320800781
-9909.76876447245;-68.81666000315684
18450.27878789541;-45.21566390991211
-46516.92619944895;-66.92858031569727
45922.90625;-84.13866818987694
-6830.406668437376;-68.39767012813107
-39591.59761822107;-47.817811554809126
35155.92603004738;-67.09344600587033
43401.59763050001;-96.15076137388702
-9869.496864103938;-78.92807230045847
3165.6543158894638;-63.351939928885635
-28150.063067095896;-79.16119448656303
-48333.4765625;-101.25844746943952
41570.664445888775;-96.5287973513539
19866.98671157338;-74.46619766641189
-41621.013740362825;-72.83959286336689
-30317.5542762154;-97.92227996829432
31230.854026273577;-104.75212996119593
1944.552765429973;-82.13402740936507
-31209.04261152846;-88.6010774303975
65164.609375;-99.24121246750596
-16325.013701559019;-82.76586114844015
47035.68808044774;-56.261966931465935
-27285.229609999675;-50.86584244175478
-16253.639995674956;-57.81290186907835
38308.94691954987;-63.30468564210029
-1653.3650871470381;-45.312899454812836
12624.857733855228;-34.555150544781284
-32344.058617294555;-60.90222626452473
-47125.37902367474;-55.21755573990893
12614.412801286831;-18.534572867684744
11764.891619056994;-18.368345260620117
28255.69932246524;-64.03859620914034
21017.361052564316;-121.13777923583984
-48918.42578125;-105.04036049510022
-23726.989248364876;-55.32732868797048
38926.93876318018;-34.658650752953605
1732.5338871091735;-59.52222348889386
-36710.040430885594;-106.07065802190645
53206.81509908025;-110.32598114013672
-23374.837926448483;-83.61684134687042
34232.552776278346;-61.21937760274418
9158.941006767483;-55.376121432983425
68524.82365451522;-49.007174396739
45406.024018543816;-52.211866794341354
60893.505557229844;-64.29264728372561
14004.861557550277;-62.21263005720611
4531.1539987830765;-36.45883231937647
22064.05698878636;17.881933643437577
41378.94322841961;45.03841614520201
51428.18775010873;22.45392776588446
75189.64236217078;-26.28368122099549
-34771.4765625;-33.944109184033934
4200.597783927049;4.1381503168117035
-8830.36447278321;45.3543361370792
-14179.670122331536;55.302024841308594
36043.06118150502;24.609765790454503
428.5654438440397;-26.05116410697387
-22203.628596654027;-36.299608643470364
35757.46603307777;-20.057669647940457
14669.2482267077;2.90444727561281
-18045.181912549688;10.970491764204695
-9158.746865474888;-7.076694466522223
2769.9890068990935;-24.23076629638672
21721.92520366337;-22.94768475436981
-46384.65625;-13.59855872376101
28088.882157782602;7.147020828517629
-27494.776163899656;29.778562158276145
-42805.570067457826;45.70446161255066
22278.878796872144;26.668910386139096
-33624.36849472936;5.5748257163344626
-7027.119464168885;2.2320901356912835
24197.964019154184;21.10963743422129
5286.364294321458;49.206321716308594
46105.32248628813;41.69609246338517
55284.97265625;11.57225140443446
5855.7291096630215;6.595687973781978
36014.99889233308;13.756291513946216
5824.7010543310535;28.172749189096905
-5428.689359721677;42.07675191009798
67076.25;43.16822263532138
-40072.39839625233;44.38738322158312
918.1308557390003;41.81804114816812
4111.434240241702;20.820276260375977
-15209.26213110752;21.012366225242353
45396.03801843317;31.35746566258355
30745.937063203834;36.78039854355107
18131.869739371927;36.74708814501933
63000.723036896874;29.33330377847139
-27774.893650624104;37.55653082934065
13331.535561693163;52.77494157187564
-31020.09253975036;59.996635973557204
41322.24090548417;69.91647265630984
27729.078394421216;78.07085821688017
-46287.75;76.56078681677454
18370.589060640275;70.7814326715174
-29010.006660664694;77.49458832228103
-37470.70376445814;93.58573150634766
-26048.50319681387;81.99038177744842
46000.46793053033;55.589531928409095
-28.155809627445706;50.61331023504734
-52610.7734375;56.846164615370114
-20299.65205585078;58.74040988413991
-41189.22348323008;52.541459431837836
-33883.60908435888;44.13328528270264
-487.00386655209877;32.22316347155768
-43668.3726863155;11.443336620156947
13949.588730420466;-0.6647403836250305
45750.49846668332;12.534824367404207
-9331.813799659336;33.21840781023003
5638.960117315059;23.971384861356707
45759.05906476028;8.815235361003474
-42296.96487438772;16.393310111180092
-17570.533388918346;34.53628630264782
55968.42833133374;47.44165245246512
6719.307594626451;64.00536180322639
-12393.083671977525;71.007069777051
59591.2734375;61.34882499153942
21114.80932082965;58.39699590354308
-26696.253482865286;55.761183118283206
65172.5390625;60.41516846312694
9931.11518156367;90.94874476568631
830.5925562613484;103.27692647995603
-24588.29352702414;81.47588233203837
-22972.012102019562;62.56380884106095
-1184.395459203428;53.735370263911605
-51997.13671875;51.16945281962863
50391.78846458756;44.42066929896045
31518.484568184547;27.781746278295337
50295.24068035056;21.74805450439453
10444.248775564018;22.61962515104278
1091.6291580873076;26.696489392024837
57738.35967625107;32.15474263087989
61882.762710720766;45.51265646049464
1974.8625916628225;58.12855744228723
-33983.823270828405;61.143720760421715
-19027.856323745116;81.53140710296384
2657.84876904307;116.43629718929185
21141.385684637455;132.01351928710938
33229.704037336545;93.73621795940512
12281.832209592547;72.70181298533143
29645.033111331053;92.25953675556268
53872.46419743712;138.30675168617617
-22879.549304678676;153.26617431640625
-23469.43186212262;135.37552842697465
-21857.816386877897;119.7165087046693
24650.589813291095;125.97303206607675
-34480.05137600329;122.25144120601803
-47933.12890625;94.35611411694019
-18529.752196736616;98.2061120382026
2831.19388874001;123.91630517196934
-8207.589779076981;117.14172573605045
54251.115600358695;60.76881195278146
54604.73219978133;8.179478645324707
26844.264469886344;39.60378600265573
-44116.88604787925;98.38986697061478
-32305.152822032265;129.38024701767125
-5244.094914889123;120.13715252585381
44457.813406614325;102.50110684398125
30989.834640224915;87.60270164206965
59088.015625;79.19856230404305
4112.064216427723;85.87897441621979
-39443.37329263245;138.01461617678206
-401.7305742534372;191.5302734375
39459.90542528496;184.24513543199663
28773.170560081402;120.52408264671934
-60071.56875581759;78.01236920559464
-28268.09102860729;87.79910834246633
-37330.16630870999;153.649623247834
-66466.75;177.12539254261677
38375.52178711623;139.85205254496685
-14015.918088082144;63.302541065358675
38036.41241616946;22.17084312438965
51886.252204723874;25.256495759569155
50537.47820954581;65.5560495225417
-5808.321787879191;109.20743868570504
-33266.60147380558;127.5843866662423
-37826.37719614056;120.13643784330482
-46788.827124326686;88.1143927825768
50532.77734375;70.25908800195498
43068.42659434177;88.53310050170379
37411.234447421855;125.71864477101653
15360.407403146659;151.50121755969894
-8019.161376871161;156.38270568847656
-60882.479105311744;135.39076683311498
11403.864994220567;115.26271278540142
-34953.68176526211;118.01605687822615
3490.780176368382;136.53029403036908
23505.716466535974;143.49680894979804
-45597.58402687441;142.22793001663945
-28323.94146222047;129.29429632780568
-58141.18537979808;100.77839816733137
-27686.634322212514;72.61359757574076
29503.387770446454;55.466793060302734
31975.790264285533;55.528389125019174
31411.817096552462;65.98894081548801
44575.26511989483;74.65858692432646
-63892.6640625;78.81170158783219
-22158.649650253108;64.01940664617995
12172.414602534569;46.576798344173596
995.3745679723506;48.62227604071731
5489.447580645166;66.33954642073448
-68584.09375;89.2669958391177
29206.456185195857;113.58116468482595
-59818.25727246544;117.28218841552734
-37024.688328052995;95.09467757832714
-35687.41089429724;46.350558130502534
41072.65581797235;30.067916870117188
-3435.42572724654;65.3507436045133
32847.202548963134;98.83695687740385
20563.74499567972;103.75169281321122
-8006.452044930877;86.19944470669529
-28318.704421082948;59.364693715734106
-36337.23880328341;40.34986916907405
25457.975194412444;34.11096257089779
-249.5588997695886;56.6471495021087
-4711.140516993088;91.03832362968353
43483.859375;100.83452488164075
37495.18217165899;57.779681395250336
-3667.4917698375066;8.30702750762214
26303.368714259967;3.3648319244384766
23274.883028990676;38.22836821061864
-13607.613497561855;89.04695323857709
-14172.435367697974;121.31160736083984
46027.54296875;106.38783249712574
-66715.73302378107;76.56727946807618
-45813.60789538875;49.342009043160196
-10532.678645340588;41.21420305129661
-36741.156606327444;78.07009567782066
-4323.3540071995085;94.38150083819704
-8293.82879825501;89.84965507036875
-34004.37168951661;68.52946247080806
38753.60342406947;37.54985119136874
27343.830053984377;10.90770945143146
6060.821756585792;15.466551917638386
28841.351196516305;26.92395070953467
-26553.92531041854;61.98006344414916
-16394.563514680834;89.56169028766323
-75732.4453125;69.30516760422108
