%sbgc_test_data;70;0;1;3000;6;200
-0.06527377189240724;-1.1211770281173354
305.420675375211;0.5183592830101702
510.93842516682616;2.039064884185791
-534.6346772733191;-1.8243367015727916
-659.4088814316565;-3.3450423027484106
-618.3549434829392;-4.98434469515554
1644.076724561034;-4.98434469515554
1720.9753394498703;-4.2809511029797065
2302.8001821007274;-6.272067250834941
-2334.68241579216;-7.559789806514343
1501.442196944644;-7.792772852010561
2493.06223893859;-6.1532365408830545
1837.3155019752394;-6.1532365408830545
2067.019106449634;-10.71979780009709
4382.90771484375;-11.655940519048766
-2623.176251649311;-6.1532365408830545
-2962.7704574003333;-4.2809511029797065
-3745.27587890625;-7.327040679738502
-2396.9454878473152;-11.071611555545196
-3381.867908544491;-13.29056453704834
190.98495304113385;-13.642199516296387
-580.7811682199317;-16.103814426978836
6072.6334245466205;-17.391406941822073
-5835.353517763382;-15.048936143714405
6075.217174534104;-16.921101234290045
7430.13566797;-22.072168042859346
-4536.5023990558575;-21.487595467126944
4838.1176805274135;-22.072168042859346
5159.019428972759;-19.496518513708637
7401.714418107691;-16.921101234290045
2423.3449422261365;-20.200002952283704
-6681.273263665199;-22.7754202317023
274.9568276343198;-20.903255141126657
6981.079920145519;-16.921101234290045
7153.932794308108;-15.984902564136169
-9501.953125;-24.06324499627765
3017.6074393471445;-28.86245346069336
-8080.37388188705;-23.474027425902957
866.8939497665924;-22.770775237060008
5771.3681760061445;-28.510827366271883
-11419.118924447257;-32.26038303637769
-2370.518338763084;-30.8491042273327
-11620.448448410963;-29.907955169677734
-7852.488972997914;-30.497285274305725
11782.1728515625;-36.46931192701517
3953.551746666093;-39.160660201055904
-1552.0363894183265;-38.69142000454079
1119.4515247154632;-45.480947587292675
-13433.575680568722;-43.14097348884147
-2569.912001919447;-36.70282008167909
10662.858132756588;-36.58539883819095
-6866.361477737224;-40.56571212597652
-5971.993784744608;-52.387451636095264
-11794.675921071863;-55.07879991013599
-1488.5401549374656;-42.20115876349887
-13590.767578125;-38.33782194176399
-12756.024397998557;-47.82270079549371
-4693.551307575075;-58.124635801828425
-8586.180218981035;-59.055999755859375
-12101.316272955046;-56.946420370009896
6890.779503172969;-61.86935312617639
11118.343275264317;-67.02052612798303
1278.291692933246;-63.7369119856222
15743.75110724967;-64.78688328756631
14227.04906819003;-73.92041333454348
18706.24607059289;-71.81516516571367
1076.2320915359778;-61.51281916210037
18345.425353812047;-54.256928547958054
23410.720703125;-56.59933546967774
-11453.345737964979;-58.11991038194242
-10207.102357918457;-56.362176716787886
-14760.346046547642;-49.69042880271655
3573.7389659494474;-43.7216682434082
3835.412424901813;-46.649278978187176
-17712.80078125;-55.31167485834962
5456.281836110356;-65.14341725164233
-11311.527508412857;-64.4356548884319
-11044.833935140061;-56.70916066396901
-3538.5079975184653;-67.0157511195356
-2978.1377365005683;-78.49115753173828
23496.919275144865;-81.29535588165422
16901.836493687915;-78.9478165787213
4025.9678445778154;-82.11235128252471
-2694.4902085057947;-85.27688598632812
-11610.732984530216;-71.5778127430989
-4896.286074606789;-56.59035538569118
18140.13198468543;-64.67331995603006
16292.993565035184;-85.1675614218951
-645.5491256208625;-79.54616285072574
29253.876953125;-59.63616126145442
-20150.84994567467;-46.75819778442383
14570.371682274417;-53.79141142961544
-1850.35396186879;-65.14823526819075
-19497.352810689154;-59.75959222129816
11986.438858133275;-56.36465305911977
22375.411708402316;-59.644389992110675
4992.044423892799;-59.997049877378515
-20321.738158371274;-64.6750832554564
-27022.4453125;-62.79952043230694
-2963.2741812396525;-64.20487007509928
5374.331960318312;-73.33716270108464
16574.829873257586;-78.0216761221254
4909.362594464328;-79.07427576992747
17154.72562953963;-72.28132677458063
23980.125;-64.5450025376218
-5004.135205818733;-66.42204418474003
2280.0924256635917;-76.14382540533168
6336.730817567026;-66.89696808424796
-11933.933358423681;-53.08291244506836
46.48486818388483;-53.43971217195592
22590.480706579794;-60.00207630979038
3566.2152376295126;-57.30301987238245
-29311.50543169862;-53.539227742040204
-18490.87871765515;-58.3386290569994
-31400.35837528039;-66.66395601770914
-28355.247679281936;-65.0344896912884
-33512.8984375;-56.48585950014563
5522.59577697741;-64.2076204829458
5903.3442765635045;-87.96676057315008
4693.546624652852;-106.10448455810547
-32944.41015625;-105.39664013460644
10129.95118194849;-93.69325251394034
927.7915467782004;-85.27243180943935
-1227.3610815330612;-88.55567401194807
31540.228342468217;-104.00892669853992
5596.737153734131;-106.342041015625
15337.409068789675;-94.7433227782145
-26131.347008685378;-81.04851573031718
-11486.682118609235;-77.1987082855409
39372.93359375;-79.77897740437797
-17312.104916794146;-73.33607040023652
1956.2617206574068;-70.75580128139946
-30901.815422504922;-82.58276630294156
33231.90728727168;-77.1987082855409
15767.777489189772;-62.087825775146484
-6402.817214036801;-62.90559753722753
4955.59855821501;-87.3820263467979
-24099.787362642863;-92.06783828493201
-21028.72245501858;-71.45404736066601
-3476.311955316134;-64.89634167811516
39531.46278589644;-85.86246059076734
-6830.8446704430135;-99.08590698242188
-985.4167566525575;-98.36880635104865
42144.28689032125;-96.02646220378321
-29319.794997813635;-93.3463332031296
1467.239558854948;-88.43737791577544
27993.81093032338;-78.95309910199558
-33577.47265625;-76.14007114263188
50789.16920170971;-93.3463332031296
39222.269315116966;-92.18208295026304
39045.38836561699;-69.24040020293275
56076.09899936245;-62.559458799443966
6011.826473960558;-56.59561802732841
14389.298216026225;-49.69594708762927
50493.903364749116;-44.5391906168469
13609.35072216807;-24.287327419242814
-3029.9934012664235;-23.123077166376248
57694.4900491181;-36.82274482674196
-31375.513749482616;-15.62951400494137
-1081.5174300029357;-8.36298656463623
33332.60775984365;-27.565589646160625
-35888.313419191276;-25.935468116874574
17584.51222445124;-27.91745536010921
-29966.527007867575;-27.09508098940259
41311.09749310711;-20.551841431171646
-25739.183674278334;-35.886035477845496
55878.92578125;-37.40238980169782
28967.95610788626;-31.662021664670583
7295.152707587855;-46.292484283447266
16363.344627049504;-44.776942582490896
-10606.05411796024;-11.656058589150518
-12941.756257009722;6.961944580078125
-38463.57475198943;6.025803003937789
-34152.969991304606;-7.679082136345976
-39848.34375;-19.615699855031306
-14192.13839023446;-13.989911546333737
39883.967418153174;-10.596398332824997
-28768.73103912425;-33.196253692233924
24967.025426925335;-39.398191634163695
-27353.286778499518;-24.054246112738383
53123.123638945995;-10.240643931944255
34617.70306658566;-24.647948386122206
53128.49609375;-43.270057678222656
5697.778856681267;-40.101464648073154
4103.502893595782;-14.56951811895214
-18934.92641963523;5.564298102441455
28330.587832210666;3.56405173868162
3719.3723751101497;-5.68823990935492
46163.10844037065;-8.605649928387116
62.07376729063981;-6.614621289805903
-12788.838123865095;2.5086222057300063
41494.4452156991;14.094150539603909
-34891.1171875;28.84827190362732
25343.502961189515;24.053902595099288
-21500.27358854278;-5.441665760826922
26893.456172142032;-9.553923406137308
36146.1664583222;3.0870344606882085
46423.672498364394;27.910368366703068
6701.084791327303;32.23924255371094
7230.271589520802;21.710295968435986
-53919.11486928541;19.974815228018343
21641.0004297626;26.174403978623054
-48052.6570577868;26.03022749605085
-57445.23046875;27.76655979047643
19023.284325931963;28.012654131418635
-46877.2851912986;27.55650957017727
1560.8642505107055;9.190165751475227
56163.6484375;-23.003448486328125
43583.008857699344;-17.04001087097099
-49299.10598404788;-4.514057497154983
25007.626041444135;0.8652167836423637
41709.00150124839;13.376255348916423
-21301.678780826078;24.61953518812456
17948.46049522003;10.824580187530799
37298.75662168207;-1.5870263207969053
3644.6356126328465;7.303442470918306
-24864.199703588976;26.738680901793565
39431.06841486861;58.44880676269531
-3333.051352875991;52.94027080786772
44408.196185794295;34.10908212294151
25239.643707846306;25.10384729661114
68581.08605122913;25.332227962768762
57466.76069435332;36.2145087405433
70255.796875;65.82748202140758
28303.184102431565;76.71439997006857
-43464.07676072726;67.58612908009341
-50614.796875;70.51334320216444
23972.544218935975;90.64677989840503
-40522.26644804605;94.50606536865234
15420.083767586286;73.77791150622464
-8581.03071449553;45.56536383306801
-13833.868188173314;54.36091771194044
10997.224125072484;66.3213407208144
31034.733364551226;51.9136507766169
50417.48231500061;22.50935018564284
-45302.93875555055;18.532976150512695
20300.353414830475;48.977162312772975
15257.776991714229;70.03803318630341
-29160.792137001405;59.84553157788817
-22934.11400809122;43.22822970629764
-33565.30284911744;51.08698332352289
-21748.853052065533;59.40320102544264
-57694.54296875;54.58502570760659
-39195.2225244005;52.33770081662723
43399.38621304877;52.93145074645575
-31338.861063174267;59.745319982922126
14756.99260057279;36.80847509451504
-5945.72524817747;-14.949412838658223
-35240.452122776915;0.504199635605243
-12804.087724144149;46.16964309047539
42844.548411297;54.35694640262027
25995.560214330544;22.614257043436915
58473.95703125;-16.47407341003418
47900.13119275395;-0.29531749328702617
-47344.070366741886;39.88630615039024
-52006.126017243914;50.3990267242435
-45013.04254149087;52.118298441721905
-20438.868593616484;64.75934600830078
-12476.148448348373;37.86210231863664
49577.053111147456;3.2064435751171025
-60080.57914343604;-11.433585334428813
-62848.97265625;9.78276172528156
3188.042525635552;46.08704920560433
-56513.48041176622;46.18327331542969
-62803.284010256124;-10.142043949217665
3120.355642681665;-47.71862799278654
-22299.453250650426;-37.8823856550857
33396.69838795511;-27.096732100441557
-56171.66165284909;-31.42895535613328
-41013.184215326204;-39.749133385697185
39368.37363656175;-54.59972100207377
3929.2138939806027;-54.00099320760503
-37659.29916496113;-67.83374357338474
-16672.981105108607;-92.21051806246943
48045.83203125;-54.87128682313638
-43336.53647271836;-0.9986152022592307
-21449.98286957915;-21.584159764225745
-36271.71806440645;-93.94896697998047
-27447.040699293495;-86.92674527628274
40145.08061845759;-49.33519303785215
-45958.37745054094;-36.48484004893221
40342.694756729325;-72.56173323455698
-55977.0625;-81.67121010130514
-47282.7244498085;-32.811607360839844
-38944.304655670145;-51.754342153583366
-11768.704230699906;-103.9138958251927
-40826.53282837916;-118.93804841823463
18883.307067347676;-80.60919721533949
-7461.265615582182;-61.96964431908452
-2912.1336730981275;-96.75319507922637
17130.20272706724;-143.69030914658225
4582.01490900715;-129.0254183383967
52510.1328125;-97.64171081055406
-45806.07754562517;-107.99370770395178
-38803.59278699797;-105.44032028670438
-26351.42012638478;-83.77595841160996
2436.572770193714;-62.080051599308675
-16183.746039508122;-96.13631630718032
-17431.94308631779;-147.6597137451172
-23386.538281774538;-145.09055385926632
-49625.203125;-78.47301291528828
12913.693907456436;-60.21645188047104
51129.97854775289;-103.43397259657647
-13813.963722433204;-150.36894944634795
23000.9863732471;-162.6244143464689
-12401.047900588812;-144.22970460398165
-46901.67276349395;-125.52730001259297
863.3749514803421;-122.51314639070158
16027.12726897966;-111.15564809043578
14830.395288728949;-124.12906763799336
49506.66952292895;-168.36386520148713
76869.3671875;-179.02224731445312
65394.2516671928;-140.86599288844036
-38947.265520569475;-94.15498439807328
66820.67897913679;-74.96905932983952
29874.474408203183;-85.29881497152986
30658.140833980273;-94.77874674482581
-36555.73177293943;-90.89802395664063
-3095.491647703864;-70.41852462567847
62871.463444309455;-41.84895324707031
86858.234375;-18.66675927407843
-10564.134159069625;-48.8829449905003
10523.49482335744;-94.42507934570312
33103.17302623924;-72.04142551373806
54641.23196201114;-19.938954822878955
8956.373944011888;-19.601894935959265
43271.629222998745;-64.81519037709411
29589.819390149583;-52.14872645583796
5546.243838897077;-12.659283362698957
7400.513813499958;-19.221674941568153
38883.6907608312;-64.69187578431861
-20944.667792195654;-59.4325084024438
34597.099038166256;8.034960548241841
2410.1252887337105;25.716217909034754
30575.134913091388;-23.249951638900967
36659.69286619112;-57.21901146212368
-26040.156639409026;-10.106671292246233
-36135.41796875;40.26322937011719
50253.293499843596;14.917970068327335
-15941.141727123515;-11.594667378403855
-26253.59208328406;6.478659864653203
67368.6953125;27.95118372290522
48851.768448438976;23.487097289443113
1566.644619944418;-10.033767956418703
66018.66381489474;-15.994261741638184
5673.956942555582;27.79869428392434
58997.88145621451;57.53581059331566
19778.925201040678;44.98978389386718
25070.80124320009;35.72479369468851
-13062.562673693235;38.19981458891656
27566.735764545883;67.02031855630196
-19157.03476082072;93.82159423828125
-23282.904217419586;67.33870309922905
-24657.67856034177;44.61945239919933
-15844.586344016083;57.2794272508533
33042.63671875;70.9967739266494
-21609.669302861876;51.32060917375449
-29051.08003192999;22.38615705416361
-33974.90625;27.084842624519368
13062.78912532521;58.010035991464974
-18456.432861901838;46.643357947853026
8713.810889492954;0.3808372334106487
-1854.7802264974089;-11.323037147521973
58748.89411412396;30.268833067599992
68530.9375;47.25243385373558
2593.1643608303493;30.36820861013873
-6866.0166380118535;6.585397316756332
-42482.203045961825;41.49346088048292
-32811.787613049615;93.71691131591797
2861.0714479435264;72.49863015256737
-24111.67669436142;38.75582496667398
48635.4015756015;45.91246686079397
-30155.042332510606;71.94244768061672
27036.251353662796;69.95173116717955
-44014.08203125;38.427244543763656
-27458.79793015362;30.784944756268892
28257.289423774782;53.54354682896984
23646.196289807587;57.310200457454044
-27190.890843040444;8.433461841710496
63567.786975916126;-5.153739353464227
9505.327029612017;45.62918492677895
30075.553767891484;60.89048112460691
-46514.91796875;21.373246197516124
41329.61286990579;8.192255973815918
-41110.254765656;42.52945753715078
65259.44684051171;79.88774949452822
4725.790105791937;70.98318206712776
15045.731939062644;36.547326818421894
3752.3791852082504;50.84925167010571
-4529.650977629455;87.27247826179274
-42978.489303143215;80.11651166350447
58063.35032852698;53.86748253703609
-10121.852064505634;63.69424745812205
64462.857353208354;85.25794141124565
70533.7265625;69.3489623225037
55414.60097948917;51.31106529872651
-3266.8958934961265;49.43807504023348
41483.21532709882;82.34980233813509
-1920.1952804317189;101.890380859375
34242.466938023106;79.50886215216131
75740.1640625;66.50819396972656
-16809.692054410687;88.40904237702546
-17398.924363927505;100.3724660719449
66424.41960518586;101.07655086686722
659.852773226492;115.69383263495544
38803.9256447512;109.95082759830983
-23337.137825880458;99.52595956636878
73186.8240545938;119.8782226127559
-21486.838237117376;132.0622996622094
61872.09522013382;149.5099621870936
34780.258285060045;141.77505914088147
52091.940250957516;132.3030124126102
71079.53841183583;146.02163324586877
-31837.869369096574;160.4062260219029
19529.97159513573;157.07034848926523
-44555.0078125;167.01379102040468
15673.345170541244;197.96543884277344
56980.18212087428;182.90283848644376
39774.96580591754;132.0562818434494
-41350.024596249656;116.23543632335722
-47761.16015625;164.63833165667182
-8896.454446236872;210.6620330810547
-30612.936844924963;187.42819186066362
-36090.36229899508;123.93016673177803
30918.82179139598;96.11143493652344
-38288.23317410857;124.48601698065588
27175.19557554333;145.2150361675817
39146.17359941501;122.5580206771582
55832.050447215384;117.51866134535052
-21272.848212378307;124.47902515362597
30692.824079747734;136.4472850720745
55181.66008621242;129.73513112336084
33497.95598158018;130.86256323193385
57127.65564910724;163.53537094270348
-35503.80335273246;198.3249542867784
-23268.8738030426;192.1232037112482
51808.94614520231;173.8570555956082
8236.242304745916;177.94902236486305
51681.28331572162;179.93994511162992
65296.3515625;182.86252881013235
19611.58643151837;212.12021671830345
20207.708897528384;215.17556762695312
-50215.252884475995;204.52566202475526
20469.79722310175;203.35162458420672
-3023.937320942183;204.52566202475526
-14146.417699686426;207.6808876462294
-62327.84471538629;186.47279811687645
-50795.958390158165;168.80108872528686
-18285.015049916838;197.2796496963699
-37967.33440179907;197.8768597138711
15495.258023983726;129.26089374403583
-5848.667052121804;81.60027313232422
-27800.70556338122;110.2908130857285
-26363.50226170766;156.779434516337
44527.10731690802;166.47951121698
-67730.6328125;130.50219374628242
-49178.89055132641;96.81384163276536
-58367.39890672208;120.51879898272927
-34375.182645411165;142.74194171588977
-3810.202297662283;126.99842575964544
-64360.55078125;114.43860219374572
-38281.26917092893;123.03150939941406
-1440.7097505564889;115.01408890315464
38588.07035720484;90.87790226925426
-47298.85966880026;56.67069822069774
42508.47443729114;43.4413549365474
-58909.66854848247;85.12988620741991
43953.0078125;109.25065801874685
-4609.097027759446;71.54428924601643
-30903.24058176147;35.600348520850844
-15805.057077719204;22.167187027118175
-2214.212747807913;49.579879836909235
-15643.08422786741;70.9790790849898
8039.660318319977;44.84752930685908
-37087.95899140857;28.33996708875435
21491.67077692972;44.99140098421131
-1146.5141661317975;50.525322288081036
-853.9713658892724;27.555523895571948
-39846.455791435554;10.787622451782227
-8286.541833068048;38.655908906522015
-58561.28174318388;91.93994140625
-59370.08815766196;65.3575215246671
-8659.154092424826;0.48914976018419054
-35119.93140947113;-19.170397739711348
-64829.97007058121;8.95766932462196
39328.856859428415;9.659989711169942
39251.66058559537;-12.261083666644609
45590.52734375;-49.13968311472452
-2916.803995707378;-51.33070578781632
-61515.79367806692;-34.93328734204138
4348.41804844384;-35.52985292134856
2753.613209483825;-29.813670006896174
-41534.23998068989;-16.71363221765543
-51908.36650739025;-37.8862869596119
-69386.3046875;-47.12491845370074
-43802.75775492015;-33.54491653929014
-55303.24809527545;-41.97547283959017
10817.114903499518;-74.76217474596768
44458.90014778827;-85.76609802246094
-28265.253185250214;-77.79381255353778
9398.27644732839;-71.35435412426102
36929.81815385191;-79.67446169607422
3945.589449989704;-77.32729984455398
-57821.9375;-62.32615229101691
-2419.725719485781;-63.96948550918714
-46628.92583239234;-78.50567960190511
-7080.521345670757;-71.48232296668829
-39643.94678728313;-52.851125916297576
46205.24533525776;-60.805455880172815
15765.367157994799;-90.88986432780446
49527.28290348331;-109.84951474042518
-38896.4439459026;-109.96362029158949
58534.60336505908;-92.17275197313788
-1975.8404217538773;-67.94718369463487
-44817.873817646185;-64.20729427469783
-45607.98964760897;-96.7487044969331
9794.222132905255;-116.99124255488724
-2423.276801867636;-100.35529303934175
-25315.329376497313;-100.1228163089322
5907.562465964715;-122.73597717285156
62845.144416090305;-131.04848906108137
14411.329983410324;-116.04223264370046
8972.647369709804;-117.67582099936205
64256.07421875;-141.10684204101562
28986.304348816062;-137.1342152338147
-42107.52924209666;-98.37347102574871
39748.98808979403;-76.01687973841584
26442.460468158693;-85.99558512688003
51830.5089246374;-86.93185069191594
-36736.6129612825;-80.00251023402004
-48514.05409727679;-68.06187335771153
45041.71244804701;-60.230402016838354
60581.053858374085;-38.2346630826964
-5265.232929543257;-35.776965974477164
-25887.04930634766;-74.05332278952112
29047.12028858588;-89.84955327740107
51967.77918868927;-51.90966689979189
31337.27482048917;-34.58387756347656
-49615.69140625;-76.2818298896326
40179.91246302014;-89.16035779202741
-27687.776614643735;-39.60261521354114
51439.58435387547;-27.895100985607456
25792.5028162862;-87.86860013425043
18116.805389425717;-109.88188934326172
-42214.98047447222;-67.11602152835665
-46763.107605403304;-15.112777548575266
55034.53125;-36.33331483596521
42298.10009844604;-84.48818627978956
34026.036830476354;-58.00257962615969
47018.77127891152;-24.843753966536582
17753.29025594062;-24.74332447781366
-10771.759020484598;-35.54056291434385
-54747.0390625;-8.264341136725037
16800.110021134067;30.1510066986084
-34963.10483918653;13.06303603228504
14955.731394557602;-33.66659139072679
46849.577599271;-58.848751488591105
26522.88345315028;-16.90768755979343
39542.42086073641;6.171863667786738
43408.74771826457;-15.382014050257993
35562.83922747878;-51.340205153769325
-9499.458200073146;-52.27094145191088
10550.631880791363;-15.27306027985341
-23926.562124181248;15.619368907744402
53850.612265853895;16.312596740650477
60640.38671875;0.8641555049899807
-53536.84878829596;-12.46897596216698
36750.16299763053;-19.597198775046934
52642.75302169008;9.892446039753807
-41348.111531502254;41.712642669677734
-21578.05064171127;20.16171830537303
53503.37606892272;7.051251024374331
-44297.7523441434;35.99017308541029
878.4236211117532;29.455721435619054
-61702.5;-6.031012126377654
21372.82668514627;-19.871817937975464
-22356.531792895672;-2.527762264154269
12374.555345316941;36.23807254599983
-39389.77405526139;-7.218554452555068
-4156.501234390256;-55.56785583496094
48652.69702380158;-17.36903476875164
1374.6531077260443;18.23294353674288
25520.243016208668;-21.47881497151357
39100.505880952536;-58.26215362548828
-16352.777969677474;-22.895480382583273
-521.1019918453603;22.789158687020517
48871.3125;22.076796785208444
-45719.03596648066;-15.771861364462595
-24262.090123483133;-15.172316958412615
-3431.624451084077;24.420177340038194
26270.714053904754;47.35758590698242
4983.439923777638;12.097283445795952
22639.08681496675;-17.29167420022906
-42240.76585263709;0.5270434161379498
-39121.416669865546;14.83069020026035
7647.612107598732;5.45072126689783
-9105.838079577494;-6.167869118086777
-58044.70703125;-15.762191293397272
25606.710331421476;-12.930472149768761
-123.0260501109151;-14.213368244434832
-32864.2945667993;-37.754046537814496
17796.932478036208;-51.33935751636882
-63854.815294589454;-29.210413467270314
46438.1953125;-13.509845735476176
-14615.171769377346;-28.615920692192034
-69481.00545494515;-49.362228924992294
-16827.738939663002;-61.88855732926139
-67789.68557518806;-24.04956616471145
-16260.928074787516;-12.924832344055176
13947.721717209759;-65.38644989879944
33445.28645173689;-100.05120173582432
7182.442198181481;-88.09092795566167
-50326.078799506744;-59.62298463517034
14160.95924515328;-52.613657519440956
-50856.43880490471;-70.19520580837344
-5502.45689999657;-77.32776491164753
-48177.30063330676;-71.80670103011185
-73000.3359375;-80.58731869208815
-44800.128502714244;-101.67082214355469
37828.50230390903;-96.05496442544616
5147.87085091327;-92.99427762917648
-30834.334669908945;-117.80459724230919
-16907.90573511937;-134.55044028880297
-15111.127725445956;-118.04804421955531
20874.80942156457;-87.13973236083984
-22122.853333288826;-90.30927019081133
7312.214040135645;-116.89698909412942
-48074.44765992176;-119.92471315094784
-50947.799824923895;-103.63503774142981
-70339.1953125;-113.23819374677976
48190.31312002643;-126.5994147406865
-25046.58245183321;-122.50336025944816
-62855.418991835344;-121.78720070502506
-55946.31310417112;-149.88050916665173
-68107.68285188795;-167.45832634897698
30274.775789928695;-150.69830192516787
51935.0;-145.88136076373468
38159.70192583716;-198.82753297044
-16419.062704450174;-242.03346252441406
-7998.648210518586;-201.97107160866676
53408.00110081218;-125.97099545977937
25082.47137578395;-131.50584050396608
-5446.368915491381;-186.802955958071
33244.66262920298;-199.30535888671875
56948.692316440705;-150.21277672624473
-40106.015625;-118.02807280783519
28639.198330613697;-129.5317768836533
64980.99408232988;-137.5003670294786
51958.370277022244;-107.4927332738963
-38678.83483609176;-120.35681452541459
47343.28453491222;-157.1546671168246
-39496.657535353785;-136.57400384122306
-16753.1686262689;-62.67728895743335
56222.27333062561;-46.38776397705078
-7397.918376279391;-111.39419234382893
-12615.947912355132;-176.15561281446898
-4006.3595352221746;-156.78598856835012
4774.811251363797;-74.33733140507292
46764.39434974833;-87.8431000036196
-10949.83460934877;-130.62614548640352
63965.325977438726;-126.26577818034627
9341.96773525956;-111.21798010347135
-15412.151247646732;-102.79361442479535
-14028.510342675174;-119.95393582591242
-3239.59214151957;-105.80231645289392
-19469.09080675203;-59.16100311279297
-23070.038017300656;-64.17788867983619
-25348.259331272697;-131.18547052272882
16991.152360857057;-138.44923475398627
27123.928900158222;-93.68174961285789
-38789.59104082661;-72.4821921398137
-6750.03705388138;-103.08233547452262
-50090.1953125;-127.80228871726122
40285.05157109526;-104.00138317241687
-40618.78172148713;-96.49177725525303
30126.168599624812;-132.09308372360417
-16214.48892964911;-152.8295440673828
-49157.32546965125;-111.60818231424138
5003.078708726105;-92.74269154518055
13297.962423310324;-114.29814773793805
68714.15774457247;-151.88873291015625
-26371.574924252105;-148.71615028410451
-727.6511461965347;-117.33330592910636
-902.9259855809578;-110.08286632060873
69292.04409620627;-98.8535068177957
-22099.033789950638;-89.36873796901736
-38672.05078125;-105.51691970338564
17410.69163841718;-123.31240395512692
-38293.73479129154;-100.25511556631129
56759.02538299537;-79.41896480602563
27776.20268438902;-89.95906259486276
53781.088507909546;-103.1869512779121
7485.970782580414;-118.15118585765192
64458.97055476451;-103.74429687438065
68885.9617950582;-95.21427092606174
38743.89560428556;-93.5933516321902
75055.2890625;-75.56536522334221
22320.122535630362;-43.82634735107422
66623.00743310485;-44.87672943672648
39609.85743451158;-58.2299384314078
-15639.647610221888;-38.1002197265625
-13022.294536280784;-13.629848252392872
56789.034152417546;3.6907596195221046
43421.05155923356;-3.583131823049463
57778.37667357069;-23.602087977546127
-23298.581750861194;-17.972413004403307
56811.05718799116;9.194397093266204
19866.567973423145;24.761937928089893
61527.374960063666;17.367737963365002
16569.888956019015;2.2566056490912203
-6635.614219932591;12.330057305579807
53778.65459747039;45.94005714523841
30391.884897951342;58.110314473542076
-36095.6594987907;38.899144110646304
-37322.17317227508;26.83773735000517
6922.105295116373;58.007192883124944
-5183.787951733546;87.04737854003906
-20362.741700932434;40.86991228306265
71403.859375;10.174052202228978
-39615.95703125;34.678797539870985
-41201.36432060791;81.2225294099771
58765.36328125;61.75899046421357
10015.460532474077;27.03817604250746
17861.106974409275;25.19123649597168
38852.3433397287;52.742203328543035
-15521.894651237813;74.03854707941477
9335.782557586994;51.76690617004073
25768.54232315239;53.18273610303562
19293.064889682733;81.65481691863694
15817.438881737435;69.26218237201516
-21589.565299775215;50.5030247073922
-26579.01952451447;59.366685477597386
32324.34533547233;83.51117962612443
-10010.324163971662;102.38341522216797
33581.74958901343;88.22864957757584
44694.4844784172;39.9573297073062
-29969.68578559889;37.62627526687616
29494.41340366975;76.06452668403311
-42466.4921875;95.71417305859298
5926.5796244602025;100.70138099228717
33771.601352208396;68.2745524256049
62661.7421875;52.50484278082218
-46651.11742366081;47.73311574910126
-49029.35494135201;58.02566881153906
51768.21996835612;96.38424042380318
36775.13617883464;114.17786104120952
55918.718679068304;80.70690845826884
13930.706965325255;24.378358840942383
-32404.52620800844;51.199798112167784
-29757.551363724364;101.46165359412782
7946.471202567554;134.44888305664062
-24992.29406276704;108.2740875401539
-8843.464123584708;57.934970726458836
31233.526601053454;65.25968089377137
21219.98739251762;86.20757935896789
35108.26217271283;73.08323052902517
12922.502877323219;65.33862181967453
-27540.90753261189;110.30471688945012
-52445.65625;121.44882419514119
-14030.270172138698;86.55021656927099
-13469.514975468366;48.82612818893371
-13004.700553398332;55.97300517413164
42998.65169403955;100.94852165880866
47103.94695465808;100.83512473536408
-37824.7728501379;58.334244909148836
-58480.17578125;38.438108758952296
44238.72228722638;66.89643033126285
11530.37603929831;100.60689548438064
42399.82143494932;76.3485662918028
-20144.86078147412;38.28164971268064
-34387.860371620074;61.01414435308628
-30628.631323053683;115.96428388860492
23512.07043010356;116.65901947021484
27028.713849633394;63.58925929814455
-12999.611344397563;22.59124755859375
41264.92782777833;55.87826850391211
4760.031665278235;108.81453609521853
52691.8984375;103.86239197010647
-10605.986711036923;66.38255566552658
33196.83515856274;69.34235890783992
-32959.176505230105;78.29469917163016
-14455.249208187735;78.60676452641842
60021.32079030541;72.43874550639909
65048.72701085983;87.07035520931194
56197.27335226277;112.88548885787502
-9894.190236175113;95.11313048953645
51919.680354853976;62.55904006958008
42486.664245134205;89.1165110015031
-37509.262600806454;129.03250683669143
66875.7109375;140.0245361328125
-52973.703125;127.12701686730256
-49376.428466640406;125.611608591399
53269.34415651609;118.03220308040552
7066.219108830912;115.58059874013719
-6366.410461911946;105.15832512965225
-23710.870482187678;100.9265297882055
13697.494101821198;133.1023591720549
-27048.453731555375;134.98302576094926
-27207.560439881396;105.8391949946448
-17703.22063332583;87.9273528692418
-36400.68942481193;90.99924779768506
16219.339644068343;92.4139650764946
-55421.74316027749;83.47929120364287
-4889.329077511291;76.55110226887663
51324.6328125;87.46754351173601
-2744.426835926766;107.85372127760324
-44720.82082225448;73.55446063308374
467.02930897511396;33.15432259711005
-26624.787770708714;91.45434184523633
-32318.130012903606;127.64086151123047
41622.86760665265;96.01691411749161
25373.506084389403;46.126683914210645
-35917.11759187025;35.031403796434965
-59094.8671875;74.86594571580338
-6685.453028437529;108.91803067954424
2200.81124659528;87.81504343941893
-47389.7329594657;56.67090766130923
8157.000896242796;53.886546316067395
14364.243518393123;43.47899618069348
-31088.138939567627;32.3560905456543
-45023.034820665605;27.313699556218516
-18339.30603126812;31.533713416577072
-28977.725833393735;41.25980543711182
40392.824781077376;21.354729853140036
47023.9765625;-7.108519071436422
22848.849512156856;-15.191648565409883
34305.609299061354;8.011658907089448
42284.42415065557;52.15627750465765
-41640.88762166871;54.01460965080564
-21499.007639164403;21.454415219920158
44171.152448895795;19.345023631511125
-59382.953125;52.0135182139602
14693.052401949753;54.2373633716353
-22245.905244319743;41.22780766505895
-30599.792588937613;40.89060037496323
-29375.529992661253;38.21017162376435
-24709.04365088637;34.701492849812105
20833.849668683426;3.32152393426167
24561.84293267617;-26.413021087646484
4877.8436559409965;-6.863613046877848
-9287.39754364147;14.445891380310059
-53965.312591495924;3.3272954464671827
-32227.12508428354;-2.1750183045221974
-46676.19632080294;-8.495645931148552
-41603.21612308353;-22.88955085279813
32319.53753192522;-30.025412127173233
-29470.550919894635;-28.148526600618172
44066.41831136795;-19.258988915216783
18533.267728273684;-18.21273817585157
-21464.24950902156;-25.587830482878385
-32097.963779416983;-38.81022206437516
-41769.76622672725;-30.144514272184388
-53584.62664031028;-7.318998877848713
48852.184554844614;-5.211096259677191
-31487.846563007846;-11.670334141273415
55571.971389612634;-29.33338759495326
-6469.641708526302;-52.840660095214844
-54330.703125;-45.931708941938574
57043.73046875;-41.964375421911896
20110.395240328493;-32.38383994691994
51801.15186564656;-26.420360346580004
-1385.9073365662261;-49.00097585767103
5807.331190262405;-52.49868088651592
46142.124176894344;-38.6712053714682
-35006.90268326842;-26.848252180057983
30900.779643546193;-25.816695519266673
-47397.60546875;-34.84503565717341
41732.89324077006;-21.37887129612058
-39968.70955683548;-14.464245796203613
-16801.150767874307;-28.86253967001967
44663.17093256221;-51.334850609151545
-25787.010644701128;-39.50213225141714
-17509.7481464774;-31.88974123051741
45886.964111663416;-52.50844605284011
-26048.671603313738;-52.179981367390205
-42543.06333598065;-40.22919327137246
59109.78125;-30.725910953153033
-32921.74113109464;-32.71711714089392
-13903.377542990565;-66.20276020892165
-32050.62141794956;-72.64155578613281
12537.803648499728;-18.3284140541828
64700.015625;-23.59343695024271
-5380.248960522877;-60.2442498294552
8137.61425855758;-79.09468134859605
27873.731029110364;-66.88923313385814
19857.472198531963;-18.745725899346304
9549.030167308192;-1.5768518447875977
-2637.6526727180753;-54.08182181503483
45640.43025256928;-43.8816862721888
-47376.25461753393;-3.3138046870463143
-33707.03801288978;-7.401983559577289
11460.094601895573;-35.65731919980716
-48030.903598466066;-36.841549273692976
-54803.51171875;-15.481091641607023
51561.44763721169;-19.12241446754699
22277.302832785266;-57.89671682436138
22306.47938903852;-82.249755859375
-45191.659968072396;-53.658354927907254
-10989.441900208767;-23.09487855115357
14093.278803750727;-35.27816861482085
-24110.223199920554;-56.37187250667442
65430.875;-70.65522766113281
31690.152195627947;-64.78832123142561
-52303.24609375;-39.380115366216344
37444.453624859816;-31.306305190585306
15550.082248634775;-26.633961338946975
59694.53892021938;-20.077105467147845
30161.30095732749;-42.53861980992386
13259.500193601794;-47.12063168043052
60558.67222882397;-31.681650146666918
36450.969800206294;-1.4733896978745378
-5870.003902077544;21.126737512500085
63993.647043900884;7.782523472221001
-34846.31603198101;-11.76656320303379
30741.581744602518;-4.510413201439462
29886.43111072354;2.157021474848449
-6223.921286266952;16.65997679033383
-38532.80573937527;31.410566329956055
-20229.70771845292;29.90295671382742
-12720.191647834996;12.355190655024387
33603.28557850218;-19.95881422392511
13965.818077615244;-31.78960418701172
40240.67111120277;-7.331757988590535
-31485.417186534374;15.26301700416132
54432.00681731048;18.542099074695706
22973.09781128641;8.357565645557898
50181.33318540995;3.106045676539395
37294.77069107257;0.5407251801646353
39964.58053900217;14.677809261906788
17585.82796591035;37.47980535683402
43534.13732780884;62.538209008781976
-17030.60418309818;84.80296520918046
-35088.609375;69.84083414655487
56755.65234375;47.36885684398102
55641.4797300471;48.28600209249795
-34868.577802231;59.15743510106894
38061.3775082996;62.774210819592824
-406.3079016593474;88.06286014062454
581.7319633224761;93.9513931274414
-1931.1126861986704;57.08714279322423
44335.44905030212;27.198129489925574
34722.474297215944;40.54235956317923
-30480.83541427446;80.47847969688378
12164.564289624468;90.64613921212937
7030.590875895527;60.66259067472651
58182.23046875;54.71914083288918
-29919.910612120235;66.69529468700993
-34363.644224395925;49.694569991710125
-46908.87857197695;48.48598073288254
22183.95761193616;89.10248101834837
-51876.58984375;119.20601057176076
38803.45414522423;87.4783477528537
-51224.97660052893;23.319231033325195
30307.29074972056;23.58260399529731
-28897.146526755198;60.12706565204988
32503.96632222872;83.38289819418735
14980.94420942277;64.37468625541122
27255.792649378564;54.21434265577597
35395.91994291608;55.199064896927254
38128.32908394879;38.58315736273114
47789.72275889234;32.2232551574707
-48535.65165052682;59.022935094462866
10414.836901932591;106.69426083085258
44951.263637958924;100.60644140653034
35414.261883383064;67.45836911609089
50655.79334987374;38.6613730950035
-4441.974748556087;52.488945984893505
-56662.62766798532;100.25983024609043
22624.628957153924;112.77224731445312
-42092.975305995744;108.65716162242185
-33861.07570235488;87.93792640421066
46815.95824853321;62.43496552489262
-67315.1328125;62.90571756194399
9323.263452702042;63.25232872238389
15937.130911530665;63.59893988282381
11839.588756408892;90.98859626311796
53317.5390625;85.85211385362014
21301.119159520254;44.41610165237817
47206.20035854481;35.035476203876776
49748.29636762978;45.80377541172802
-10078.42000836398;104.68803872461703
-30815.163055746823;130.31943375994376
48458.26272645687;103.62896973885866
56901.41796875;87.82958605131785
-39724.223796819686;85.02979276896752
-31009.42195862787;78.47126737716204
-15236.546649091502;101.62251540584008
-8955.508789271124;138.85552978515625
9172.163464945203;116.04703499186911
-46599.09375;62.182786376198266
-22435.181440406886;34.43903010927711
-45264.55088061398;48.39755934157246
-24693.638603983236;92.99014038192227
-2432.831806354814;66.72715511508873
15445.304621396434;28.80670868501667
-7677.822184142962;34.2175884122549
11732.274697223009;41.85443858955982
-15918.821820185894;13.04391101698387
30946.53333503411;12.664571762084961
48800.97965267791;49.19089829090419
-43199.73327192278;90.29477227069229
17671.661287223047;61.25604257546655
38062.23046875;22.732934623539208
-30107.110901223503;55.75408639796366
-59252.82740245044;100.13690948486328
2606.5286258254346;96.96226947279283
37258.55196795509;78.91050565564011
31032.17649152063;62.89043612853723
15970.45647768477;56.0007517844294
-21328.075048591185;53.77134859683069
-35577.58494272772;55.174140298486975
35623.89378587117;71.80051711140639
-29165.220174177237;71.44464109581843
-36301.06622582123;22.39023920112117
-47148.16650088122;1.5573702251143153
21457.993756997806;31.066835390694514
-14144.451931082527;39.50618090320922
-73538.17009598548;-7.33199839705925
-65192.54048369692;-23.259803771972656
-73759.9921875;10.943835503982193
-44557.32167134856;32.25611114501953
14971.404310405676;-16.00449868865593
-71662.078125;-75.61148381219391
-255.4153926778381;-49.47140390352636
-43714.590113171216;-3.435652000079628
8738.242926381732;-12.70322568067266
20105.792958616905;-67.16822799783668
4182.0664740225475;-69.50512913318485
39459.79296875;-25.466147206687992
-4782.766017091315;-16.802806525131885
39130.83940278138;-45.15774050642822
-38183.42242147206;-55.57775858253542
-39851.92916844691;-15.272216312339651
-11597.530870843279;-2.8514267162425853
-65547.61132663484;-39.759658945495566
-12655.608320144405;-80.40133083104963
-36694.65318992336;-76.75192357858813
31171.519615891186;-35.51202100855709
-6144.362478291325;-56.81823692492913
37840.45969297664;-98.8624496459961
43451.331024437226;-128.59568343733136
47480.31272572969;-103.87624638644209
4612.599597274893;-67.58618367404071
-16952.597422592662;-61.52792064587757
-4938.116018378816;-61.18519370627621
44931.40209006489;-50.2794993527332
33141.55815480801;-45.105759144738855
-13204.412557496391;-64.55499990283579
52214.00390625;-65.86228769041706
-28706.209508017782;-26.173687181729036
-15503.323429321994;3.573779821395874
-60255.092749028656;-15.98217830711583
-66506.8984375;-42.56711708314069
-11490.64606045383;-53.33120569517175
-47372.858541344;-50.156363925331505
-22541.360259142675;-68.54253549352717
-16381.945787742334;-94.77653830145721
-58865.601307980396;-92.77558760617976
-56856.54523480893;-91.23639476365862
38659.668884186074;-130.91883850097656
-49243.98980419515;-172.72573852539062
38231.13623724898;-168.74460027395912
50189.9159584624;-139.82445447924488
-42318.00160722869;-121.44856546478638
-61613.57397424428;-138.0825308971083
-46191.80015454764;-145.3297758650459
9801.720273779647;-119.44956767657644
-55418.29326499412;-118.52241480221342
26758.329438488043;-142.68177106478183
923.0998668153188;-138.94646880276474
-46495.97025708983;-105.17843729679784
-64368.5859375;-80.66507720947266
2611.7683671357663;-111.73031760896315
-64027.70565016823;-155.07330970835176
2089.08525989372;-155.39219410604935
45784.69378371342;-134.43151526003334
-63375.66284414388;-137.01630509159085
35093.28948975913;-157.96293616678315
49794.84444596508;-153.25833771793202
35150.97692299989;-160.61515529829433
18575.53367932103;-217.1614824537719
26015.51928078363;-227.02096557617188
877.2488076322988;-162.64308694626487
23160.957204704813;-110.64461336791594
-25871.055090439695;-123.87287161336934
-16185.178585734124;-179.9593369330304
-48402.4609375;-201.95138286022802
-45241.297749546036;-151.95250906498825
-225.30691487434524;-142.85131111788814
-46044.80411170156;-164.06908927826908
22692.748610215684;-161.6077701846728
-31087.805043231376;-153.49216538111233
9508.900799584946;-177.94020287140057
34432.70152945418;-213.7785005827035
35728.58209097567;-215.57032667609352
-44889.38612852679;-172.72277466289714
-36275.85834023179;-141.68990946766309
50576.8359375;-157.04207654135683
38359.61232194357;-185.13059321048513
14505.139607875295;-201.37068203511546
52265.729895455035;-207.681396484375
-33905.309051885284;-180.5458887148941
-18945.387610343485;-136.42679284200804
60129.233439416945;-124.25756902028496
14865.92629160054;-147.2000019425537
-9316.536277447583;-184.64589591402776
63486.546645157476;-195.04683442225945
-16008.395306730094;-146.23914135968926
22542.03676669744;-125.6510683996224
-3915.4126851138353;-122.96468331454588
-11754.397509784998;-110.32005988507049
69756.33343522064;-126.9238313706418
76134.703125;-157.9405115991799
-8843.675262554552;-163.6930983871668
51603.72447460478;-146.25171806888903
73922.76437755593;-81.59485607273533
27775.031998180333;-42.84098434448242
16450.886360038297;-111.35386538129376
69801.86819961775;-142.85852192678396
-38637.421875;-87.10597004408615
64157.33404940566;-33.81708938207349
-34428.1484375;-35.633777135619134
77516.48839962845;-57.913507884381204
31310.574140665543;-66.16940364805049
52437.649057884075;-44.14539434260276
79507.1484375;-62.18796284311469
4861.743436613055;-86.5702921257947
-32294.925846697897;-27.93194449913092
-1384.9303765507211;29.68351735427548
73839.41767465172;19.614485523773254
24295.45339585178;-42.68209941697069
63463.64552965827;-86.69282531738281
40545.84586221466;-60.80102918180565
73065.75503984574;1.3623675072120704
-8405.266824520477;25.236805589976086
52018.65423768578;14.643899969350727
-2311.58697059923;4.811055305243002
-14831.013112706762;10.51861585255061
47334.95280360195;19.1723005280422
-3539.015779976806;25.400183178760244
5111.451053913814;36.982903624860086
2358.998619097052;60.458292944923826
62659.12890625;74.20088848820444
60878.765624344334;39.650251077318494
41085.95037201587;11.62846851348877
-937.103675310711;38.660971517408896
56716.783917806504;87.48689346537292
24936.669278005982;132.08837705593206
6742.400632686855;107.96322423793953
-28729.852623077808;59.15096098212417
49510.72303057859;58.118754104033094
39636.817468139154;98.16799072561969
49069.68258157265;100.4880171491552
-43683.824092026654;81.84585360797915
2110.575835575335;91.8010889426118
47.58663328625698;132.34789220675646
-43411.99916223115;139.5011444091797
-55312.890625;63.48466887671827
-22938.721502864923;42.86199497398751
-8150.365222930559;103.75634705615435
31569.441943959915;135.1485866009125
-26723.058317354826;88.41831497647348
-1843.3274830383816;24.368484497070312
57807.247934576415;50.392701791880945
23826.18157112386;106.9140779471548
20399.2308606625;86.68486312389825
8461.561376775797;40.074268865764324
-30982.709977001443;100.08311827352232
-19280.2570498949;146.91436767578125
-49702.1706965206;115.41304091366442
52536.336771692455;41.88251907228023
-16934.959118787578;35.902390674722966
-21972.37063406495;99.33700469296404
1276.2964853525482;124.74787548546112
-18208.905725582328;89.90306230219595
4284.321357460918;63.67127957519993
38898.9272059637;72.50309521674558
23803.861751867356;65.74319397935673
-7452.469753117177;39.7189766845461
-54706.9609375;44.71924664548047
329.15652114980185;103.85486393545743
32891.89627497748;118.39945622522532
49492.648250454906;71.56620603590447
104.96630154528248;14.775086572639061
-16154.162482153828;24.854644416391196
-48067.46231411128;78.72711033611843
-63456.51953125;128.823486328125
-22063.17612744434;108.17387209770412
-22618.313814084104;55.73358703801967
-61143.44583691767;24.629988595208015
12351.801869306379;17.742415544100268
-10665.060676757486;34.81438582217896
37943.293365907855;57.382935191872875
53147.3046875;62.30289767578457
-45136.97587213793;45.10923882789832
-11786.011774780076;14.331391325802276
-36875.74420845715;6.13519811630249
45410.96282368693;49.31030268402384
-17970.814975933295;57.37919092818648
-4825.4392422969395;46.37292782205372
33612.1636023381;20.52310834882839
-47723.69417997719;15.03970717103727
-40175.149917945746;13.163035110188973
44959.2868778635;7.289638019752818
23371.422563752698;22.728198020325138
52137.36072419232;35.73001664188975
19183.93343060711;18.40891998027898
-55012.40625;0.8512844443321228
32896.36782177238;12.573642791078806
-6864.662902438999;43.370613256291385
-70.47016559390613;40.07275308269651
11571.688373115481;2.82276754158786
5779.944996406921;7.266179618992214
51307.57404648732;59.38488150886352
-35095.84964835763;64.90640258789062
54844.64453125;31.652164643004802
-11218.109371125582;6.120627715182732
-43365.2187011227;33.5288367038531
-22007.01251801307;56.115366902854376
-42134.78754670762;50.584071490177024
48364.6814589445;31.737762259662823
29800.559304378257;33.29143059763389
38771.553480647926;23.83060002336424
-17679.640972565292;-19.254249572753906
-14434.030264526336;-6.634199896093641
10808.829691517472;42.65410522997395
-25311.73310728973;70.16721575283519
7824.339931371505;26.119035698065304
32457.33351247062;-13.809399251145926
6899.025431455433;-3.225384255653516
55103.00390625;25.726411930346984
-36208.71333546804;29.91065951203079
23270.783117470506;31.031039477769852
-18373.626847502346;43.67913370926714
13399.009295449214;55.17459673696278
4026.6950046326165;25.318363657468304
-18908.136170370533;1.3024091227838142
-25476.467128108117;41.127079219098064
-59744.6484375;72.6379410339769
-47727.827365673256;52.95066353838688
-62885.18359375;0.23750199032532748
43653.45031443602;-14.970454671472481
-53613.26548981254;-3.698081932539921
-53994.03129750635;-9.554405575232224
-52772.33247376839;-27.005745899295235
-60012.29655181375;-12.602718656392582
-7370.972493822381;-3.9215800801663363
-43179.19961262951;-63.15699138716884
-8874.185374433495;-109.88658905029297
30779.59594435236;-102.03726688816506
24266.876513229305;-46.87859622884449
48978.75789028643;-27.091448196505354
23263.53154129679;-66.67414644718463
-5393.155786559742;-87.62919833366182
10566.525745402672;-52.13836466546628
-30281.885737806424;-28.141721446629518
-23895.48671681875;-30.630448940123728
55375.984375;-29.946510999642868
40250.017549931144;-4.163563036994944
-6961.333449526195;-5.18526885471573
35943.43547844679;-63.028656005859375
-1371.5009388018007;-61.99297821845185
-7531.847700060745;-3.221398401075561
-1567.723216193117;19.139712568205027
39058.89444404574;-8.620464445357392
25982.573028766565;-51.93837751963717
-37860.23829335011;-48.978044279844
-27916.58832414281;-24.263462115691837
31242.707061291658;-31.54329896035053
-50020.855747469825;-41.86371526561847
-13385.812308901674;-36.12861817166931
52341.765625;-38.80934348580645
18488.25903085612;-49.92344506883343
-51053.60457584517;-60.9247004038378
4725.159644707332;-59.051452686662444
-22740.79544593503;-36.69911864778362
-49143.01924335078;-24.762493301391835
-60458.50390625;-48.0702589068621
28583.378828225148;-60.7240848517976
51396.80044703657;-59.189375878690086
-39686.611310183456;-55.774016619754576
34379.88793221839;-67.36717527476665
-34195.125597852835;-64.6832285765002
49085.55191842212;-39.859963099055065
-45976.7962553312;-36.22950379705212
-56411.3046875;-65.16296784140772
-40161.37458805973;-85.42060659843219
-19638.574987732987;-50.85993063597202
55271.186105625995;-39.95882828540425
-16412.92701313679;-87.26338884235065
46003.87547935518;-124.03313446044922
39033.25363414649;-103.88084385281323
36230.9505318804;-51.53902101433775
23163.81973574785;-58.81452628518204
38880.712364359526;-85.52919622934031
55910.48828125;-64.21321375615159
30528.649356810492;-17.819509506225586
54151.9788115711;-29.662262238250364
-5491.657675130948;-53.4595988147277
-33081.06014435255;-27.58447258415761
45467.11484830393;42.57228469848633
-33646.964536895925;40.223985658958156
46523.48952535611;-26.763641626349475
-28475.758974945256;-52.51408489726848
28467.8664737722;-3.322014384686355
59719.7890625;15.889290327802726
-30997.643918257127;-11.995115641166294
9488.334776068055;-55.450868804188424
-33177.46468042829;-39.03345710430052
7129.097997318189;-2.7241288005630793
19887.756596826177;-26.977977967827627
-36594.752921432;-69.26804225614401
5801.084117595448;-60.24523433725234
-10125.021727867403;-17.596062669792737
-12281.367497215186;-12.890063874004895
17043.928894793644;-62.00128822269615
-39502.298461128004;-80.64102935791016
-50166.65234375;-32.12957073668847
-21634.475352131147;-4.7227211776795315
42021.32125887183;-20.801707075233516
63229.25;-55.12990262582828
-10156.672539433253;-54.03380411700886
23113.46743734645;-34.79382523516222
-35873.18219699174;-23.105501301590493
-23464.02406473882;-7.929796869886417
-33530.83472099168;-1.033086231834858
57531.88602642092;-1.3690421215349247
15279.812119114693;-25.217385631792602
28870.710970462373;-44.29787030337761
8256.292018146116;-44.30578845566009
5913.944542146062;-13.273418495957529
21873.608322230633;11.21403301995852
-41054.52526044448;0.3186554792479086
-34754.84336446539;-37.409077817608534
-51998.39534756052;-48.06012380217365
50446.72520239971;-20.88954982710419
32421.216618294027;-0.2763371065508622
-52186.83984375;-30.018048244207044
13802.195929367299;-62.91457748413086
48373.83574431545;-42.0592955366556
-29618.08854415027;-14.309370890925969
4528.249913093772;-35.99136508028111
41557.77439817738;-59.084197998046875
6569.504383340136;-27.580730720489985
25289.594832274568;7.283129797000143
67642.18863454943;-18.857746492966157
23954.531933805352;-51.36143525708281
47200.43406172034;-22.293595038025835
-6770.815235340626;29.610881016274575
29779.323730215416;35.16825197756364
-44853.61328125;1.9696724964686325
47470.19580568388;14.75320500451754
-22554.454598710214;44.92479840786589
57561.34690312232;27.605173719541582
24744.91666134182;-17.659235483632266
45927.22735931921;-8.908174863503248
67748.71875;27.54902093433121
297.9733931051014;55.9131965637207
60685.08480455994;24.718569604820857
-33234.9577864639;9.137926483480271
-49125.40989791558;60.471029584567226
-40865.88906176088;76.63452911376953
242.68603439626895;60.3042448971216
-19192.30429505104;40.95808086831252
23045.19450089839;29.762013937361957
-18348.674491485333;29.807578826200196
-49330.19140625;28.409682425238387
59093.7410449633;34.47497093002655
21221.413888210707;51.32022436203495
-13460.172330989444;50.03237146619191
25742.359495285855;20.293973922729492
-17473.539840483565;27.196624724280756
-42805.187448380806;55.79160147236851
65270.4414117338;54.98862777095502
50321.391303321565;42.302674946482426
65371.95703125;27.902450643831582
-12856.329421798226;28.983112252693203
31810.54316533213;64.44721092186634
53991.70602962299;70.75064044945059
4859.896453081608;73.20684587229675
44964.33888956973;77.89409325920084
15108.39023159734;54.839298248291016
52810.298080242705;54.839298248291016
-629.0322628330323;71.45408269676315
59870.436241111485;88.5324261350111
-15356.613478428182;94.50057515860237
-5510.223470235869;96.2634830779289
27492.509623344376;81.75062730249991
3126.807224827957;81.03799184060574
11370.052325891906;87.93879387646237
-9794.610732954454;99.76162375301323
8716.812501430555;112.40640598755459
22630.57015609264;96.96228095803869
67749.6484375;78.34934969990604
54569.20706677546;79.63209353131552
-46945.21875;97.30960426082595
-43346.89349993896;126.21908012469534
-15848.40793137913;145.5225067138672
-18134.114534773933;135.2204270754167
-38075.41701492736;106.54619010188128
-13264.59435977412;73.42596007586727
-61065.45703125;72.49515289027293
-36458.565652347446;89.58769432938918
-24988.79081791036;95.19461863531411
29102.20646212749;79.7258941112128
-40809.33543120269;54.694314742410654
-24476.747298515846;34.11804057034924
-35426.477933567876;25.677929429440105
-39013.982841325684;40.645580742318195
5789.825105694181;59.26172445420471
43797.85546875;56.695210480786784
40703.19244840942;20.29521415362182
-37689.07023489238;-12.824875831604004
-44238.42687514782;9.302177465361833
27353.257816195604;61.855415279756784
28596.563486725398;98.48811340332031
6098.651353328998;75.05996831043248
-36303.35246053098;13.485714140761146
27335.65632021641;29.428335023951547
1610.2698786364708;76.8519419980274
-426.050893071726;82.91622924804688
-50031.31878120994;46.72011666841152
-50887.43359375;37.94884844705547
-18173.969506882877;66.77828479333418
-28160.878070090526;61.15620098951648
-18374.827212901888;9.855150761157404
55553.979599210914;-25.151889236044592
57006.08203125;5.325527392450347
17116.070890801915;14.355047315303636
35026.98059392358;-25.356261086150326
43248.975543587105;-38.841087341308594
3367.1962763365227;7.185311228412516
10696.856171390995;48.29192198831561
34819.53738934656;23.793310938368393
10583.256321265493;1.8772169033936166
-5600.606385020561;20.97855318463943
-19219.417402965446;66.6686671646411
-19002.09595055143;60.56166469829979
23683.459327767836;30.92031472932831
-23508.223338863223;39.230817324991435
31605.307858563872;60.087070810851955
9109.10675553434;55.054394180127765
-54587.466421771525;48.24978394807704
-7522.511434188746;50.36069615139648
23405.13096744151;55.054394180127765
-10950.873871768854;40.89433348778785
-55572.546875;7.046549672882824
56451.225956659895;4.223011999464663
60119.6796875;41.94208553031137
30027.060680810726;42.31765841320123
26120.28103386695;10.93517352188096
46099.05431197927;-2.08083438873291
54662.89889730426;27.206146417540324
29864.645982428963;64.91751588925082
45684.190680243264;61.365944627461545
38507.9325397885;52.92229581418377
21205.47103066252;82.08793768906182
-11115.053947306937;124.13861846923828
38873.365611147456;98.1316408402032
-4872.680322547269;78.68081753607632
55797.44921875;116.73963258069045
13191.556791727387;137.5865936279297
42167.78989305647;107.95311384031952
27501.378380282564;73.88311767578125
29994.20609125607;86.30905738793545
-4722.134262427229;122.50302118691454
37991.06531771677;106.92175015146748
9115.535852393892;74.5810621890666
21312.23196409736;89.10277957621138
34951.796565463635;117.33842620211634
-27517.47534396506;119.91343318776106
17021.59671852112;100.11727718071887
-52391.2734375;90.75140617026705
-31575.336611231858;118.85387953945877
-35299.720264183;124.93707837530803
35260.51099059744;108.17668938078697
52895.203446636486;99.27255046477879
46055.61059460786;97.5374098572379
1625.4965645218545;100.94450668044846
-48221.15237927545;111.35535032569382
-35951.50080635624;137.5669382162685
-47856.353799888224;149.3857879638672
-40283.33351974261;129.94583414410542
18332.96484160416;98.57370560912918
-27991.41906455523;93.43630707721255
34385.16330978957;100.47898162716996
47223.3046875;91.82496769392527
-55098.3822693659;84.0893581857337
35616.88693309485;83.6183512890805
23538.39889134362;91.57824979567835
23590.851145493172;100.81659559319205
35835.73944178785;79.74169302188972
-40692.09936242542;84.89679857999633
-27801.505730565434;117.45647833811321
-71307.9375;129.76404200855507
-7327.039628046128;112.1915892176288
26855.551791698774;78.9236284119131
-28638.9330985395;72.02497100830078
-20997.182278473767;90.64686021808593
-11714.941992419968;94.5105333327374
33218.32114424859;81.51897240238048
45550.98828125;69.81792896510692
-33430.56083018452;52.49912529214059
-37758.38788959977;34.696807427551406
-47505.06183354012;50.13552801123063
-34121.07970683634;88.99207779197496
-44661.850358926284;91.10379791259766
-67580.171875;50.02308285038811
-31100.059621484652;18.545184524130534
22382.353672390003;11.65004726126665
-28344.88930364391;13.74602505937139
-44107.708960413205;3.0682325857648394
17790.40314265543;5.640977865841897
-34257.45718497507;29.3039375135437
23416.405690176092;21.126925417075
-47751.92233194315;-40.4570402731613
21370.743518095085;-56.27582550048828
-11154.421869396996;0.7451155627581869
-58838.20289658803;42.30484701015692
-18831.265480573536;6.347133475932985
-44238.60454330004;-48.78887223624025
-26117.005019460317;-28.97355661505138
-38946.48575441278;-11.979308128356934
-55718.58658423013;-39.39771701970375
-34966.89309258839;-70.32878126470732
-29451.258330718592;-50.526597065401276
-3809.102573067983;-22.401279962695497
-74734.25;-78.48339425394408
-38472.564668840794;-127.89693479902937
-39647.28395541818;-118.2891111214262
-55328.69405992977;-64.30364719080264
35400.3046875;-68.40940509950049
-56175.7019575478;-122.63780033495638
-10015.452108590573;-147.67504472488355
-66514.57613640916;-136.04717064763852
14378.039228563619;-117.31082019115544
-74085.54950698302;-135.36871385035903
-41732.872846180035;-155.4050750732422
-18411.585950851848;-139.9384486655835
-40132.9690395682;-137.10643867952007
20492.767348580513;-184.52105961654476
-68956.4609375;-212.16271559136408
-35191.99305823122;-196.5857766994563
-11392.760713188953;-175.61088868659036
-36990.291681846444;-174.80365738947444
-24809.439345654544;-212.87478547540536
36760.11218484871;-235.2322485012178
48610.33562611583;-206.99227881430852
-46397.086948425625;-211.66393852973147
-2102.8951777417096;-236.49669210483032
23926.066178195673;-227.6149602178637
-20061.689055728704;-186.39803645374116
33598.97738459235;-187.0915115789058
63162.0390625;-220.82459179984787
-11243.574504503391;-239.91265869140625
-2112.975326977219;-214.36783523226612
33056.66535572184;-168.23095703125
18797.286247167503;-176.3328028547428
-25365.863583454775;-208.88347517299883
45233.48563221954;-208.75987471693637
39280.917271533195;-182.05881739484929
-13463.051583195363;-180.18655716707488
51037.1144975199;-187.45764153683362
-40587.06182281097;-177.1554720983931
31227.1464973096;-159.8069436682203
-21666.281575451292;-169.28196126344307
36889.56978301579;-190.73105095892942
-44546.78515625;-201.04269676873247
-43740.84051217689;-171.4100835180066
-4749.011605259293;-147.7557068297187
64637.90333846267;-166.60691700452605
61247.6385446152;-196.57661832229158
10809.882180790693;-216.8235626220703
57592.50931374839;-200.31572370849037
-10661.164217297985;-165.31813049921786
56941.699554215185;-128.10577392578125
44739.016562967314;-128.8192093126483
38906.32328203443;-146.72413611853713
79436.2578125;-152.7930750925882
-9032.247929629084;-132.8913414638742
-6508.748134079258;-104.58485396345581
56968.0551145207;-84.58456576923014
-36524.203125;-56.36707823692791
36693.4200989658;-69.34567756826297
-29301.015668870357;-116.98720004416168
74282.0625;-124.256591796875
22324.822954258474;-105.4070899449506
52681.823793994336;-69.34567756826297
-28369.373279280604;-74.27221282140327
-5225.414969471956;-95.8120432822353
51163.46650569742;-102.11814601897146
39121.43910341387;-86.42857617124355
66406.21812484741;-89.83449090630563
37075.545652590634;-95.69851279106656
-5714.062248222297;-61.16116125037135
65844.86554164632;-33.28254503261823
33014.193529551456;-27.779756528848736
46419.022685028;-48.289211774376625
-16995.22018532365;-56.36707823692791
22925.06442123554;-11.527694702148438
44942.22365173756;23.351070586888575
56693.28778674286;19.478031566582736
-11063.145350898485;4.728578444013561
7017.699539551992;1.121413135432519
-5273.221689969614;8.742835632514215
-11968.148506107042;21.835154571513414
39050.96759119074;19.34988915470226
-20429.403874205564;22.624058535811585
-9899.569865630343;28.73479532004385
-45427.05859375;8.738477047076103
69068.0703125;-13.04398953842972
-17169.295983048876;-23.59263801574707
-27543.6371715207;-12.588081501603261
9454.918461397421;3.449769476471662
-12929.059192139292;16.436610647868562
53592.16693636605;5.431182416637128
48384.031018071255;-9.199717182015414
27762.887695819154;-4.628432774524114
-43335.76751887618;9.19438508390256
40605.89579222475;33.53446960449219
69459.4926881943;54.11022963547003
32685.464193681895;51.64862698929774
42971.286721754164;46.86255455258659
1250.857514086194;49.918852156852346
-46262.20703125;62.69528949854084
-34887.609829380075;74.85530786540185
36027.91392397457;91.2148502171558
-41020.15530911197;86.42334677626114
-33014.563317383436;56.470000953201655
59230.321850465974;25.09508978511051
5781.222376278434;19.942424566012974
-28585.10927861635;38.69432426059956
-33124.325967424826;52.510798903428686
12251.907632750743;47.80619152947006
48969.28443691919;26.619844209628702
41585.09067365079;4.147706649343236
53161.50952237102;2.267221450805664
69756.9140625;27.78886786012751
18258.757174532017;67.13377766750786
39189.78639129593;91.24607849121094
36538.24897864324;70.39027404785156
37153.91383897576;77.17048504408814
56431.61194570757;115.21798050732842
56792.80199710265;135.69845971803
68193.2734375;127.7248942941299
55633.710286716625;131.35623452518408
49465.569272665234;164.15250435263164
65385.841674383715;187.80749280254742
-18843.678310948326;157.34898565272974
-18512.040172849207;143.51586352737252
59756.202191503166;174.77382491291013
-39398.67578125;223.13497924804688
-8781.251833673647;195.97684293723606
-14438.801456889269;133.93173578020003
59743.06800781608;120.48319076532032
33018.28775050213;143.3294018980501
15933.998319514969;149.403389473228
57779.50754659556;126.41966288887295
8820.196079992827;141.17810084974266
-23404.52359629162;177.9669803150566
32702.278156066895;178.43248014874712
-63274.67578125;153.120333120763
410.3070483928241;160.02525838037639
-2639.4049973105502;197.38422081121013
-7945.719869588203;211.30758666992188
6933.131806104473;183.66482782813557
37258.4375;170.20261803608184
-46120.812554361095;200.20082017218266
-48673.48903527176;193.7712403966629
-39469.126724295784;174.546353448564
-58764.538248871766;186.93371486986882
-32941.699785428646;199.4753862057861
22980.937495291088;178.29945436028808
-42248.84414221053;127.14128347330433
24656.131435888718;95.07142639160156
6526.605804036357;117.81528886373665
5221.120416262929;150.70990583388541
-53524.187973156106;119.0710523067899
-9188.308781569962;101.72626316891193
-44747.82850964051;115.91035957300336
-18131.794042500835;116.40661088311502
30464.27727615628;96.83755666858113
25382.8123044908;83.12565003674865
25033.67979550692;93.10240013418147
27682.325965934666;117.80870798785435
6324.938211820394;121.65693686941042
15711.84180563716;114.50134183352972
-20223.415164504302;130.30508688775558
-23894.067406684888;149.97967529296875
-13359.787431071083;139.9086982395723
-59316.734375;129.4834278317524
-6504.094527387497;126.44366623236458
18996.861321985532;118.84520450345465
44683.4921875;103.62943565444208
-52543.563700712606;78.81005545361279
-28864.444761855484;71.43396934077713
-28193.158165036468;97.66110026370356
1387.8871415982576;107.26471161552027
34922.06462950053;71.55269530529134
23886.303413709873;26.478288650512695
8742.207481040372;22.043336852511374
30120.42578125;46.98991254677934
-55504.01780641776;73.20263817340384
-67875.00890723232;71.31045862425417
15201.633309558296;72.83225409144262
-8451.288698244898;85.48570158713926
-58579.69697766617;67.11143039071564
-79008.734375;31.975266528579965
-29623.018521337683;56.43873255072461
26954.824208676495;97.90363311767578
-2699.585472748411;83.8612453146246
17632.868604643678;7.745303514628269
-2125.0812420604198;-27.608259699962893
-11010.746676701223;31.884683465056852
-66331.34101781851;93.46908891897714
-68462.83497515364;70.73072701770617
-31839.43919103538;22.248658463163785
-22880.503651611187;10.92980143670782
5181.946480429047;0.1886630598326633
-57956.90108700732;-34.01348876953125
-19961.69220354606;-47.38552489379511
-3078.600507465584;-4.98503344885637
-53001.45950420297;28.055299758911133
38481.78424927805;-35.99220552466869
-10886.704572364157;-120.88986610525873
-62198.09576314871;-98.28779386745714
-70972.4375;-35.04593600648204
-57617.15600907068;-22.539358380665448
-19999.924629414694;-60.724116585138034
-42221.65324678793;-102.61192330660104
-22382.499896046327;-108.67332155157985
-38695.58087917627;-113.00038061771502
-3486.992329244167;-121.569539567238
-40137.98603694742;-96.29857714037131
16757.077168197036;-76.15446194826194
26030.17827888005;-107.62744471568935
-66474.91394781717;-148.12660824328094
36945.53586437479;-163.93487548828125
-24160.307698937766;-134.7938758059206
42915.0078125;-90.43346390380891
-10177.273711570524;-106.58928738186967
3873.8356048363203;-131.05178751351613
46615.73150572364;-136.30370179954969
41543.70535893105;-128.9186957828453
-34325.28905153241;-123.31162066029924
46156.435584784704;-123.3307610646622
11998.20252422645;-104.36581040837379
-20449.07718846324;-80.819922974553
26821.90233015972;-120.61707706831524
-21614.046312434195;-143.8014235308359
61685.80859375;-121.43479767693233
24148.252565223775;-99.6519541560987
-23378.22932001423;-99.67109456046164
10897.108991909256;-118.64986884212328
18072.467121014946;-105.63971065430783
-37981.40625;-75.64988708496094
8305.584987670998;-99.06710846723081
36701.32717260791;-145.33584594726562
53652.69251957952;-115.24713028871017
43852.351742988365;-76.82914866487818
-30050.63536145121;-75.3133848677346
-44864.234375;-99.21014956075773
8063.117876371907;-94.5151081695822
2311.1193446579273;-54.818035213163
8112.58413625227;-68.18048898015442
17914.63269567133;-115.49918684908624
11015.635262981334;-106.95106141537471
8458.847955414843;-51.65403593326869
-8670.390348783643;-60.43031212032545
48164.79643313729;-109.74909298939545
-38345.508815140325;-127.54948425292969
-30468.00692919181;-87.37294727679003
56439.57421875;-58.81009433387884
45672.93359166378;-72.52809267588034
-14998.979972228153;-97.23322907364954
-7512.570703458798;-94.62976260908057
54742.2631766049;-78.92442064910739
27228.201938771774;-79.40851717143383
-44629.26964056826;-85.1771410415486
-29532.785453328615;-64.46869626710125
60524.75;-19.378867274823463
-19524.37603762932;-16.075439453125
-35746.66859569079;-77.19515840611481
17003.898426770844;-118.17909785050746
-10650.292634357735;-73.2092953521666
46104.93439283426;-18.505728432637895
-10405.60562837611;-31.650092952182376
3217.8373630481947;-97.04251840547016
-24980.440332499158;-92.29856910045471
-10714.124027222508;-45.86618023830843
-26238.8306489761;-55.489620257054064
15968.9179853206;-107.6651822977639
15777.423806726285;-112.48163049581282
-25238.805494094668;-57.850562469317566
50282.85103534044;-55.83320196751698
-13156.434701834161;-98.25766289522662
26668.275265511038;-119.36114501953125
546.0376331369989;-73.65059296193549
3579.548589281905;-37.35386455844515
-39073.5;-58.249306381001595
53855.588460343584;-80.52182064597162
1632.9586176164303;-56.95321097836582
-16901.829413751355;-43.905032002449644
-1754.662029323521;-72.13796198311682
-32508.135652151937;-74.63303215264233
898.6307710382171;-47.124787421521475
22361.900595373205;-32.12745501579107
29986.254449324493;-51.91885907236634
62883.84765625;-88.79322814941406
-11131.690162382314;-79.88363628828097
47994.21007773637;-49.67656373126348
29927.39049368696;-43.12844621778993
55477.29043815758;-36.935943481945216
-31664.909487644294;-31.20093435191488
-31547.181576369232;-33.420162788522894
25836.345576878506;-37.868230871945116
41628.07327553732;-30.492588159719077
-8431.306197510548;-25.8071231842041
20943.27926450869;-35.99596712378036
-33555.9140625;-38.21904004447085
-21586.858885213685;-18.660550492623397
11532.706503017522;-14.098528507358516
21858.187466679985;-31.90914863462789
1755.1435888121996;-49.937007904052734
38085.92488715304;-42.07853141305255
-43182.80605606441;-21.701898482799983
61611.72265625;-19.953023737465806
-27698.919405265777;-26.401438824108233
45352.77471397242;-20.076590955939558
-31884.597162827693;-23.464724365703777
-50983.70258931671;-16.451288207491842
13965.393285892147;-9.788623508173153
56552.15028816149;2.152553741592918
-52018.8515625;6.609942195085665
51856.70067445906;-24.405429641826547
48198.13395181796;-44.192128754849584
8593.715699758432;-17.03524296576297
-10189.816672929315;2.7464735981280555
17882.313772359586;7.413129115165063
30172.32369182886;15.368267059326172
14742.679466836875;4.737641909672039
-14646.345053831788;-8.95804877494672
50424.89200834681;-19.035491943359375
46251.73378143883;-2.2904919726689883
33516.68804873711;33.08848270648283
-26361.51670614204;24.16887874325613
-9221.388028542438;-6.527584581302069
6729.383120903847;20.425864071318777
39679.04674148152;52.77549220931597
137.36902111404197;30.02669670483808
37391.02019669657;-6.683543525966124
-42868.3125;4.118796817245062
-38412.68186015561;57.9396047850322
54559.396115589814;62.72941589355469
-1014.8210842844928;9.865572010226206
27995.095724285304;-15.072887077335036
-4133.911201866584;16.560577586764808
11253.401818617058;56.95144891164074
40566.60479686594;40.54332026142472
9808.332421910767;22.85632826496343
-29620.937279813723;28.496731592075257
17032.37335331182;31.20519565165845
64848.64453125;30.369093556557928
35329.862301319736;31.044309339419407
-36474.748641091835;37.9535530162046
-25078.46443079642;57.873052021296346
-47874.67849572836;76.85256958007812
-7181.996360310106;55.302671489540366
-29285.53800043203;18.52811434003589
-7391.620909923666;8.22125578588768
34161.43328999546;31.999492642003943
19994.459380459943;57.99593369284901
12471.672282589003;30.5920541152514
40235.07676227702;-6.167301177978516
46383.45594355125;3.9153299961200094
-54608.18359375;45.137696927288
-28478.027778877185;50.50268537084966
-11587.757546535962;35.59219800822375
5510.31441324827;54.21953922997833
26040.76052018322;65.72734442981637
45914.80092287496;32.1366139797651
23041.78145772853;-6.511199869445829
-24563.38231168649;12.454856926926205
43354.992588830326;71.57666250593213
8596.794596602529;98.02240753173828
-24016.386470131438;66.3971438868771
-55248.03121197107;25.07476231624519
-49546.71503866314;39.03712281090232
-47560.343432774396;58.361029735507785
7083.053838703956;51.086122793328656
-42857.17072864849;19.806298289594565
-55370.3203125;-0.5559945562431778
19695.356747308644;-4.273085194598565
-31765.218799592578;-1.3399552417950389
13010.770103531657;-19.265557619083733
-6765.360518490401;-37.53453063964844
-4980.600672933135;-23.71696499456553
-33533.45309102432;-8.716218578676123
-32905.482034254164;-15.749111272281194
52928.24609375;-29.46738902051321
44915.33124384862;-25.478986740112305
45728.23233574367;-11.766233570004461
36838.540951786475;-8.724239175057075
-6528.948991410944;2.1433062995069854
36861.169890104764;31.876136690229934
53966.906571159634;58.457100112171815
-39525.42243458548;45.69384276668637
57000.924993371766;5.99704582949424
61014.95051352162;28.240502418748342
-10619.564764330345;65.59553763303757
65187.3786018994;59.27868458218187
65826.2109375;38.54720580001212
62576.34725748276;45.926707027647296
-44780.5581871147;45.711881547465026
54140.97532745407;46.52034690418151
42605.438847821366;53.871970016067834
-35265.95996806047;74.12952083050722
15067.761602040548;81.98950958251953
31264.859375238433;58.10124416408364
-48248.0078125;37.966685036771494
-18880.752857712694;50.269699998343874
-56986.3515625;75.89691846338027
-30.52851036771608;77.52254661183792
38318.160200477985;60.196587730873624
25020.97150173239;50.94247078186142
-25277.161996718783;31.287148623237
20283.19689385948;24.631221771240234
20742.918129806654;66.7666588971077
-33366.93281058068;80.21503721616651
-14202.510496221432;62.39927868527729
51385.48828125;54.310547110224334
48584.16535429128;63.58296117259581
39973.48738458996;66.77510371865813
38739.84694568133;54.11068633353084
-50922.330799124786;55.62512433157451
-32298.65972273219;90.87521695332521
10944.902579493559;116.86837768554688
4611.333033890325;79.14817476029559
22608.261849764996;28.10345089872512
-19563.720017591062;46.85376968119518
16296.05949082729;105.0597915649414
-43976.985108159504;96.85795945999267
-29202.167521105453;62.29779069719889
38764.44970811908;46.962263571316335
-48593.12868630215;58.80671701405953
43517.44588949057;63.02083733868591
-12388.59705005226;42.764576124905574
-65217.2109375;49.083930736487844
13480.05400131039;76.48484222334575
23394.849653185753;79.29669027357305
4817.98602514535;33.638851089167865
-33790.238770380645;-5.929693778673643
-58788.64762685209;29.30422299096032
-22298.129140264973;89.00486954828641
39731.19053349216;96.74292931248337
49763.5390625;46.04019651588465
-51442.470066349146;-14.597124099731445
-25082.55325980598;-6.136017694047464
-48798.407591145435;49.46736456151885
-51047.70294165052;67.33903255867784
36401.701033289966;16.97835168743329
-11991.475326738793;-7.35058885850777
30082.526810391355;-14.208160732300833
-16130.695920783968;-32.81176717956498
1097.2174489697063;-32.49849981095577
-365.0559728537919;-16.9499960823186
-65717.015625;14.906311806489512
49798.996298021346;20.889718546925437
-10347.987652640237;-24.19243929468869
5433.8000999481155;-54.39887237548828
-31917.866274925043;-36.00560259000461
-21254.932598977728;19.729137533697028
32371.926670816858;43.36143112182617
8107.158871134641;16.769506775027153
-921.2581333019916;-23.037825278957598
51864.12109375;-35.19259918099499
46660.93959278293;-3.449664244635933
-57748.97112645011;32.47911943609192
-61055.68268034055;21.098563459331572
-22087.441639132456;15.01073426269258
49519.31132903103;28.97083556823422
52822.0650248702;5.9192458701773205
42228.727799453336;-57.20914953892314
-49754.59765625;-69.97741577351472
-11217.021116185868;1.0010223397985385
-31769.30525316534;60.72747426701409
-45392.34673521092;22.536331989361557
53397.59438176891;-92.21532878456043
-7152.345033088735;-93.71611022949219
37333.45821265012;-38.553997051320394
20569.53066639311;-19.245320113515007
36156.23907353912;-31.334230891967074
-17032.81066871061;-30.97776301003836
17363.243538897746;-6.4744707783297315
36066.312611523696;-10.919986900063932
1871.3666735134684;-40.938198899292885
26977.199841637557;-33.710683438158505
5934.407730028499;45.21337210133393
57393.599348417905;75.56222097655476
43275.14481199645;29.208480822853375
-10023.824109670168;-21.37984949795841
20135.86799790949;-13.534596911442087
-31642.096767398412;46.98592304168385
-21044.568322597814;82.43641662597656
-2200.3293838885147;64.62614739200589
-48831.16796517361;31.861590038072194
-40121.832947401344;11.062009042687542
38973.25323996895;-20.633970803772375
56431.33203125;-28.506275985414618
-11223.221023390528;-26.544962838785537
36427.104934556875;-18.000207435441894
-15964.26568091086;10.348979928297261
32241.209705672823;13.885140576899452
-11812.638935275965;-22.168239413056604
-3696.1486777140453;-44.196781158447266
-36621.30738350036;-30.156484288095637
-55856.20703125;22.41443735445685
45659.03432187872;51.89983371348458
18086.612699610123;14.3121851142443
-1379.5992100712974;-28.401930261357506
25909.61359334945;-26.493158624457948
13816.920022073464;4.884465606924152
-45953.482274110575;26.039687770524864
-18195.67110714953;25.070935914109498
24410.266465331923;30.108445567469445
-17176.727038517216;31.542529512180067
44298.03515625;-5.427359709141726
33765.886554951445;-53.909664154052734
39939.21886265621;-33.781153359644385
-24697.941815388767;27.925855914896005
-45649.02301036008;54.61372756958008
3070.5789739152606;17.71504574967001
-29553.990574906726;-29.813410713539703
-37017.06740191637;-32.37025322004456
-5717.431131526195;-22.172690943453308
17855.97759142678;-14.10472676489654
-45921.35340708163;-9.550765046704605
8108.6913132639165;-16.10515794874231
-43710.58136628029;-26.511374471330715
-55965.44921875;-34.8178006453128
-16474.05918099288;-49.92799707733395
-7001.781283975688;-43.97340215900162
-45346.73951581908;-32.26471710205078
-29772.577410795355;-34.47523266849953
-68191.1171875;-41.37478080607713
-20874.594498061124;-63.029297015168325
-19124.789467823954;-90.4190440024099
39022.57769082651;-93.58840915897518
2987.3620988961775;-81.4191586674342
5735.00466432501;-69.47721309943017
8444.959121410255;-65.96143126900292
-3902.3830406735433;-78.12571877094702
1289.602551609656;-97.31362915039062
-24489.06355539205;-97.08632422685369
49420.90625;-93.23702949551634
24254.223235624828;-83.99892065989057
-2068.228434619814;-71.58747627602202
7854.512090694334;-68.64144565131618
-17567.014322956406;-63.48092906848407
25454.8586871414;-66.52621948512746
13466.447421257479;-87.37853396809469
-1498.4895819226513;-89.61528015136719
32660.0609405757;-63.62803550869809
-4794.885775656527;-36.46134157399999
53646.392714266156;-35.6388487420442
45148.941603607;-74.26750961711627
57885.09375;-89.59763591569816
-9452.945881145664;-60.795457059371806
-51606.05078125;-19.725105417487086
41981.19341135184;-2.3048158165752994
51688.26988656413;-0.669330894947052
-21054.65655995361;-21.370091081398655
16973.358526501994;-64.31208895309697
-40101.24379186758;-71.57337055534691
33335.04526002247;-32.48460230398273
-19995.39898933664;-6.034535787226304
20369.99991619331;-9.91219588771753
1874.761262045271;-52.87455249288009
18174.63012472533;-63.73797266940505
55054.837717468225;-59.16132938664117
-11232.230063068411;-65.49973375888152
-7795.850265224923;-54.86124210495622
29713.6215428251;-18.799648039384707
-48172.05260389645;-3.8061243035655252
59617.6875;-41.042630673313425
-50504.421875;-72.20101928710938
43659.10611118846;-44.09061745633633
17438.43600578516;10.501736324649201
-11974.95860617199;18.319009983743683
-5537.417772167886;-17.54617017079532
14415.43001247444;-29.24172578227747
-5179.496551170007;11.662363980750484
27735.812730080943;9.550021646646144
42361.85173273606;-21.40123957006096
48764.10455903615;-21.649435330365698
-35461.64830517365;22.541909070942964
33798.62852989479;44.81524658203125
12610.700475611899;15.965614213372149
34716.11673019921;-14.257129951505227
-28405.72714568964;-6.505922789758046
16126.912593796733;32.26276811061935
40309.26232602066;33.774770416251386
62583.359375;18.654747359930994
49162.21688694037;4.50309552816606
-43004.2752569277;-8.006772287459405
-9162.716601306194;5.221886540207219
-35760.308659555536;30.14088252204329
60254.37570347548;44.2834587097168
10592.27566010582;20.752128709460195
-46086.70186980708;3.321446667462027
37807.76134549432;1.2349560908425445
-6289.7752922147265;17.391417702404105
-2482.0718292460806;24.282554261026
-39073.34514467204;7.061519597539839
-7729.7667081686595;18.40698227623499
8573.11899250294;42.422951670973895
21856.951785642756;32.23917143598163
7557.379326237147;-14.504933456922432
-52781.4296875;-15.192867279052734
33007.203165413186;27.230323461922076
-15991.101465222251;63.74995750897345
-40.58446712775185;20.84689541761209
-48657.41373621422;-31.39391205048661
29179.569031795516;17.126147259812257
42672.21115148721;64.09845733642578
-40064.47780362579;46.996340803949124
-7001.889360985326;-15.547419896330837
49059.15625;-3.7069674253893083
-54160.35814412652;61.1806254477563
10992.578417190889;47.114215745587416
-56080.7734375;-14.853836906401206
5186.410541903824;-21.17979210765593
-43738.45526546812;45.26067499663755
-8824.438879174362;57.09258580514151
15053.205908860284;-11.551630208041665
-20844.28130018864;-47.855403900146484
36997.60054775956;-8.369006783807926
34408.16839779733;28.291808398186774
-13980.842181515509;-5.688633110902529
48877.863912363246;-33.68649424872691
39965.224361352506;12.231184528108795
57020.186127382345;40.11433685256283
27964.61316144101;8.486315287578007
-39803.9526021321;-7.350381851196289
50325.60160350925;28.711201912876483
34141.95988699568;71.58193346955434
60489.84504965933;63.96904048296254
32840.18690465063;-0.4423863633629912
62836.5078125;16.655024003075933
-17203.43793131237;80.12658751772346
-20502.998517229607;94.40602834314853
-50910.6796875;67.45301662625168
43525.13954373874;54.56068444206174
34612.33385794969;67.5810324938423
26548.284156649606;58.46273772254557
-11881.789979485839;22.861362900191
50929.62426731734;18.28520074733122
2673.7676604415246;91.46814520464471
-323.78159357165714;98.84445190429688
-9712.168342244106;41.1092956209254
51936.817541872355;25.53276252746582
49527.88838886352;79.05236550339643
16409.20935327941;110.54799036380555
56496.12109375;85.58635268763045
-484.24845595416264;74.90275670695749
-28974.433230806244;112.9116677553372
7010.197797851113;134.60254802189286
-23085.939745673524;100.1918465058448
-51395.86451587868;89.1375145011816
-35953.590784459215;125.14219272951257
-10988.490544924673;148.8617706298828
-30587.66923198979;107.28476058919098
-10227.392747526566;42.511343280967914
28524.86663530572;37.381260025143625
48774.07382397639;65.49509485961136
-38089.39871830605;62.675995550284576
-21931.547392682136;39.1182618025192
24100.302884881326;57.26927170803103
-62828.71875;85.5148401550841
-37737.98274965094;58.83313788029441
-11235.835321586412;2.142478979950507
-51349.26324497351;15.243820247620462
-8892.406585286357;67.35820935360188
-59331.468549185825;72.0390625
-22230.342746346367;33.03937580292468
-14675.077900164419;0.15612264950944166
-46055.20156539687;19.491178589467907
-3354.8307185368467;27.328230210094503
3292.7903390916326;5.644582555070439
34568.55078125;10.08345058796938
24821.658250512133;21.81156345081274
29431.033936284497;3.102996577704893
-28658.168531136987;-23.594048183372593
-31660.98308595061;-17.747806606932446
25909.56578801175;19.130427776091842
-69057.8046875;35.39687494548104
19533.921614758176;9.865218614445588
-49127.5916022599;-25.250829696655273
11354.058691087354;-11.30031367486552
-46282.90314301307;-18.889441896999095
-22162.981223487048;-37.991143729815015
46323.67578125;-41.39822856723675
12099.533903620162;-27.109196799956955
-48542.99135378439;-24.29657931468541
14038.981887622256;-49.585984011203124
2688.4944692950376;-54.61830986642996
-45252.48521109987;-19.482406616210938
-19646.3356119295;-28.729763107260226
-10113.7808875927;-50.6409103477842
22333.999316313857;-53.80568935752741
-42782.207275994144;-37.7488379021365
-23741.08110824391;-30.839615780422363
10812.431160733351;-50.869192043957206
34021.851552962966;-56.83256440746645
-29226.856898113005;-43.24240186021119
20938.17236657451;-54.01916780377793
-58457.6796875;-70.54115295410156
-22997.599399619852;-41.74493626278961
33606.14135029145;-24.172699486386747
-3077.086264679885;-46.41653029095808
-68154.8046875;-96.29179468264633
-2661.6611141258763;-99.6753278315462
-47046.3363423471;-46.986840997874566
28087.298450279617;-42.66272279955513
39796.7451854667;-88.33827611886139
-5795.2780891884395;-120.76844787597656
11285.038137407682;-111.2568173002352
27723.264721127576;-81.03516211052616
47227.423616700864;-79.78009573759243
51727.5390625;-96.88645027620034
1220.1457866813435;-79.19544636796843
985.9934382820356;-53.42656082710734
9814.268699024557;-57.9965462419924
5615.990264833905;-63.166905092677176
-12170.44163740387;-48.77366669965947
-42659.63844030389;-29.790430443896724
6241.616070713295;-27.090179443359375
-35521.65044456885;-53.21214174289315
35071.623967377614;-72.64708753606712
32126.426460167626;-67.83838220742362
5410.626221813298;-52.375229087366186
-53247.0546875;-63.262707359310504
7503.170897513606;-74.62820228143276
-22657.7925860765;-68.18948599660779
-29084.020011201246;-62.09286469465776
-3394.8437293165553;-78.24921658677432
-1891.4281728401475;-97.80819179070066
7190.250682851656;-104.00408172607422
53016.45463340118;-90.29584705515653
-11953.823455489226;-80.23153483575507
30816.600968640807;-90.6562685549712
58612.30718721628;-92.06282873009545
48118.116971486175;-68.18490436737287
35879.26544719392;-63.97438710047
-15210.641108646843;-56.02067874862738
5546.98251647046;-24.063814834974025
-45385.58985322743;-3.9199182987213135
61314.958873626194;-13.637553906012897
49460.70202657209;-37.76746787665677
-14958.906410818236;-36.831288302985584
-25943.349642695015;-14.573971532889814
27820.72863108272;-2.1624780100113057
41264.506180355806;-9.071370714274764
17507.25932233173;-32.24723301323259
28821.87567188406;-56.47673907972515
51521.43688211939;-60.923545837402344
-28022.8671875;-42.42457169025684
27695.24050337897;-17.96713452303228
-18054.145482330736;-13.292396664623084
44874.703085063666;-17.26398858020808
-22968.86731899186;-36.91336969802926
62347.890625;-50.38065728184563
19938.41942279008;-48.17445625023209
49868.02737534142;-7.561864745276026
59733.32479943617;27.67929383865605
27671.797666335413;28.853354036766177
38094.20721781823;4.271199852159953
58111.63207218771;8.249242647954347
-283.096012899794;46.40619908653355
-11800.42395335818;79.99378204345703
14447.428515458101;85.94732458848237
55297.390625;77.52236276251078
-14347.893568963249;59.75425475839984
-4962.013498539403;44.19165038398913
-34395.01745611057;37.97684514896184
44564.101019723545;58.805050664604806
39389.06735685389;77.76896970844773
3983.9273949757917;61.137735234976915
-34548.30636792543;25.66976265833507
-40670.66550581092;34.93535948240619
44780.23838538249;72.05668428778252
-45158.96484375;63.38046255462989
22728.095531696817;26.006326854991155
-16481.675221426092;24.368484497070312
46891.026701073104;67.70926749871802
53189.66808754568;72.05203132653843
-38852.65901168668;33.63408132114143
-28898.077078429706;32.3359051340394
42655.65406762854;88.07993182535847
50810.62417617906;126.00932090012567
-42067.85151332467;56.789137621665446
11699.859740328015;11.941628146237782
38201.58416945307;76.48192434508533
-49627.98899736206;149.44688415527344
17241.60380567005;105.28787678965287
-32161.058127985096;31.843134013181867
29447.91796660416;44.263278371985706
-48614.583794647624;119.82774024242977
-70024.03125;105.52370231545294
-9490.746059953133;20.954500252964706
23067.842022604673;13.009619607907076
10780.724789028885;76.0482222286714
23545.92686906796;47.36695914257288
12475.905917157506;-21.39922205308288
-40766.585364324244;-18.37143915286815
-44843.77373803579;67.71300967884125
-67547.75375300179;98.1670301657817
-23228.951806385812;24.37532569617956
-51063.92693409862;-28.192081451416016
40295.73046875;5.4306751235737
-33627.07483961093;34.12707468737695
-32634.28501021416;4.486212155967884
22726.855510474532;-4.543478495165083
33979.0373417806;24.743420162719573
27355.92836066011;19.966713808270235
-11917.619558287493;-20.670505998088554
-3652.263687313076;-25.969128472173377
-67549.3671875;50.36968223063492
25700.151115379995;75.78826141357422
-12869.818321405684;26.144828151775414
-25847.12046955111;-40.35342567942819
30089.060156750696;-39.86401644613678
-14033.428888058108;6.6226369640259435
43287.921875;6.951317703727177
34082.2063019053;-21.512073166774147
33513.93137400529;-7.8031968202240805
-5935.5111654828;2.878927220066217
-34246.088600359166;-26.85403815598441
-25999.336968095762;-42.56208801269531
37050.42802352595;-11.666098480778764
3633.641870059815;32.712425231933594
-19081.345387627982;21.938636766746242
38760.6484375;-30.74501547663671
-25174.341110625777;-25.813168624913786
19758.046884537034;13.303570991651398
31828.585249045354;17.62435421763361
-36295.23722740772;4.009769960438902
-17513.78523898377;3.7735787008440838
-3935.8524161837704;24.75126295898542
-55000.26252808656;25.92571858008992
-67804.171875;-9.552808881799166
-12087.49040908154;-29.68973893147455
-28398.896893573372;-4.395605231930716
4484.092033691486;-9.775998787654814
-27956.59776449534;-48.773559328277656
-17463.37614706679;-62.36430777028391
-4496.856826227602;-52.8559844023752
-60821.69959462836;-45.92842975169057
30952.117489585566;-78.49248708371702
-47012.8606088538;-109.29269409179688
-2801.766972106081;-70.41868726197323
-14341.072531052581;-50.155765533447266
27500.5237529374;-73.45989956176034
-64439.1875;-101.79555038383228
-2817.251815851312;-94.75852303460269
-46013.77192754906;-67.70525006560763
-18647.407576601458;-56.947806336305135
-47635.03506767479;-89.39754157503353
-4816.345143360697;-88.11009503479032
4047.1794164097955;-72.04911496713687
-20081.304107409895;-78.47283116924274
-62037.48823511459;-103.76726969152759
-9986.73446989349;-118.52728671982766
-52793.036519211404;-93.34604887759045
-50222.55245750298;-77.30365399621348
37039.1875;-117.58620046928243
22347.167754524373;-158.21510723204938
25016.754816202272;-160.87954711914062
-30793.719010361034;-147.9848069680433
21380.913504821918;-135.12047893994387
25816.261647699095;-136.31252253374632
13281.552595193913;-136.19391871280118
7487.835292319636;-143.09398294101285
-45352.734375;-148.47706604003906
51761.241521278556;-129.86583097592174
63472.08864297779;-106.10106859525268
62324.68579197678;-101.18666188544516
59808.07110860394;-137.362740238567
8099.8946619669805;-127.52627495953615
53529.04242543709;-83.39226281396616
-6836.3552414705555;-54.37067301463182
52059.76639094307;-58.25399166815819
38826.27566028465;-69.95751064464804
23518.120472293012;-56.71022903101742
-1331.15638804857;-49.676257263029
53448.99106373935;-63.97566954633426
48690.93825282964;-62.70163495360097
63940.72265625;-26.630769667446586
36084.516522136895;-23.11282730102539
46903.12450824668;-49.11575856082051
-25725.466541103662;-48.64924621582031
70660.3515625;-10.711200429932859
11247.732693263235;20.075486754928704
-22894.440566037287;-0.3096626670111675
-4857.266322395626;-30.51607553068361
-45294.93359375;-9.433310996843268
36818.974813050285;20.784353723472734
66661.52737271875;11.874490669868209
20121.22973386191;-8.748555149678275
-16418.468648072947;-16.579847373593353
956.9532738969501;8.728793033948293
19609.875667115542;39.51065799453404
41606.9474933813;25.322066767009744
37960.23215924892;7.052266394058428
-33769.11909276101;16.66456678383925
-3643.463935585918;32.368943842059764
6562.3847045283765;44.424504531584205
-25060.175436963065;56.690635681152344
26013.30254446881;39.250257883640316
25224.15405391906;32.35929939350814
30947.00691291924;35.64425983081736
-42673.686578722496;21.820963218166508
61384.828125;32.46045694722427
-18925.713726367227;57.05117971631836
50283.02387310403;62.942665831069945
15557.299318388163;31.79046031720551
13291.991892090358;2.015177011489868
-11261.423600726339;28.374532616913008
16911.090185056615;78.6229609773161
30459.786029961542;88.44738006591797
11882.467271282847;44.87122129461903
12215.071933080544;22.278618396545465
-5626.920843569751;40.45425532231032
44430.97968850139;69.14277244075143
29123.973793660538;74.13873156380471
-56436.328125;67.80014139870596
-23423.967044301433;63.48077336069131
50015.14228062914;83.4052597577256
59230.98820698034;81.87930286612776
-32206.527978797265;42.875739205606465
-32843.027057519765;38.77005839454799
10399.057649941256;82.68680108568908
59063.48828125;122.6227035522461
-25007.15269924295;78.81929439063053
49520.87883782179;6.572710990905762
-2587.5957219010306;19.35460811770642
-57881.136494272054;92.66546419313183
-10074.569546437728;111.14060034219129
-19038.07604211173;59.00009341485427
-49189.196908880316;44.37829726966266
-30102.179565664388;59.65530288242372
-31965.380354091005;59.0744685436054
43301.81674672212;18.759607087697415
25880.16999238945;7.3890665707693115
-42959.34407962374;56.347380489397445
52673.57283599925;73.34386824542858
55292.12529540964;33.652341201910986
13159.688161750964;12.786575914422459
-58796.55078125;29.53337573821767
-3889.6781261682845;70.16521690951737
-2663.921959521962;112.53939056396484
-16579.352524429116;89.46654979526409
-53930.161557419146;35.49466228982797
-43008.707282312425;25.79129600845053
-33425.65838134833;54.026327638844094
10897.810907255684;77.79075378614482
-67232.84822274983;49.42869626988599
-13484.08252765263;-9.698325103583741
-68308.88629029875;6.137568667624237
-38433.8849426562;38.35980171545651
18763.848447346987;-4.267968482841965
-47537.03414991408;-62.953927752612714
-74808.2890625;-60.72038925948111
-48129.85141860999;-17.24930831891018
-23294.62713116951;-0.6089172705552812
17521.75512246028;-58.03520317216175
-24031.91247374932;-118.6971206665039
34014.36328125;-90.6596848585675
-28070.37633220447;-41.68414886383337
19426.408924124786;-47.460298173875145
5602.9736906605685;-81.36184159789744
-41675.57546345218;-71.03471228010207
-29829.295081918357;-40.17789554342737
13901.916546301341;-35.505597654659255
-23310.110839053967;-66.10800838537399
-20167.748326846562;-80.8670657794098
31772.580872023493;-49.468101071413514
-35119.85212160863;-24.624038696289062
-36021.14989642781;-62.914774379531735
-50082.61315357295;-105.43040428588878
291.10217656578607;-99.22465226464477
32966.191438675916;-68.6468048724365
-50210.5;-67.5905813166579
42927.663297868276;-118.18930411582558
-41888.72020749725;-139.6050262451172
26877.864071274074;-109.48861871199492
3104.612797960792;-90.39062302320751
18027.789806031025;-125.78288476268565
49562.5546875;-139.49624574601705
39292.02294944227;-103.53902722088989
36487.568534021935;-67.34912511206389
-27691.26485333472;-81.05741723901414
-3366.7792286852055;-89.38386624891241
15234.656152006974;-65.84258256223556
7208.687019989149;-45.217890547437094
-41415.93082401645;-62.225635366160134
-5590.549549542033;-77.60232998630869
34151.16371368297;-49.241043947546814
16517.77619340486;-35.49695587158203
-36144.9406658185;-78.58594041140321
-28434.0437147845;-119.71392948347267
-13678.924282624284;-92.89809463477226
-49615.41796875;-45.45756777127342
50133.0859375;-68.8899072652974
38005.09010136913;-131.88922118523604
48856.054247425476;-137.49050903320312
40076.65163914199;-104.43839732793033
-39103.87940897091;-93.91283197205334
-44049.14277136915;-103.31160310677774
-7060.886394133202;-84.82532995919428
-39626.31152644763;-30.261040896794867
57474.390625;-53.553848633321024
-46182.57421875;-118.88679504394531
13369.486182983259;-110.5674092603071
51122.17084881512;-59.617429280581575
-43927.030045234154;-22.39075469970703
5079.649567698158;-55.32227028396695
16828.72538878912;-101.45731371280806
12599.184631438926;-69.94377485591869
53640.281875629444;-46.39328702874889
14793.04141170995;-65.49106288959624
-4641.650916473227;-76.74800170657218
-18869.294563580548;-61.85556492502938
-4440.77145641957;-38.88522541622301
20908.001983107053;-55.29282113075053
54018.31487525797;-100.86391327549723
29027.01197094495;-95.71325637794564
3994.584137802034;-44.055024263365254
35056.55922861844;-40.53437799634243
26053.363270938076;-55.070480023966574
46610.81092257454;-57.76823806762695
19065.896969273585;-54.48013822785062
21447.70848719748;-40.444111083640706
40518.89911796739;-31.447744362114236
-1608.3484498504586;-10.848073528193282
6115.460984946745;14.68767081221769
7115.852183360927;3.230330081732127
76621.02883069284;-20.889726404035287
-3199.2588837473704;-19.263725719544453
23120.593313680685;-5.345410980099807
23724.77494792779;13.143284061697443
37378.06544646672;41.83058185235704
5496.0989076281;42.899410487625616
-22860.96875;13.632967665520937
38853.604513019956;-4.521424146742966
53722.84850158887;13.038127646773802
9787.610163951154;44.64626257434212
76010.77501921712;45.0872917175293
44919.70956440549;32.43870145081928
45498.084445431;45.01509477593994
33187.629039708874;52.89414544530022
-10624.914927985854;51.22328186035156
44791.43497542784;55.502415438787175
56407.524945483936;89.45426214371057
56453.590074248204;118.27064184834444
-39728.86328125;95.6791474025716
-3778.1012893235747;67.5822904547617
14769.255055462621;98.87139625326957
11082.509250029092;132.36720740809324
42228.67831184242;111.48711304061126
-26905.8669375701;84.74316155809717
6277.916319915996;100.6866710957498
-13210.704155953397;134.23948669433594
-7130.107159070099;129.90334867213787
-20390.722226010545;85.95925635836306
39810.259051718385;72.71902422046816
58181.032402908226;115.36721551270962
60898.875;112.07869249032393
41027.913955387194;82.64666479305545
43438.65569405051;92.47929795937196
71603.8671875;153.31808444379462
-26378.225085153794;164.21481494540922
-746.252504186763;122.81542309597974
-183.31676818044798;121.83845132670652
-31981.827215464968;183.45416825165532
-8009.227294228949;211.11968994140625
34841.95603516638;161.92668909136964
-17752.062777527695;99.3834457397461
2541.218607719369;121.33547284165311
52142.11179138643;161.04690299547963
6621.582864131116;156.19102934994712
22056.32412260477;121.487218893076
54132.62311935646;131.58259384223263
26488.063299203466;162.53537830887495
-43571.680603830166;150.93788795181308
-48956.36328125;126.56644908620851
-21528.883254720356;148.32580985316287
-46132.486304878475;191.30574765392964
-26917.245250676177;172.57448786817815
-42960.913726856;123.9714211056957
11693.343650218783;105.0219043344946
-51395.061969979324;134.31643731033748
-59369.63188418893;142.5094757080078
-37720.59764182524;105.84256839092976
15055.835663310267;95.18073674061331
-43623.52912872516;107.60631600393128
-41333.99725726817;90.40864326327628
-55728.170234272475;50.00340713663584
-62250.1171875;72.01397985467163
-17705.764230566383;98.49059729971644
33900.31716623242;77.7744974441792
37835.6048241657;22.38647471814661
-47601.73519232383;-6.057922840118408
45925.7242920898;42.77612257333395
-49158.352751648956;79.41809258482972
45800.270490914074;71.90969657678208
36363.17336826114;37.24910884518777
4001.044788654559;46.04517663239334
30661.628246406442;55.539488975902856
16510.109332202555;61.49270392672807
32965.47456556425;77.04222317130782
-46043.671875;92.73741215841994
193.42869779427565;103.52507781982422
-13028.09399784368;80.46320040520595
-20103.265224027316;54.93615406774007
34035.88269984379;54.228903948131084
41523.07610469851;70.266310735054
-17013.80682588189;70.38998944866984
-25963.60817083022;52.251245294487624
-33037.36351323836;44.05963185480597
-7904.010614301835;43.94555925486904
-14391.590073652133;43.12303577111326
46744.85546875;34.08968662031803
46613.17827762831;24.834196090698242
30436.70614251762;27.77486764065139
23756.56648969905;35.167972880774514
700.3150894240025;45.470529801394356
25938.443387747684;56.81294852775508
-27982.658434696114;62.306444787875805
22196.26256909581;66.62679441496091
43942.56806223678;69.89527504905504
45053.24046129681;84.06557032152969
19394.441364644692;90.51888331522325
-9707.965248716318;77.2993259925876
36839.14678473197;74.9559241614518
-8154.418769026386;88.87897979119191
22313.225659819713;104.31891632080078
-240.22407619518344;95.2904889805584
-49101.09164112331;91.19849373414081
43203.28219535851;96.25914284653757
-19655.196075462736;97.56103275272413
57497.3046875;79.2903814729665
-52314.54412380406;48.37467658146841
-56767.6953125;64.99586918191994
-52692.905050956375;91.5735335786753
-22521.672408358638;102.22275413239949
3433.5384745418414;79.27127116241698
-46117.794192470705;32.10821912059248
35651.7560409959;26.045473098754883
47058.37901532983;44.19190735994058
7798.353327328179;59.85511924004131
-13046.256664241082;50.935095051713986
-48973.96306568918;57.96847449658857
9403.081510408723;76.95685706723398
-28857.549056358148;67.71390576017646
16572.103529990156;41.70286331706246
7639.903275637458;29.514709491461538
56804.931548652225;71.33042150064446
-47005.13689148953;88.32362365722656
-6266.617218495361;51.785961111438766
44268.83543775941;10.91491142053296
34224.11354387608;33.16740378879972
-53660.0390625;65.14388827584241
33527.94469974555;45.68920430553681
-11451.642314247183;32.108846013709055
-8933.297875673314;49.554950104443876
-29572.259927814186;61.38801809409666
25162.119098244802;28.25783962686021
-24823.815293635744;0.5115664005279541
-32746.317878172016;22.0498672572462
41176.95334584195;61.73166437225012
50655.76171875;57.634216540092694
-23248.1052732408;27.200834528317984
-20994.0468676088;10.698439013980902
-46748.810117291214;20.305088648358208
-43382.02894442198;43.95028698741599
14908.748019277205;55.6392737276354
-9213.491970472867;45.669601643813465
-53517.34375;17.824435243819906
-49662.554163499575;5.088397642470852
12327.23119928682;18.560564099638185
-15013.956795685255;24.16724415217189
25830.916781687265;-1.368696111076666
-14551.382045305203;-19.634103428503632
-47855.17446871567;-13.415663322276195
-23605.76616270991;-4.034222059313613
-38459.025501373806;-6.615715033142088
2695.820846871946;-31.329812806675722
-25292.33595705092;-48.4069938659668
-23761.547350123124;-40.31966040889479
-38110.83984375;-44.31192422967465
-18179.63560512244;-48.53670537536893
39158.15066386103;-38.22893403746238
-3119.8248103441583;-39.50299920359664
-16989.899446279796;-66.07049439034674
48837.07773439883;-84.10791015625
-7397.044303219514;-61.28998717466578
13218.5705845439;-15.748867246154148
35366.821084165276;-14.817394572028732
36110.92677977748;-31.800193818752703
51837.100884059226;-47.35736624389149
12191.260482392725;-43.95038653073445
4450.340036994152;-17.501298887305367
36923.057063234824;4.96140146431577
26983.13769647482;19.355022430419922
-922.2141458775222;12.217415719028367
52867.1875;-20.671463513820356
-28334.734790576265;-32.01806369846339
16004.802172405252;-4.623294475710367
-35781.34477427747;5.321360396011698
-28493.96860235479;2.028934866027157
-54643.484375;-17.867887128686235
-2179.968687592038;-33.18748309673612
20667.74435854623;-44.89168685591537
44609.709802771744;-73.10764148378152
14609.533692553669;-78.49585723876953
34264.52296958925;-55.19774432346317
-49721.079995629654;-24.16927731776763
-14509.353698318817;-27.80413328011806
58822.87109375;-43.96878054508208
38345.46110612668;-41.047595543657216
14097.03573395584;-27.93226965719333
3888.630450534263;-15.644153293620441
-936.8148555878433;2.612847470420803
25401.424827486975;26.619765408282774
-34359.99253387316;27.7989444732666
-27851.614742085218;2.9696829508835805
15799.013751866878;-14.721246982787157
-1684.7848492171106;9.983122121433894
3608.1417029232907;27.550781616399306
39739.15186809041;1.9153397883443972
48407.27734375;-16.807773147987213
17944.03532523432;-20.76577569212567
15353.97090674068;-31.652296792737957
10512.592672672778;-37.53693389892578
26323.655502713766;-11.217770717955087
15854.803137851151;25.10285861845707
27641.379139907338;26.53459899790117
-34221.93670806852;-16.441781636200055
38515.43557524767;-35.87385926203132
-53780.326781887554;-0.6178278765723633
-22884.32681610166;37.88609044682167
-57811.296875;21.446396250696708
46232.14189342555;8.670069922554518
-32727.544096146656;8.833500094484634
29386.998275525388;2.2997459673912815
372.76601303807547;-21.707225555779424
47027.962687843814;-24.77211673782092
11653.647335138055;7.779260393865023
-35585.043201155604;22.880438463548273
20756.64920487361;-6.400846005926766
16294.098386071535;-17.872444215581805
53405.72278762264;-1.1129413940837622
-31795.136189921453;-5.7886994129301605
2819.4271345551533;-17.862314130118502
14807.212017449914;-4.52388588508375
27500.60582591193;28.031314483832574
24369.82091488292;5.202443314751179
46413.951771814056;-36.83596420288086
-34829.443741154406;-36.13409399578073
62194.62109375;24.52485775846432
-43031.91103675668;58.001895904541016
2159.219319480151;34.44655289223434
-54987.53679971942;0.9651732809590854
-61776.89453125;21.93879165519025
-7666.337676220552;37.28731828715712
35281.2211365236;11.6321532738148
-16869.521115589807;-17.30226511950459
-14773.503181196975;-5.4558537477074225
-27377.986481611646;24.42355690383131
-62296.7890625;17.97586158083965
36050.68990470357;-21.845349719556616
-44893.13059317254;-34.613137199280075
-31093.88646440922;-11.067106640618661
-22434.303482614945;-11.985228315832977
21336.409915916738;-20.553240866548578
-7962.7147337164715;-34.49015943360917
49120.062600913734;-51.08205003761978
37168.86732107808;-48.849919359346444
43877.93181932517;-49.09755951761527
27394.702348685416;-46.07365418365252
-33488.4400313077;-20.33760861989274
-9539.308936546775;4.030519879144059
20847.43201036389;10.142346370295499
55514.52734375;-3.9209192162900024
12159.085622360624;-44.43451218368274
-51774.77552867357;-58.71846389770508
-54039.89376763159;12.696240791625584
-16999.817422003754;51.68187713623047
-14423.69485341102;28.4913028591658
-32700.022955641347;-65.87014684311278
28229.39437257759;-98.2779541015625
-43213.78602137822;-52.36571480426258
5316.952157229447;-14.802312957067954
2076.408746557121;-36.37120414955316
47136.16487195577;-56.39511474628934
-41957.17529879528;-54.366266601322216
-1243.3479474871856;-58.56261499600316
9610.67217637028;-69.83446518495231
53374.2109375;-58.385762821581345
19458.323541024496;-26.882023878775968
-31985.30310339862;-5.5593109130859375
-15076.867707268364;-39.1555647836503
-25873.278170491656;-62.335932989467125
-51745.41670092051;-51.21122380963694
-64606.7734375;-39.73988436793999
48734.83295455412;-38.466548712102885
-19955.68584222503;-39.29280207100163
-9175.478096055107;-68.65592229460529
34579.059155600524;-97.31870790749855
5701.296186187705;-90.40500335188102
26689.87565006809;-78.11145171469524
21185.300743101863;-77.66514805926393
7133.8748291678785;-82.13570130672112
-35473.61870150418;-80.7197442357001
11645.195210334525;-50.8455869210928
-36010.1845205113;-33.16350588622585
23713.584990591713;-75.20343105456912
47810.425994998775;-93.70671081542969
-52173.14453125;-61.97874905415718
61622.22057228882;-36.6897745574547
-27508.48144653443;-37.40667916607383
-20666.833139453374;-46.781874690060356
-8700.894437906274;-63.380612325532994
43613.40468580718;-52.71724351397526
-14920.890436882;-52.494561479581115
-35218.359234209536;-75.80664567938365
30265.244651154368;-56.61370932255134
9021.405719979324;-32.131839752197266
40598.91192918466;-49.09231824523002
-23150.19506406026;-96.16475544470028
35858.861606427585;-109.98186492919922
63867.56640625;-76.0172539552465
-45619.62557526198;-26.853822548344965
-17278.327957744263;-44.20262441455556
-29722.70186247549;-78.74343825211716
39902.31235962678;-58.00209503588279
39600.10873339603;-52.94170117929041
-25439.514154389326;-83.75287539288017
3264.7654722882435;-85.77154528919704
-46772.7265625;-33.89564870122507
-43926.27229532094;18.456497192382812
50538.52937221757;-37.40186272502203
-31968.125454022433;-107.89655932756703
-19297.520901721815;-102.37951490219619
12967.35899155162;-49.79022429261321
43675.63696647447;-22.520541829163818
-25724.83489647311;-59.31325053164588
-32378.379538793793;-80.96201526437996
-14447.068286297475;-61.50046956493678
47351.791187530034;-48.493885424116236
65300.04293996007;-80.95446580502717
32021.770200094128;-91.63450622558594
5332.607900872543;-54.62273997295968
17752.10157710358;-9.51429473507207
63051.84716431785;-10.688549932934535
8226.032754586355;-59.53756616401306
70003.21875;-74.528259536725
-31887.00390625;-20.665931194772384
-14753.451037939278;32.48426818847656
69749.79142535983;22.98416484576991
10289.211035552631;-6.0597117013605555
21307.85796638005;-24.88188614709793
20712.381491918793;-24.967114346942793
-21838.53274582421;-7.423362898878267
-26322.486146206073;-2.6619474675456303
58686.05619751054;-1.383524469872782
45832.78200855186;28.255055516175133
-23617.188324893854;9.430987110441208
5966.953596904372;-40.435085638785935
10354.022645687735;-38.228397369384766
27136.523408650464;4.618106322347167
61735.170713866086;36.103676111154556
56545.780565240944;30.815336418693207
37300.43560689871;0.49343605185863737
43241.864102031;-3.6977296141711946
-40612.039322145756;28.624899859685556
39987.914633053064;57.52497221009284
11670.903646389655;74.70816471673683
48524.03820249793;79.49974468956609
27439.292093607888;51.88068657679274
-44401.53125;40.65274346495082
42042.18388260291;63.25726645513876
-15887.557839251382;87.37749331428292
25959.63223002563;89.93952178955078
62273.96875;49.65700232001444
9297.587825594346;32.92167585981039
-40001.61858634449;75.66452496437499
-24978.7573311182;86.6695129264608
-6612.418232329786;77.17436159254814
27907.043602247504;63.950383883660294
-53506.79296875;55.77278140297953
37941.61328125;47.45626344831258
26875.817487272827;45.44617327653657
15000.669668011076;61.48505264050786
6729.929230318427;76.36239780030552
-6062.019072757081;75.0786849262404
31477.960555184152;59.511783437740235
-22515.587572982153;61.03315892995039
-26597.233562563895;67.69440695964941
-44951.3838876814;71.19742005667456
-20676.40486724925;88.29071807861328
33667.39732703159;85.72831337171148
-33958.150689074566;49.32911182651188
-34887.510083625486;13.390172393917112
-30752.837582042335;19.130896198406475
-36210.38201460788;61.627315475313
-30637.01651635506;65.70942199401549
3844.1706298209756;6.457788137883604
-21623.904910642756;-21.392253875732422
13699.14276940214;0.18883080243387695
38453.21799717036;10.842170742574048
-21195.531586299672;-5.114029629060894
-65912.1796875;-13.437844314991978
6748.260785193561;22.518368459909865
6653.019502400464;49.68981388206248
47570.40625;19.59646188594688
-63404.736460510954;-44.57310171916348
-27460.676334397984;-9.908318316586872
-6253.040145907085;50.87267175848426
-64357.14928844188;72.28601837158203
22063.059058322775;12.548838467652828
40908.71143354499;-52.54072570800781
-50348.0224194216;-19.957848358456985
30764.64898623711;14.360268162463
15557.213613711006;5.672643727101061
28565.44118356025;-10.277842355275801
-39125.13598702105;-11.533081228966559
39220.34323857653;-2.847361556690643
14265.395487099246;-19.487371876208705
26918.448533871735;-39.18374928550011
-43924.79329479736;-23.26511212147912
-8535.87313121814;19.48606915557906
-22427.822836714528;21.849361419677734
-54429.28061435667;-4.267950927283138
7576.373702486497;-43.85546153534771
-62383.109375;-54.39093897850341
44430.95828453552;-14.92641795984349
-2448.502605994596;-1.4694647314449014
4073.2009677228634;-23.2556513838326
-40007.411050466166;-59.308630407160315
47514.890625;-56.70881970189883
-50163.0903619686;-28.018186715086713
-22872.217654671622;-32.01818659203197
-12345.929834608753;-56.40418394968115
-41298.67146490753;-41.302954518318785
-27988.627426698353;-14.341744373289046
11435.062291615803;-29.537581181116536
-369.07025027085183;-76.39093830170228
-9530.311346495713;-102.150634765625
-55347.24112114036;-59.87350170060874
7613.0735395939555;-28.971830368041992
-25097.40049153874;-47.486630506757365
-23477.289351710562;-75.11820976840467
55499.54439823222;-91.95429277028586
-47916.95264135316;-91.11406077984128
-60467.4375;-84.67868728130108
-19900.141304036835;-84.3555211311301
10706.338835327842;-70.77904913583848
-23559.728635374384;-71.11269635033935
33934.50308678034;-115.1156980952436
-14475.278007289155;-143.4495086669922
-13950.175613517407;-129.9830878471642
40522.477146524136;-90.40484209352007
30782.09656580935;-72.60974170545578
19731.648238175985;-97.1197106408568
56979.8671875;-124.27090778738506
45253.77516549139;-102.8109285719762
47010.09033919893;-87.46140986088159
-455.2233094176263;-79.29316705980288
55558.2827835551;-43.49933695408606
35451.832711776995;-25.331727570103062
-1033.6129645608598;-38.774653940431534
30165.21553566183;-62.68999208942536
51320.33664139273;-63.74722703041569
13471.272524865431;-21.240859533509905
-43975.48046875;1.825008749961853
-7512.531035714761;-32.25635343982327
58038.06098760519;-41.97397310887614
-27470.15980564478;-29.43311535735284
-12378.641510096382;-45.82288688036704
14047.522449463257;-69.83816266059875
10223.161088018242;-53.800802784581336
29152.884587044027;-24.396784730495945
-15318.727461723112;-28.492912642417416
39272.73311271392;-70.53772607926399
69429.8125;-84.35015869140625
-6212.940364925082;-24.985890767266675
-37629.809377157755;-11.181347968116881
67576.4681479151;-22.324393851141778
-28609.379891783272;8.115641303671744
-29131.530171003793;23.830429954335557
42458.270347381695;-12.112571368565415
-15352.126276770457;-25.84002113342285
11790.223282952356;1.909479819986494
64707.23571936418;38.803018333150305
24705.160853884052;44.529028325178814
69431.828125;-18.57101583939234
46723.81220542485;-19.373438501720386
52469.042770141255;30.26934283906119
57321.41213232349;29.442505694106536
38424.620003070915;20.64189852329978
-13558.516405248614;51.192554450069295
10793.24752323221;68.42592392010849
-25239.854222855694;72.41362274912208
54365.18970555837;52.960162992236135
-33947.6171875;30.126111207651725
62281.05103827307;58.69919404166551
10845.304801825194;80.82522583007812
52451.6903439436;72.27039111771262
-2411.057819104397;56.580492999259945
-35024.973320981284;64.19749491523335
-40929.2738828795;77.31823019033007
-51262.21484375;88.30899511152117
-25790.89290888127;83.25326289694627
46199.412227336186;64.98739167009504
39948.19043478386;54.000556583505244
32256.16659339046;38.45216598345427
-15059.573501326602;30.958953857421875
18301.301588083094;48.85935046635203
57518.33984375;75.77871748527005
4990.481738248469;84.66898581206527
21918.245901936403;63.9371433728971
-17428.26534890286;50.58847769092487
13323.230914725566;74.12720449407293
762.6904728127774;95.34241658920124
6418.00450553339;89.4791033640588
-27405.985528146648;66.1506227120804
16447.18190080722;74.23920478021003
24062.84987325281;94.51125657102588
52476.48664290673;90.51111742206447
3299.2967551910115;75.15848936787071
-45093.84581810587;83.14280580475284
55029.375;107.76623655166647
-27085.37742967868;105.75758591551592
-13908.079811982141;78.45781676883564
-53813.057981353195;68.37964267994401
-69081.1484375;109.48294839577565
24491.30025361359;122.37574768066406
23591.729059533987;80.57821431103073
-8601.556683958901;38.54321876605277
48207.78459773744;30.83547592163086
44745.85587610057;74.87074108480603
1935.7362083756161;94.05349434367628
14758.886850718714;65.45746108687939
-41539.11922592185;65.0956804785602
24521.601599098372;106.79822897805566
-32170.321968844415;111.15077096849036
-17375.690035897394;70.03349688940315
-16540.50920097297;43.20446158443549
-47359.616902163856;89.00146553201839
-7524.394357795194;117.00125122070312
-66403.05131538352;64.4217970815457
-67785.6875;6.571848732735283
-4078.0663780561445;8.928740732116914
8570.908919535083;49.4567877650461
-64759.18832125786;40.20033970939144
16049.45929462665;-30.654724221679658
22981.299275531113;-28.302395420747946
2590.6808875569404;14.81526673250859
-36436.60445311546;4.399766270575256
-6330.214657181772;-32.51194599079548
-13659.492569696646;-23.750604966956708
5964.238541789848;29.78483924745811
-37636.381871075515;40.79355550788053
10757.750496283421;-9.456385822594758
51302.0172378913;-32.52107238769531
3223.222947725604;22.180269030673053
54494.58203125;34.126722572553206
-30426.521928621973;1.5523304378276563
11409.907217293687;25.309033172343845
-35404.95241806734;58.23004913330078
9792.960348826557;46.296544420456115
-4813.877512054816;-5.931236738353448
7419.767012161625;-27.242847348444087
2036.9077127426208;11.17539240606908
9783.211315166554;32.26054897477739
30839.73130169073;-12.240786496868296
-40273.898371694464;-34.48937667267845
28116.965472359763;-14.56973127108467
-27818.811511486405;0.8935479033064979
-57084.01783973777;-11.187463570438581
-59628.515625;-33.795471628442705
-56925.24786298906;-12.949234461192816
-49126.020934982225;12.706554135415615
7123.117845078508;-21.361274952541706
31640.544780905708;-77.92076873779297
-4719.172613643299;-76.2774187677616
-35428.62864267021;-42.66249776256893
-1127.3500694772956;-16.333579721851578
14252.137607899625;-29.348227771327473
42363.38069414589;-52.64132091311964
43744.31586716915;-66.67372471303867
21999.603499352437;-66.78733696203976
-36820.573143926245;-53.21583739954562
21510.712315243814;-13.071982053636859
2682.9290645528454;10.692343711853027
-10498.890698017916;-15.989751175710374
-61670.109375;-55.672702284194244
4280.946517087024;-60.006751373929106
-48723.61410030242;-35.0688627181893
54507.218800903924;-21.488325817706432
56378.86937887204;-44.08812603093512
-40793.72612522698;-63.98447113725145
43510.81560013219;-73.91521453857422
-37708.96869116842;-64.42600965041478
22692.807417118413;-47.81796452370962
-11728.4155416344;-42.3348824611228
9645.979996428388;-22.667052901092767
57878.37890625;-27.33290139984218
7180.742391056076;-57.754155041297096
-52749.09765625;-64.9013222039599
-19194.415482147153;-44.77356332637831
-39417.02710311871;-3.8031251739239735
-44059.40291162078;12.703185081481934
-52132.28935773081;-30.401830211602373
12615.491580527378;-71.96905376692368
-25839.476169216552;-61.970352256091054
-1409.517262627989;-47.305318465503376
-1928.4441434980326;-74.625054331219
-8997.657640380377;-96.66537803232308
-36869.00289764903;-92.66508270389055
17316.906974278143;-68.2905744577846
-40661.5194132292;-86.10655370309995
27917.619873009622;-120.77713775634766
46521.30391953031;-117.48157877396281
36643.04910344725;-83.61757157919743
-40481.2933108911;-87.83376879399138
49069.328125;-104.26675388044436
-43576.21051655915;-86.82554772088848
1734.0423826992483;-54.834213475237746
24010.923914375555;-59.17830421133888
-28277.181961486596;-72.55417681684804
-7787.270400193032;-74.40961896175904
-21643.18296502102;-47.80840344856419
8690.305663019382;-39.967769622802734
-29011.71226612808;-65.5005515199245
-16141.463884801211;-82.01300489421176
-10809.586792018265;-72.51818058475982
-3320.5712946953136;-73.67824097342111
-49118.390625;-85.73861491534257
1069.190842134427;-94.8767492886476
16511.74693062475;-100.83576189161573
34459.83524403839;-106.9093079603191
-45843.488713396866;-130.2070510832359
7929.645821849153;-142.6290235384072
-37103.15874453051;-120.1526489840489
46011.99367158173;-80.56824703358001
-40909.3612322182;-108.6665785631713
-42960.52984972495;-147.19400024414062
-42726.53515625;-141.09908714053446
26358.917170381028;-99.29526311618443
62592.1667025895;-91.69831507369022
31998.21384158652;-132.80678268367654
-15016.416277476197;-151.41831970214844
26414.96660828014;-108.0768260810869
-37148.712062095154;-71.5455241470926
-15670.929068427267;-88.3236858771777
26778.38393143253;-114.80099429421223
-21859.87184032096;-96.8722686001542
67633.00002074304;-79.40412692282676
56424.92048730192;-104.4620480198199
-23456.3767972541;-129.65079648343303
48375.49798643404;-116.29385999824565
10876.615985535653;-66.63680966528283
52571.97364333304;-58.102564187963324
11118.894200970586;-102.02830056954693
58773.57273991364;-114.80099429421223
75761.9765625;-59.51299072946908
-27307.51559483913;-33.971187591552734
-39729.43970007458;-62.683572662816395
-21547.828345901555;-78.97261531141915
15462.408472367395;-42.19284332033938
19378.817487868888;-25.2038646921755
-43527.4296875;-65.03394939891658
-4141.947436516733;-100.63956843020006
42999.123044550346;-64.08551543844621
-40939.37324780839;-20.96697411767242
-17446.06780819403;-68.98299647886643
-22254.910078761597;-123.10171508789062
28066.31198237746;-88.7944980068581
68943.1875;-39.484215328428306
-11655.548957053783;-52.609050353453
-2478.932390057067;-95.36519878540076
4813.277034511666;-78.7303297800326
43091.798805653365;-9.225444519709342
-29768.511599298647;-17.202229706896958
19735.79078989532;-97.274491605387
-33950.93437352176;-78.32237892803988
30287.097813253422;12.607173919677734
-38443.68739348325;9.701495295947296
-28112.880494166195;-71.14620582357507
-42444.47265625;-90.68988541954005
68672.97400496546;-31.61767472381736
-10662.121681648554;-5.154437878339451
-2223.2683243979263;-77.36271907023945
-4337.389756772245;-118.96263484953087
4246.049052900977;-30.81790319037553
23197.322743609227;-3.1231597358809893
61062.842143307775;-73.66584003512632
19681.427717625586;-138.24916076660156
-1630.8206169102123;-91.60997656420763
63030.61488603483;9.022043373731236
-22750.87609395743;16.359180450439453
-15056.10884551578;-55.71462588185527
48316.40024619854;-68.80115300870435
-27400.532655401206;-6.081606647196793
-26391.960962892354;-9.018820685943325
-21518.373273916022;-47.0421770413474
73107.515625;-26.00275953328179
-9792.21988544353;13.89350754833346
54104.0579399267;-1.1693707098620223
53306.4860514914;-65.37701416015625
69409.32200645609;-64.80964500987686
-26844.025915102276;-4.496317439321295
-3884.5690092642762;36.70748731092941
28388.217560553014;14.792026008114433
56070.67355524661;-6.050511531915404
53426.66811687207;-3.803111551431307
-5126.970620212411;-14.327036607391719
56076.91677942223;-13.402026202850621
-30468.217549048968;32.24580228091138
-32874.98046875;79.29991149902344
68641.40543285498;57.748714436660194
-19923.41191642888;18.99320691465789
-27958.441430450224;8.705501699475278
42635.25512931503;34.00310128333312
19913.040742150544;65.59474540978445
64636.377124195555;50.478883262068706
14539.185532986696;40.771793169545546
-34426.82859577185;59.05184782809776
49263.055147483086;52.7319452709706
4957.028968860628;48.264719850758624
25792.85346543636;62.059424877385034
-798.2471923567355;72.60710763728997
-38525.6526416035;86.21436817552092
17478.049624944208;78.14216198171613
-6608.846901632169;47.8063878436497
-31724.11055681736;48.966125033141665
-7658.3671515573005;58.45444410379221
-47828.14453125;76.13469197696466
44127.72815715172;81.03848165724608
17229.093658682898;51.534719183799545
41496.60529803709;28.607234954833984
10123.272059577379;33.068413778646104
57587.621967044295;49.224919359055406
58804.740024321814;60.56228760878124
25366.536712753586;66.16022655576586
-6099.5448268623;77.1710785998996
-35329.90415966092;107.8587646484375
56497.84823645931;117.92769023961506
-9030.391365908348;94.38656800240074
-30347.64814709731;76.2299548270854
-23434.797188410786;94.14955236649323
6747.604760148359;127.87262322933458
-10793.110157394447;128.45239993870837
60465.62845955916;81.0298253204125
-42686.6796875;50.3612174987793
38132.3139598815;87.72946729539832
66292.578125;113.25179715583958
9770.833781772628;108.07270164506045
-31894.184445287945;70.82721379319352
32312.01606346514;75.52620070815999
-41145.13221607772;129.6362626534464
-792.1754290950121;125.07826965522493
-32650.82317182207;68.83020512757275
56176.90038102836;61.55078644321316
28329.269360060236;117.59100649014644
19770.10556781594;130.01427220609892
56103.730921759125;89.10294251886239
70780.59375;54.31133270263672
68024.79513782922;104.47023014701108
7795.094094704182;155.87895466406962
-28099.18282882025;140.36700472713997
67869.78146589462;125.82921519512172
45298.068458083304;160.73732059835118
-41158.22350224454;183.478784348751
48921.94363308788;138.73994958276666
-25405.38968542331;137.9005134891728
23652.992733614417;182.04863396707253
40477.143260917044;190.14038337297492
15235.750347565292;164.25258878288253
-31929.742899737634;131.57883426581157
-19235.845542425974;151.96987695414856
-42093.47265625;182.07765151104863
-31955.578511726737;158.28741081408464
51725.96872097165;125.8312878768343
-38268.07970773043;142.11842077426792
18925.075739608925;144.1434308074561
45787.22271174363;119.19870639658645
-23606.377955765325;126.6715087890625
60774.6640625;144.7182899219209
57088.554752590266;161.4629017723401
22842.04577514153;155.8149228202095
-6023.33890161023;129.7990754946189
14689.68162351795;160.60659105589215
-3114.2420089190346;212.60943603515625
-41888.1015625;208.16002981630808
59117.24644673949;173.34503255600742
50018.6816902772;165.6159431796764
3714.381230306026;180.1837161490794
5089.81853336627;189.2005499718911
5520.621788880584;187.5154668621888
51209.265232789476;186.69980795616945
-13456.653255848109;195.05441067361176
58620.64778492844;181.00724314743974
51925.18191558962;147.38295052808047
-19508.264077854623;172.79033204596536
-15070.20726741081;203.36705023190194
25398.667276957392;207.5751682856254
-59451.51953125;194.9195048285967
-35876.132532230404;179.71070919699872
-57629.29233382195;178.89513101582708
23238.70728612723;189.29528586745943
-29924.211969526317;184.83924467709807
31821.586663625945;182.14313535137026
-14148.783314171844;175.47951412174734
19552.955957618367;161.1108253384239
36002.901195967934;161.4634249280282
53313.19921875;172.67098173846455
-28661.214081979393;174.99098483528113
28875.738729729026;189.85535709964245
30799.487555720116;208.83952340949614
-1587.6326614572245;201.71905575508157
-3752.280267089416;173.85244587058787
-54168.9534348344;166.9384278309561
-6063.187846075132;188.83026322030014
6370.630594543472;217.16189575195312
6052.300064303454;192.3286643658522
-35072.56303157045;150.184326171875
-59841.12890625;152.67325847254472
15725.779555209403;180.4342803955078
-31924.205764970284;166.13599956122565
32572.303854142025;126.4236224375293
-38909.53594359178;110.0151047030938
40088.28125;143.54220637215153
-30195.027763975573;160.4312307520949
-19984.643377149652;126.90270324729383
-26413.40391700301;108.62206318184393
-39912.886141699826;136.51853950042496
-13467.441634423543;164.75864223315259
-29815.340530952923;140.8388218027659
-9417.444482181963;100.99099028345161
-1811.5010351258534;111.10301737526744
21689.46135581816;140.75469749390845
-48856.12157012486;127.63986032660415
-51927.16609746467;86.99356079101562
19693.434897879823;89.09381684096553
36033.70955278224;129.26531307401956
18938.634976810703;124.93647575721855
-22597.17966371702;64.0402971582555
-54506.049443382915;49.06204200453814
-5757.454537673191;102.83860583259809
-29146.40634787381;120.04718780517578
-43724.07884504608;78.56800183028352
-67313.14146813343;24.81386359180992
24051.052149933632;43.569811245845536
18526.392827756878;78.25812095599946
13906.234379828122;33.29073645544906
18457.554708123847;-5.12837588588803
-47555.00024694958;17.005681035836396
-58441.02846798751;68.07486459383556
32852.72614394342;60.56229208240933
-26794.704074829002;25.40304499094212
-64558.01579630897;18.38587414037793
-69831.3359375;45.58403692869197
-380.07677378106746;63.39403244017623
6401.278453324325;15.019997012463492
3473.2570391657355;-13.556320190429688
35081.16015625;-5.004015798181925
38319.91015625;17.262960623460785
-34917.549896630466;14.098078840590276
-40256.34888843482;-3.7162828193096686
30746.02218320119;-0.20482553434381146
-31432.621438334965;25.57505989074707
-39977.83312753208;13.642960461465094
-11617.965773610835;-43.860008971351405
-67801.55764171555;-45.62716317983747
6478.595791044543;-4.748392281593553
-53964.546495366434;5.454638159212848
-42477.51208163415;-37.17034007651138
-75756.6640625;-91.61125782048563
16559.12561221799;-84.46075776351886
-59883.0064145496;-44.416053183504346
24441.121645765466;-54.8475949443736
-22325.156056815445;-96.53948528984117
-40211.09007728812;-99.21878051757812
33195.22015563963;-86.5383065150903
-58666.24068410577;-81.04832205058025
21910.10966856184;-93.48885916700208
39710.70255993072;-97.3567371398095
46285.6870121807;-59.174786892875005
12571.133772402492;-67.23898455761
49090.528025051884;-97.32779863144323
50755.21937944426;-81.99882959559159
-58174.60613860744;-53.658383735554054
7637.163445215454;-45.58092258781787
16193.749859805597;-54.978703179765304
36166.40346184805;-54.51327550354107
19029.553403338345;-54.72307968919655
-31322.80675369846;-65.36280459852989
-57473.39588538965;-85.61493737019389
5404.218586916715;-77.30355661316365
4631.976645710616;-44.5343132019043
5770.304978856395;-69.24418203315638
52439.9453125;-120.87409827213472
-45979.011708616905;-123.5533218383789
-51758.076990331356;-79.50891210491011
-66918.7890625;-74.01059551531807
-54202.29558726196;-91.01317495168588
5991.787818632307;-118.87411767566856
48177.412804326756;-119.8009469453753
-59980.34387255089;-120.97925378143593
-8426.129535813474;-141.00256189489568
12963.384923045669;-118.17029681386053
-67842.046875;-63.34502410888672
-62528.38439278657;-83.71312536363668
39204.42607463301;-153.90541715473805
43106.506476123075;-151.8176788680266
11472.682318052466;-114.19410434962373
33863.79068641849;-99.31422419706219
-30596.06007497063;-117.36208903771694
-27943.724318197426;-126.69839139109393
-1328.6588700617285;-108.98582997224436
5776.0045706236415;-121.07889583602898
23319.1826337283;-166.99490356445312
50000.78125;-166.42077553560748
-56919.81813829463;-102.82225716670308
21333.976752048547;-102.442668387301
26611.67535959388;-140.4948619024454
32306.09473481799;-162.86687161531214
-35048.39218049028;-160.16814075818877
21608.44561524123;-127.99268468828348
24269.62500721238;-102.96439460068454
-60346.0234375;-90.89936064078888
50227.98804741383;-90.99080859904984
59268.33203125;-115.43789610747913
11241.162387260338;-147.63164176903663
-48783.21723164455;-142.38252896485767
-19721.9701267305;-97.3372969023603
-37072.56772623514;-45.4903689220979
-57944.02612622837;-42.78554153442383
52920.19628003212;-100.1315400714451
-25517.06242406137;-167.1954083063308
33074.514847314465;-175.96221923828125
37847.48062921059;-140.73240136245997
31388.00609684715;-102.83230310541872
35195.42736684154;-107.64449788679532
55847.85865638447;-126.24298042022382
-51344.009197992644;-139.4500977699563
39765.12284784901;-148.5723419189453
28153.00652154321;-124.12952129324314
37285.72153636375;-76.97642800034276
-25192.14930286664;-74.16351871255894
-20393.062715298547;-81.41413267310655
-45308.7642380768;-91.12320666642492
28399.425547592662;-97.66633991396641
-43083.38747813635;-96.97161937414077
3211.446212080751;-93.01313009415466
37443.91646666711;-85.05361762358089
-48217.1171875;-55.65843200683594
36085.56961319696;-67.00647935533478
-35601.07149580752;-117.69555841624567
-6441.48674662198;-121.43996034620388
-36594.3531255007;-98.48299099751655
51466.984375;-79.17684897546398
-23698.424095579205;-85.17271257326529
25427.18618400849;-109.39293906681922
-23091.50316104999;-100.11771096163689
2397.654984077919;-90.15343350470911
6323.231402068013;-133.59469204989176
8154.871619359794;-141.34527132401777
-36047.01632811785;-101.78139699780553
-48625.975116685615;-74.60561211181123
19348.22850280961;-80.10594357311167
-5636.7008315817;-117.00235463902989
50489.50412309832;-155.4972686767578
54388.5234375;-136.73738592342653
-12564.710357171469;-114.15343969004394
-20452.635033675266;-106.2263461881428
36270.54895478874;-90.44128363717554
-25635.498463345364;-79.18510711213095
-44255.47804264771;-101.40121250721295
-56754.7265625;-122.36937465557709
-9220.2709974498;-119.69080210822028
50379.26651742797;-97.67960134118493
39513.23052466086;-83.51402597092373
32123.919018419823;-113.37578959565002
-48658.19841680463;-138.29885793836036
21424.0874157403;-115.33843031007275
5652.592767864291;-91.11283424832173
56079.2284437396;-97.46074393569239
-4799.060939562383;-99.58494300084398
52996.24994629457;-81.89366003377548
32739.68723200934;-75.19368501372685
10680.668109123224;-86.66478931351213
43971.00059099808;-101.0769271850586
-39523.90234375;-71.8157898858683
-28407.67388135357;-33.762679598978806
66701.078125;-45.24237085809771
59591.7491608602;-70.4322160632405
34185.542552577666;-80.14084695980249
-19161.98021709151;-72.85159185548491
39281.69628337008;-50.60278022210329
-12336.311209341238;-46.98659697273709
-826.200636072499;-47.70468144701017
45676.202157408276;-40.22436649751979
39581.565380124724;-30.734703063964844
41178.165706088635;-36.57490878073584
-1315.7166750989927;-43.36612024370408
40811.67286619589;-36.22807698112006
-6772.323041045485;-10.116990156793928
22307.052083233997;21.136693954467773
-20948.218585545765;-3.9342855138054276
15621.274387627032;-30.521036888204286
-28166.491849829385;-19.976983610266068
12643.776643254838;14.222269581210227
-18180.201079902225;17.382775491516625
48396.1367768067;-19.505991599977946
44032.231650924994;-40.105350494384766
35344.39854395714;-26.86711077664367
6763.938186726067;-6.971436373798269
33036.91774635829;0.03363527128060184
-44098.18359375;7.874157029846735
-23780.199522862178;18.91163050903917
7387.581645536571;14.492342380760363
21581.067133746896;7.192900729251413
-27019.94733709315;-9.126411722457803
60696.3046875;-3.972600340039186
30176.153264789085;16.182867274830222
63063.23046875;23.006826163378747
-3197.9119048652283;14.340122203050967
8506.528920221754;13.97315773844744
51339.38894612434;20.200227572985092
-32167.0334696255;44.65433175587023
-34378.71298903527;55.27931213378906
-60577.41494527173;40.86236562163377
31463.374317744412;48.51085645332398
-10430.491947285955;43.51039931991478
22271.323823916784;4.398103467588708
17830.504157312418;-15.769085596394095
-27768.89533760624;9.166376294690114
55463.97724284817;50.879136377663414
8186.417410833499;44.66226000047586
-38223.93124120209;6.239721428839751
-64077.30078125;-18.570021154926582
-7625.151083192504;18.674606789587095
-13996.34015489574;48.99221416152305
-25499.013725580422;9.399693207370134
-5648.220004000788;-18.944913864135742
42421.046290200975;10.587163680050963
-51345.42904583642;24.07741259844603
-65035.11328125;-15.986640072925397
-1951.6384062089928;-42.58668215388974
47493.9874633897;-9.213403119455009
-63918.92799586856;35.41611862182617
-52845.19503300529;-4.747264862642638
22654.545261154984;-71.62126623888231
-42457.41494676189;-25.351848998351933
-6048.349414938719;13.89319300653733
-51566.59269371386;-26.871797855370325
8638.299076922369;-72.32782692827311
-21265.445093505856;-59.77840948487585
-45852.62250988037;-14.792796149471982
-34398.76452722776;-35.05440785505259
40071.182531503204;-87.4054946899414
10894.859421671863;-80.0212795276079
12235.664036928822;-48.26540599700409
48197.21875;-67.12514132151225
29847.547340168836;-78.04028576451486
24331.985312371246;-35.88576636153006
51417.09503296952;-11.281599630794204
35430.474289109465;-32.48014932140518
65434.578125;-60.823570251464844
39143.119236829836;-32.48959188251459
-15705.569106840056;19.61131279880442
42210.42980987206;22.063231166879532
23656.67207921174;1.2109087169466903
27880.53545577248;14.331347378462922
9085.369022604202;17.743259459327405
-1989.452434280298;16.093958785551592
17015.566008257636;13.618434014702956
16291.33990073378;29.42842883221431
32483.079149992744;42.30965594562565
-5072.541353891684;19.94967123855804
6677.59333615232;-15.650357904078248
-37967.23828125;-2.8808677637948463
21040.622218047116;33.07010990007427
-6883.895540029796;30.117735793200765
65071.676153909604;13.239157810141919
-17700.627534109204;-1.0248329639434814
53971.30561473816;7.902783604105075
-34212.48526468608;14.334653480629148
49833.00835497843;24.846457717208896
45384.72628175357;43.54870470324263
-32381.852727389123;55.85078821355205
41766.51465347425;37.47353183571593
8925.345804694414;34.421790758738396
-33921.443967599356;59.96129660295036
-52914.90234375;71.21933362978176
38869.8787854277;73.18399810791016
7471.861457113388;65.79074486427886
24359.145239553618;47.781509210011464
59943.6796875;35.01968288810542
-34887.56330289907;41.35530119077306
4117.136920279459;54.946023419301575
27424.550617153407;73.09793787716792
57966.665432733396;61.61342655890962
6653.845977135919;26.61069244742448
9125.113795594181;33.0538860385199
-960.1129054908524;76.13987247887198
41300.73085261563;92.9988847641097
38286.57469226375;86.78401463452406
6230.661172897846;68.51724010023625
49482.482968406664;63.73249633569729
-49585.64089716312;90.42818848323563
-109.28983178102499;109.14106827871908
26360.211722993976;105.7252438249203
-34940.271632258635;118.14085937925162
51907.98828125;107.27425312237006
-8577.947402660262;81.2906815105134
-32590.614888001837;72.26146394156426
16053.050804854152;79.75108868295696
43877.933302632024;111.47399869478701
19428.31210695498;116.2740442229026
14504.750676533367;68.8644724275521
-47194.76210476146;41.004669189453125
37750.68806638062;76.3670448150481
-56149.83984375;107.5108419284395
1597.3029614160187;100.46496833076912
19299.75589364872;52.451913752416004
35668.848568824964;50.36492658002691
23747.953661577398;77.66504820301154
-35000.238505727946;82.45387795094652
21653.672686959253;76.22541980310913
30761.559651287884;97.99861433295949
-61753.04448609214;122.48042297363281
-23385.404364885973;87.46752267007983
-35450.73244279687;70.94633090111518
11199.46223894754;98.00267725412573
-62709.054520482685;113.94557991042967
-27004.83084400845;94.62368115087409
30283.55463409261;52.113336988563134
-20297.285620703566;62.43044813668779
46267.4921875;81.89454913706157
-22169.758511803033;56.11802295141488
-55544.137590077284;33.727264404296875
-66414.453125;59.39815463962148
-54581.249785655156;88.2313518493319
-32357.45537109077;50.86195726936292
-53920.15016912738;-16.257393642875734
-72890.734375;-6.873195111211302
-18163.327221246793;25.479209899902344
39913.75390625;18.21517239180993
32276.29068862395;-29.927337474650116
33026.78290473505;-54.97396469116211
-71391.47125520007;-41.95958888867982
-8974.961511152607;-2.9753889445401143
29296.698885669088;-3.7070716139372877
-33204.155167069766;-9.108755750426496
-7000.61616280528;-22.205384470441686
24841.94233682612;-28.036748026878893
-13436.603309684666;-21.122592332172715
31152.27367687956;-22.067887056058325
31286.536045816873;-24.21014587837052
3413.3239919474145;-10.987068643342056
-60299.33400607175;-4.9740120750411165
-37338.74760536992;-11.658596193946508
-39173.66664751312;-22.702584942095804
-13353.980313415552;-31.47786635291963
7118.278668205632;-25.35433006286621
-8812.683362059674;-36.47465954079533
29020.618082848698;-73.25054116370887
-68127.8046875;-78.28234525390019
-39303.713741388055;-54.14326597500659
42105.50390625;-44.42058126545223
34066.85249218202;-54.26209407272266
-43147.26228316361;-102.49781402418269
40226.622627841556;-118.06005096435547
36699.30477571757;-68.06171423010704
-15276.909640415659;-25.913105046173925
-28075.842180621417;-47.69967091433146
-51522.32932452048;-79.32774958975943
-46425.632571093825;-69.48199292185629
27049.22250693581;-31.647975381185333
-52879.76638063114;-27.452211835639247
-31571.200548152963;-70.78910199673308
-61878.8844106089;-97.45610759251502
-59170.73861093335;-47.55255041239728
-45910.91666134182;-60.19784047768267
33845.080547704725;-139.37786991257806
-45489.63386717677;-151.09050826567676
-66032.375;-116.74999523020229
42764.611032298126;-102.33179473876953
37353.516340158356;-129.4014279787587
-52456.09152638087;-172.61781529856074
-20079.148130347894;-185.80934143066406
-61539.934065117915;-144.6972802184552
53911.69015999806;-135.59339481230006
-14613.905147638055;-149.33775237944906
32033.913587257673;-154.38584218840285
-24976.76765328875;-160.29757188897176
37894.99924585903;-140.33831899558368
-15472.809067025322;-127.9620281594002
42323.95597800378;-145.4500990620312
7648.51100639315;-146.9850342676303
31341.18890444751;-114.89151351653497
13912.90807061983;-103.28205338057613
30084.57512673526;-123.43110324129557
56331.55859375;-142.75600117004603
-45726.11864046716;-119.08845013166676
65460.9296875;-89.34246199768478
-13482.65443760586;-104.937056854988
-41534.62780114616;-126.96710451216731
-48873.72444623211;-127.42223180801784
22718.35692982364;-97.65737829389697
-9188.370165438937;-95.77555662504349
-44458.92373555616;-155.61654242557677
-50685.015625;-178.92236141464798
5144.2245143026885;-140.74590653110315
22392.25362562276;-100.46124541703828
32873.639174774726;-122.48657672918286
47463.21743663117;-186.5463331632736
53733.61684023273;-189.33840942382812
56964.52077261421;-119.76760381666651
46394.52019514679;-81.72792293912859
44223.45200141815;-102.02943014108284
-30592.44410475383;-99.81274797476422
63314.67370169969;-59.747396904813854
53327.76001054795;-34.79793167114258
66025.21043847469;-61.05758962850384
96.00190263832337;-79.3320083618164
-1409.4812832127209;-33.886351772356896
38211.118106274036;16.2417576852111
20346.16162411878;-2.0263141109708585
70878.609375;-50.20115366659323
56829.646105933556;-73.37858133330302
-8980.053290562915;-23.897859463057372
50545.45719564463;3.270204924524265
-20554.18146579924;-7.321246412183328
-12927.174587094105;-20.56889093805175
12720.814594571137;-24.281849159459355
42948.327601774465;-17.225641804502253
-5333.364691538933;-28.377210342986295
-18759.884526543472;-41.280533529519055
-37897.9453125;-12.830387841553929
-34218.05973032605;24.65303611755371
51338.865092928856;13.774385875685951
-19540.01363056772;-41.27101312382313
41285.15874596106;-65.16247121772669
-44904.076052840894;-21.131862947552058
-31442.80194703322;34.359670567091214
45675.929903513825;34.23282216866903
-38176.59004724647;0.7417511218350938
26337.952565652944;-27.92908078495568
-46552.073795663324;-33.866204603789335
18190.91974716846;-8.35420720404867
52099.33984375;12.783067381814561
-47240.57763276982;10.430184284251766
26523.86435690825;0.6303720402936648
-50160.022964939955;-13.95409991488188
42865.1957035184;-20.273315860670174
-40557.206289507165;-36.121631005003366
-23483.25644345874;-34.522103639533334
27774.830138744772;-13.19146259266067
-51151.02734375;17.030941797269804
-11548.66475906114;-0.5189982039464098
49767.56483478518;-66.54977730944788
-36534.89439904287;-67.0154037475586
38573.469268099376;-30.12727071371092
8161.753390654085;-0.40898174301954526
-27122.23987977615;-2.542505023964562
29549.195217606502;-26.529914733076907
57372.03041479422;-9.523198544031374
6495.092222643965;2.6363474058923764
-26297.994168342007;-25.697507690691396
31960.81593643184;-21.49193118731598
-13009.303289609212;40.66198172828162
12446.509654101304;55.652992248535156
-6635.026334850994;15.032809206341234
348.76297966513084;-25.236482251831728
19306.41434265038;-28.27156639099121
74372.3046875;11.412478885073781
51775.74891110911;18.193394714968065
42487.70555360576;-12.843862330040038
70333.66588097399;-8.26818484935783
-30440.696060680333;18.564776318493912
10487.480768808935;11.08079669433863
15540.321713251898;2.8553344893507173
-33876.4296875;27.655941847562758
-14557.758915875253;51.19647115931562
-44835.01953125;51.66737302652731
25874.165905889502;30.121273685033536
43350.50306108994;11.51909065246582
-29891.124027520542;20.077965980694167
21524.199417477954;16.79100857644834
14449.724073691708;16.53372775495851
-14918.774123212763;59.958052589323835
43786.21106994555;63.35883726610759
31998.975630374116;37.71807466866052
63503.33227068916;25.551030728750554
59861.16899666346;28.9658489048883
28852.98596643297;56.94240950592183
46452.03272412745;80.55922964098224
24099.32266981642;93.42171143776774
-34927.5529298842;113.70479583740234
71710.6484375;108.45314852359782
-20415.80863493807;74.83823973767201
-5222.937126148259;76.34606127937302
26601.531520672943;97.90463484251478
11433.860396893215;126.59769275436054
56197.84104493946;109.02537936083357
37436.10001225509;63.82752204598384
-2712.732521596612;62.90361404418945
13916.950495162819;88.54657643384215
-40286.09809340381;115.34685516258466
64951.47265625;123.52031497394765
54675.470329928925;107.94864447152432
-10605.411762524986;99.42368281887715
-38619.61947090442;93.11332169985442
-53599.45170064394;98.4914388050365
-52263.68225045873;131.60346798814277
-56125.03515625;153.9523162841797
25922.24771135021;139.5490768035745
26833.083588170834;98.9193540900781
-44947.4346394858;77.27906681797373
5089.4173928323435;76.71082866348665
31065.791486337243;107.25536613634327
-9729.67909393883;119.42316505320832
35738.213256072224;101.97450250503428
45720.23066986221;71.2868211602846
15530.282730386127;68.48703138487825
51934.31049221587;91.22270228062601
20346.482053447442;125.51864220236213
-21299.18692253258;129.95886883811477
-2867.2044518398834;114.98112200820444
47413.78507029747;109.48369855441547
-55712.34375;106.90366317376949
-11870.474741641745;104.43766250608024
-17125.25701806505;121.28747920703017
-53545.71110773606;143.54087829589844
1326.437046037172;130.2154469422674
-26603.248182479707;98.48291233887107
-52446.78977515488;77.9875484080857
46686.09874692907;73.31687662323303
1443.0639737102101;102.35058968665345
43223.42883798867;103.39115644238359
3783.815691091644;65.695556640625
49795.6026072821;88.77451953683624
36128.89784334277;106.47009369221526
-57189.93359375;91.00290900044807
26667.384703872696;86.2897124181469
-43739.01820941706;115.20055743329317
-10533.535457501072;153.14907836914062
-23940.931205199784;131.14768236433687
16877.14029334963;82.08462480465937
-5905.38948466874;64.52571158729707
51271.0438918157;105.16887598890196
31216.86056432777;112.76690983129791
-24058.09945767655;83.82829929873014
36814.15536836079;67.67154471115404
-16850.578098177088;97.30845800687277
21103.56654340448;120.26498781097641
52502.984375;80.91569652121385
-1339.1753024312784;62.16980743408203
-27087.735700290115;84.30308964663794
-30555.91597360244;121.43391609442195
14741.33043391598;131.4850334010082
-55275.06958184396;101.26782079117996
2870.512625841169;75.05578406940437
-60320.35546875;87.94733001005116
51050.99609375;101.05891679206206
41989.56162414262;95.66002811711638
-21702.19401200617;92.37245332553337
-28686.90812867653;78.55808787430726
48484.835919498844;84.33963357888918
32911.132716295164;104.23631018211557
48236.71712119377;89.31566390201891
-35071.718575472274;78.17245296895399
-571.3095042983405;111.22538448994649
-494.8345322180103;141.72627652145832
35220.67687312121;132.6973573474731
-2121.202271793074;72.09460863052924
21616.629061942076;44.239559173583984
-32315.220692932297;96.27347051482118
41955.572747662474;141.81561279296875
-17263.24674369888;123.76224125857377
-46789.3837420032;78.20223172612414
-35761.692768019275;84.79227068787525
-43783.067617334134;106.47567272130979
-13309.304468446244;86.30892517916882
45866.233840806875;43.08045025432383
-43927.55452280734;52.22374631228779
-22699.494528722687;90.07184780621566
44943.94192607797;83.40913761412617
11047.795815375888;50.60258575886734
19039.969346005033;27.875423431396484
-26273.567522738675;60.67208262118821
34209.44617977405;105.15939922672125
-46706.70703125;105.03079457564898
45129.62798544935;71.30175166558342
6993.394419845521;58.42892072652407
1597.7565293516527;70.86523780184778
23745.039247101216;80.12106292949997
46404.87687253706;81.14866355489461
53861.4765625;72.34790103872888
30653.788332141994;78.91910407524773
-16980.056980977908;108.91366577148438
50408.6366155116;100.01768635019783
37545.65686633083;78.34409289497275
-9901.554762604144;79.9743106358437
-35528.05248849833;93.32672305905604
-7798.722159012876;126.46232455748934
-24432.645827929016;133.3669891357422
-2430.5696666043586;103.04468923801505
42183.22038464766;59.850392225224
-53985.87862216559;61.49920889422255
-67272.640625;97.09563337053571
19329.321643631556;108.66607053390402
20931.082141521954;94.13481293879485
-2335.3659665211962;58.56188703733677
-14022.037711817531;47.813899993896484
-40069.436006500444;63.03314364170735
-17118.66332504883;73.08922820330343
33793.60309486298;79.62705391854075
6284.744491885896;81.7275654153093
-44988.29384413053;69.09708143070044
10670.795657120732;60.32950205699159
-26547.170113986635;61.61278533935547
-9004.635693399607;55.52143254636478
29497.951590014345;56.92328903977551
-8965.38889426671;72.48916032967921
21720.654502815334;61.60791261874205
-65693.59375;27.779743776907296
38592.88991925947;17.943399156260824
17923.062467812517;30.711235320494964
-789.9427596743626;63.14266142480035
-41327.94330257004;37.843570928096
-47176.98491360401;7.868956153646806
-15308.992326502273;24.97564245042328
34245.38798920218;51.328735338640016
-65356.14904167112;41.721389798739395
-40170.990016871016;-14.726125330012117
23748.89359626302;-14.830767294061548
-58357.295831886884;38.342515945085324
46855.821718974126;43.607978252036375
-7506.699334982601;-1.9582891657779768
47236.11654899556;-26.89492416381836
51312.234375;-0.9846639350571884
-5390.97457641262;21.37838536744865
-29406.891066624292;3.8922504116888064
-6311.2783896646215;7.631176024327019
-57158.72766480233;53.66820526123047
-59646.06640625;45.95516355386873
27907.02057984691;-21.49776823445643
16472.064289922506;-36.85148534699981
-55105.784315739256;-1.003028404535506
-15388.750788533907;6.979879304706174
37213.28485797925;-18.560902470980928
29214.844430228957;-41.63670707865856
41662.359375;-43.494108834614316
36741.78807976823;-38.571692655072475
17487.71472692133;-45.132904052734375
36112.61041179483;-28.164513822797634
-34922.63042615522;11.870635227044225
21884.22894735461;21.821001776807222
-21286.325243861967;-9.784980700349053
-22498.303847525713;-12.830395917094698
-23353.181612609966;-0.19041513630485696
-1083.0747702886074;17.477516014706126
-66253.39395533234;21.455429077148438
-17046.02601166474;5.900415059691923
-53787.667631496624;-11.879993863067497
41472.07565419287;-35.88158110845812
-40382.45462183752;-56.84703478416038
-46755.539677161854;-45.03341424597242
-13293.337589373928;-25.36059236935411
-124.74902483825281;-24.6429231945027
-26772.16709307144;-57.64950060503168
-69450.453125;-104.94121055359712
-13137.340732959223;-104.00017460386401
37558.13205448461;-72.39170774722422
-44203.50121716399;-66.3132359752119
22612.230991021846;-97.81829228792498
22147.74596911289;-114.08270263671875
-43568.997149499686;-87.8309019554828
45415.81640625;-75.87457486667599
26690.93531548271;-103.42934840138854
-47593.36549026555;-105.32176135524743
11347.154629479075;-69.01225117169916
-48969.90246060847;-14.678303718566895
12813.010548317485;-41.73255036689031
-18793.07109689126;-107.64539567853845
-5666.870440463157;-92.88634650201622
-32959.75464864851;-62.550172387638625
32262.689453125;-54.01090510242875
-10380.144860337285;-74.40986482178894
-1796.1609738718616;-100.6219746569753
-8095.606329288516;-97.31117392875642
-11764.156755075368;-90.04473628397372
-60382.69921875;-116.40361853516396
-45668.91392719332;-134.56971264712072
25430.279353769365;-110.33542127021627
9391.857550088505;-92.16932715825952
-51330.780769303674;-117.21688208613632
-32084.674604886633;-168.50301400618378
16850.53656606209;-172.36000061035156
-43196.35335120057;-119.42568664173584
-39004.73407857705;-112.06059868455708
-41123.86975805856;-150.49331673095247
-3166.352815070226;-152.12652618380727
36721.4376336377;-136.4087963277712
25609.762841735777;-151.85708993172543
41986.35634091178;-182.19635009765625
51425.24867292169;-180.5538962322257
-23988.325788784256;-120.15034851379002
13634.201456019015;-97.90893954056628
18494.67223025453;-139.94099486533761
-9327.088216135897;-138.0697047310156
31126.574559937406;-114.41836906881551
-46713.6875;-103.87898252333918
308.70639906384895;-116.1733956149104
56894.16524115822;-120.62463013560537
36047.357745240064;-94.63510453239346
25244.340586446546;-101.87666517053898
66822.65243947798;-150.70183586457986
-30530.44849512753;-147.31358272196132
52422.17734997292;-80.80711934849323
69536.7109375;-61.25638198852539
-12874.87710243919;-87.1499439951054
-38208.618825962476;-131.63267562021707
-38823.51959288308;-113.4705771281117
321.1323192565105;-57.74473190307617
-51681.16371916677;-71.57275252202959
-58607.43359375;-105.89072172219808
-6378.867891094698;-113.96083383097124
-43172.73344430467;-105.26486210152632
-24573.712494301624;-118.95901830161382
19351.96560558022;-157.9761501536595
-5589.514940300549;-162.8943636727718
31478.983258809356;-131.26237534465295
-32182.24586027148;-124.46136746668643
-56609.00610125803;-160.89508988451476
41486.66596537676;-168.2784949094953
-36303.46279811577;-132.20811877144584
54586.125;-112.87774898741984
-35819.832981436644;-161.00809231602494
-53907.58812523604;-171.67552185058594
34698.576038416126;-130.56349876823614
49628.91937903894;-97.41901635682721
64489.5;-145.09130530899145
45240.42888674677;-197.07907104492188
58284.50931172178;-159.13081485141632
34668.144752389984;-85.12254312063378
-46918.1328125;-72.72912938344444
-2388.3996374973285;-95.35622045957204
-40449.64251965106;-102.61812008177753
56934.71133734015;-78.34493320041439
-12533.984412194433;-95.20457418925318
51047.620171995644;-132.6978915718021
42071.633642102766;-123.67738439541483
52366.81819229809;-59.48943162157235
-1074.3016095414205;-50.346629065895655
58556.50890353671;-107.97221178706813
35853.04297423379;-126.14041333430366
52193.41845251605;-73.6781415267303
-6901.892864176421;-36.791409225456874
-1155.9014870859028;-53.44070216191787
1638.8943188125631;-72.05895070493844
45318.62876939356;-51.1929130905784
-31604.885249331455;-48.60310055352649
16705.20401003678;-87.2603042401833
-46613.421875;-83.07215428501519
-43208.651050289736;-26.054496181878164
-8709.414055824076;-6.839667761217058
65684.74129638338;-52.85135722255657
39243.28758497498;-108.81500116475686
26590.022533389158;-117.21920776367188
67635.5546875;-70.2758642374718
12172.482994037447;-38.57601268033824
37053.63466339992;-28.179697850569312
-15477.115203558456;-16.7036088396371
18157.418089393483;-14.108286801811232
-14291.63432245094;-36.92737138583844
16190.914510144547;-35.654397052975966
12725.126287141982;-13.543713025179144
60890.517144845624;16.307857080698767
46870.462371512316;23.460556030273438
50202.01231827182;-4.396759176398348
-23574.99563406495;-19.260290847123116
-12684.574291112247;15.624056884060593
-13125.047992025131;51.43876275688225
-42406.84375;61.84564405254956
53195.36005355998;40.301119991904024
32912.66597491379;4.960854533390467
14582.987492179629;-7.540958461819102
55444.015625;-9.755424499511719
55430.57744429418;11.883987643995432
-8639.68189866138;35.75265357836844
-40041.72394577624;41.60737152220685
-42217.21608892903;43.83169606201496
54757.1752778138;40.90372093371354
30908.883918557534;22.87991444106345
41371.254163630714;5.08408580983413
40314.11728143979;1.2207852933253083
18433.77282999092;32.25042070183955
30269.82376943648;71.00296020507812
50855.623479558315;68.28940749778867
36699.24667157506;40.17788871546036
13630.36979325617;44.164420508412846
29587.40394179929;90.99790814351667
2442.0861027291176;105.15361972554696
60253.46494973029;89.57244257726555
47371.62746174696;83.25846862792969
-41542.7421875;94.04505041866761
28467.244160235525;90.53337407075013
62107.46434722816;85.94169792910827
29580.655991307955;110.04380512694493
66186.60041924802;123.99156643813387
69012.3046875;132.19218598986092
19732.02224918554;125.63504438510576
67652.59266349337;108.31479924599797
-18398.958989799186;122.58957912826806
-36.09871521843888;154.76820652265226
44839.45903986861;175.13559393691096
-20976.676077494125;193.16018676757812
45045.27152985473;182.03987833250613
-15606.994474003954;147.16963654537716
-2963.0222408406335;167.77851459674193
-16678.231614505446;188.7345354389467
27411.33195292711;187.66581185716012
-25794.824593674653;172.07984236187724
-28446.47819905507;157.5773894625231
-12616.175408709598;168.363805037959
47570.4765625;178.55106266992777
-14412.791885462124;153.37699348614325
-27532.592361169394;132.76816186111222
23645.014560428564;151.03382987520877
3515.2943054845673;178.9033235080817
13055.708582806255;166.7204453242499
38540.66138020913;121.9864640647587
-50068.18631812304;117.30957240105461
39715.904720975;164.2766357595572
-65858.6796875;190.61756896972656
-51146.502373052535;167.40452329120058
-42365.928782912306;131.80258974224392
-16060.555744680241;148.33054246098303
-16631.73439335879;168.2490057469535
29131.791276522505;127.26094107890248
-26340.04057650418;87.55925750732422
-32322.709821428572;114.97619409526523
36848.316964285725;149.88296229267345
34588.03794642858;137.8047853472701
8414.583705357145;77.37112955485773
32225.01897321429;66.14093547121018
44800.75;128.91770180268463
-54141.431919642855;162.87606811523438
25244.109375;132.87681476908398
30954.28794642858;118.11335876145391
36952.859375;133.24315824225476
-70343.703125;132.32451014201934
-52324.556919642855;121.29143488149923
-37037.93303571428;128.0585612716952
33342.541294642855;160.62221893004133
-73321.359375;161.34002898407147
-11868.446428571428;88.53251801156458
-64637.12946428571;41.00828552246094
-866.2589285714203;94.03510855528259
21302.13950892858;117.56477335746715
31033.595982142855;77.4083217856365
-34570.38492876789;27.89726565973939
-39539.23812186231;42.30488820916679
-22616.607964711067;72.97623468866412
-73538.23966733871;61.614173252814595
-1432.0172856360878;33.026324867609205
13125.850841500214;49.42026742857239
-35129.87621334918;69.69550261481636
-62725.63472849017;22.871215219591107
20435.691647417756;6.115770190775031
-29964.487838135545;40.419633403697404
-76259.61795523125;75.08499908447266
-35565.7405285329;46.74009590615766
-77846.1640625;-5.265726861625723
-31398.87767537652;2.479366334039753
25024.154165442742;31.656113900747428
26022.6796875;20.299883149863277
-40168.467696873;-43.39840653514056
-40528.25387704283;-52.28437042236328
8816.341485192796;-8.839936745397068
-52840.232060123366;-2.171576706669782
-75012.41793805268;-48.786827087402344
-69433.37247030168;-72.31911632062736
-48198.19109027614;-53.788091933770545
-86265.265625;-50.722935468563264
22453.60307411992;-87.03646717914988
29732.468634125034;-121.35952893415849
-49209.574376111064;-110.80083851853998
-75124.57899078389;-100.11878914559047
-29931.40998511984;-117.23432176781883
-27895.10673467208;-119.35860482965415
40465.12109375;-109.16162796688752
-17643.973277289755;-118.27555500088377
4026.315634882747;-152.81188139399003
-52017.46831689944;-169.08690044253945
-73674.22055029403;-121.55815776375923
8969.13720007219;-97.21671740363433
-58186.32621711631;-129.86502450064089
-3202.2708325187123;-177.84538641303962
918.6809497264767;-185.80726623535156
15489.94874851461;-162.05334904488782
-41883.5899812025;-161.4683639633938
-39492.96711749817;-175.0429541398969
-54094.484375;-175.9803813808943
32977.714172462;-176.6864692813022
25544.781683458204;-197.87312958641934
-44410.49148342845;-216.386311772898
-15706.59800590152;-203.97445323866208
-4292.030596236305;-146.8255895272993
-11147.010305003889;-146.93824172793416
-4452.93790437025;-218.94914933734154
17244.92002410008;-255.0099234191427
-30570.821072601626;-229.12606867683903
-53109.33759050645;-179.47863453989532
-26086.761291848507;-176.57582872710725
-41003.52552038827;-197.77858220374367
-52459.140712740715;-212.38112371104
-33273.40708472892;-222.88795306668254
-25382.381340935623;-258.37540791310977
27334.465008621482;-278.6548156738281
53506.53125;-250.558149847625
22423.041197365106;-215.76108363730705
8856.55423425245;-245.13218736952703
-37803.234375;-283.76824951171875
-32558.889860129857;-272.5364067067625
41643.005935373236;-240.69309254922592
-12144.07003318411;-214.6046644525088
17573.88221774671;-222.70154230775157
18827.62770017281;-243.75808927935503
53204.12002548296;-226.8646513730252
29971.859794271862;-227.32138836197913
-31784.016261597033;-243.1497544813015
63478.943942028185;-234.046111688705
41066.49997806482;-196.00089228967067
59116.4055822884;-173.86761216112905
42100.1813585076;-195.75989064443542
15063.29175850036;-208.8692140082406
-31157.918393982512;-184.38422427700004
27482.96579578444;-156.3988800048828
63757.8984375;-169.30607295655517
29131.896813462285;-188.5317848490327
24114.665345946378;-168.6161857418943
-31015.671875;-142.8369177743994
4377.359622009186;-145.4039175909214
35296.35155749305;-173.27780361433406
62852.13526423306;-174.69326782226562
-19154.85990239799;-167.0813652884008
57122.22494859538;-165.79366269543692
29486.242973590044;-148.48196386731416
-2881.436829069644;-134.43154836862993
3563.4325164227703;-138.0424950653485
4128.233086546679;-137.45411920694465
80593.01601220359;-141.78792767255936
19400.03097962508;-142.6183781698494
34931.193484965814;-129.99351332238368
1556.76946365627;-115.12945806522097
80808.015625;-78.58795511057886
39461.542468890184;-64.52577209472656
8114.257653946806;-104.68998926325531
29733.66316291924;-122.6135989841181
-21453.308143959624;-68.0610704667932
37232.480080711925;5.336192619419663
24467.518640610215;-15.752714995698753
-8191.913663375119;-72.06784075918235
5652.176886234625;-86.55171725673351
9755.707315811262;-45.780443679498035
-21232.968077400663;-23.441686469707392
-23206.638422421947;-54.27130980495568
-14202.852124231315;-51.22964043739052
-18353.712777909175;-24.857445302610458
75522.63137860691;-40.40682779679959
5723.172222386471;-93.92730461408394
3639.0646877956497;-114.77656555175781
-6723.0990421002825;-72.84761417886723
-25440.625;0.2077537221067729
42285.77034058656;-5.53823622862086
77950.671875;-69.97738435747394
24868.247871333966;-82.72105728958175
27676.507834673605;-47.17039440867629
-6659.992076631977;-15.56099765374313
-21837.2172717597;6.031167984008789
64993.42273285623;0.038776873509021925
-10132.487330765329;0.18124859223968315
42508.0416786277;-14.778281874480157
-9840.759344624546;-39.377756877476216
4431.585854885441;-21.493705589785023
-16674.040897544597;14.099195277428578
-8157.36979194483;26.40567130616388
74700.8203125;5.801180308115519
10822.810204316651;-38.22065548616366
22164.479869585826;-52.032711029052734
54035.76235546624;-33.18793828667773
56424.65734401703;16.213167536432238
26908.036460558644;44.77682184843424
-22840.515625;32.83037570351833
35064.5128077601;1.1073147639890095
27442.374965785886;5.331408695003596
28491.702671037172;45.479553974605764
-5143.343404520936;57.38749424959447
73755.68117372757;57.61082829517227
73358.27621301539;74.13947296142578
9495.736467902156;91.14582868596946
45776.66389333685;67.9565216527451
62388.6171875;58.56261987115996
24897.721902466656;107.37407030488667
-1596.4586858062248;142.14845275878906
38217.245646701514;136.75377441802306
-30660.380537798126;112.7481189005637
-30966.576485941456;113.83118051773468
40986.17889819121;118.99598455608071
-45494.421875;102.35072737572216
-29140.924300506227;80.20764312915276
14845.93448653561;93.55508820171718
-38553.980383751186;123.30612772645507
7670.0842824669235;93.8159071217706
3547.9624859567193;45.58061599731445
3029.404831843014;46.392543821887536
36501.889851188884;70.51755715021882
49676.546695226905;92.04911681022229
12345.334243365083;84.41316402086163
39512.8166745983;78.33033632605637
-19587.22611819342;112.18658354875606
41292.3221170857;132.3260797022187
27287.903000613238;107.4879487545507
-42952.51757603877;117.77120512023045
-41725.38053916908;152.7749450090556
47458.12109375;170.35960388183594
-50170.79359414102;165.90352612337472
27646.2571291715;112.15027261526143
1474.3602274916484;94.4871821261327
7051.434564381656;127.75816426859402
-2746.0877655706354;131.15832008103132
21679.209181791608;111.45455512950429
9386.759158473556;103.47050707270462
38226.73805933514;99.3107265315596
30118.599478300384;101.30928031110413
39962.7981863422;93.21775189116036
3013.1750148300853;75.17557525634766
-51215.7421875;124.46113150728144
-25899.07698758946;157.01170472920927
22736.203292076912;135.4720589801936
-33293.80340143094;105.72446925557085
-35229.39872575686;90.50990295410156
59987.171875;101.76136399374842
53573.948431587036;142.49506473846859
54218.65622782639;142.9512050508867
12604.092722622983;108.99409290420476
-36474.65625;113.79778193958904
18803.88550289735;151.0480046344603
6261.522188386938;167.1946300024967
20216.94368643566;151.0010308353495
59198.2143891911;121.25919908255854
40691.56799166273;134.6405510660981
10566.933841355247;166.3923669597884
9180.370498758275;142.9697473400094
40782.82799934957;119.2912441303373
-18206.46342094371;142.35290718852798
58076.59945600756;171.51992797851562
-14928.462822256388;169.04885891476545
-7058.023127069537;138.94112598995346
19706.182030510878;134.978020728131
-11315.225815511796;189.32510375976562
-45719.0931782548;181.3601279083954
44121.00413764229;130.52454868439705
59091.796875;135.8947980548769
-13288.448016964481;174.54549404204477
-44969.30709393216;181.46940046310368
-49364.47258054979;174.19383509325638
-44982.73037421415;170.8024123498568
-35877.91112008652;172.10772268518986
-40620.164282567064;155.94730523070115
-31950.64283186972;115.77076702506176
-39623.00631876202;116.70653744810875
-59176.89046668523;155.82412525993914
-44054.606423287914;137.69084149953608
-4829.863827841276;90.97980452234353
-31016.76604653691;69.91006920087158
-24796.034441568503;73.4306322361991
-66576.953125;66.27824683711385
-46453.538370826594;59.12387466430664
-28088.573333594017;65.92261434088155
3898.3446729464777;74.14272030038647
21582.402793540372;30.483780374008035
-14167.14164140942;-23.963071823120117
-57343.31737843143;-6.876593871108927
-37359.47161897832;53.76772058744632
33311.31975172239;92.27748107910156
-29035.362213936663;60.42103511023194
47289.541205471585;-18.11858465900957
-50597.27363777772;-18.324338987093586
2144.522880060351;29.20845828872868
31103.149669207967;50.255707056357124
-65121.4609375;48.356027009995245
9090.629447834333;35.48751278370632
-7424.837392851419;26.15407076320566
-21687.260245874284;18.78771106895647
53831.782626909306;-7.917781720982337
-16784.786108403656;-14.95422499261406
9399.137545730075;34.10931353438496
53190.45973249573;41.02691594410609
57410.4765625;17.957598779789933
33742.85210420354;-30.28456960318308
59256.1484375;-32.963287353515625
58241.599819607;25.10869772760863
20189.523131838054;62.43878514702591
48788.7381778924;51.18138903170433
18005.967372494626;39.003637812290194
47351.460969210646;46.986507346735095
17836.875936179124;55.19704367008711
32695.785902403717;59.73584752553303
39317.991865029035;62.63981007765665
-40504.547230254524;90.97948132235928
46047.50585454688;124.12679699238748
42816.88389340362;98.72015214520087
-23332.01116905919;65.45658109360308
-5699.351295582252;53.51618461156018
39350.50944893586;84.43042816060593
-47294.21875;125.75921630859375
8972.582563178083;114.27173141724904
49665.08706418138;77.62222237743704
-6748.043376577421;72.95505320484138
58371.21023330925;68.41771375768064
62286.34765625;75.540451378688
15967.620256159978;95.18104044699191
-28202.46100843169;105.25884591618133
22444.75497678209;129.74093740576592
-34006.925205689986;133.7186279296875
-54222.13675999767;105.2632985548275
-31971.365708902056;101.15351308440255
46315.78459284971;121.29131346819665
34740.002282093075;126.22483708816506
20079.684412027535;113.11330048804442
13616.198078835994;89.69242120913293
-1742.1373198215806;79.40385751069095
-14154.370803108883;112.31479395749597
-60510.14382622475;122.37033623345448
-39610.5631307556;96.35356862381954
-65489.85546875;92.37142546125176
47680.623335906756;106.10484725895569
30384.216922108186;84.57782361755315
-63288.56555316229;36.45222091674805
42120.669907986696;18.185509327002457
-15838.907491721853;61.04182085698549
-65751.6875;104.3557570257189
-11680.421906949065;57.27388740528142
-21841.14656228065;25.765408841699294
31488.96663945433;48.85422308957875
35667.53270773568;58.604301303504144
-51770.1944825396;34.46027697795631
47701.21882486572;15.120525062657197
28571.820035210738;55.64468078759969
-28841.933312765126;111.26573181152344
48409.51224316767;65.24379004853527
53880.53125;8.207405090332031
-35497.70084660253;45.911901099537715
-56452.59813703573;97.10924728220789
-29730.951082644126;95.57911403992573
31930.737276642656;64.28293556648552
42248.45480304117;37.13997589352548
50404.782104518265;40.5572210481803
41500.0004177221;35.04999945057276
-53043.158666207615;31.76216342647318
-31386.408627582627;77.65483975160888
-8439.914590374843;112.07635806804282
39691.2060159135;64.66331087078606
13147.598254818105;13.980259654919728
-11383.300394880906;5.320581116092633
-56672.47573587756;43.82055462916878
34395.36580200735;94.02497057047849
27887.069619396032;94.72884597423824
15591.832199697863;55.17305935552247
41320.6953125;15.261312889762472
-64200.0078125;11.633337951526503
-28291.66709789956;63.71609568458365
-59010.43863967559;96.84248325809966
-40298.68457284577;104.32166219119254
-21029.812623981445;60.31939409329732
19085.89521708197;9.304515901372817
-32494.203722495193;-19.715261459350586
5194.98201386875;-4.865501512602034
27404.019432660905;32.34135233013835
14483.49538359858;67.57720184326172
-627.8804575678369;37.5064302372802
-53400.18636342395;-15.749020295005323
-64486.422051911984;-28.276008067403325
-52019.88775769067;5.200303927002551
-14053.783668353455;41.2480239503773
-77137.11308514474;31.760518480599444
-55133.013583836255;-29.10113899851936
5631.6947951158945;-46.8849609211548
-36385.857552472764;-41.61012391423846
-77337.0546875;-57.884706351959835
-38551.89157798814;-77.44180965746646
21158.738704336676;-60.354098193081654
-23498.393569082466;-40.91401345598784
-46111.08724598109;-67.4772284856979
12010.533459730825;-120.63666378236266
37601.3046875;-129.05599975585938
3819.9432579843997;-69.33152272362412
-71747.4591900769;-64.7828009360899
-67955.58424014633;-96.65985916218723
-29076.548283023887;-77.68005039043834
-51986.4410161853;-42.76204299926758
-14137.081954476875;-88.88922594746653
-18157.87741751896;-173.79085285732657
-49932.83625377189;-167.44849024853062
26750.32441664346;-97.55495403874333
50658.21484375;-85.733050232837
-40310.37631503781;-171.6625600418355
48716.440043646246;-206.65809631347656
-35383.0803999403;-149.644357988271
-40947.468221529096;-105.16278805134479
16226.447205958932;-144.85507392050906
-5048.355926766068;-168.15625389927558
-11925.898608808973;-142.62924477152308
-49227.9686125475;-135.9142433501441
-60382.16015625;-160.28332113409826
23614.002291868528;-188.64638672808678
-30540.504153259186;-148.24633720817755
-49844.72779861885;-115.33907884597836
-14099.805300373657;-147.42353070254117
34830.89501537371;-192.62275843745888
-10534.2114382539;-178.56126232672847
-52444.52734375;-174.56570000840154
24328.40168408527;-188.9777088375419
41602.35442474279;-182.9002705747878
3814.708616662727;-170.13199679206207
2910.7983366101034;-181.95049417651555
-12803.603205194537;-205.60444923824878
9591.342205238885;-187.6802464363307
62133.53125;-151.7286657178013
-48876.09236969312;-165.20927179923126
-5280.342208934482;-209.4827028645272
-3663.0946092271697;-193.78171178058872
-3152.5688804547026;-129.83575439453125
-19776.125829662367;-143.78842195962628
-42702.577478269865;-215.7862783649652
46225.0599962305;-222.458740234375
38551.43868259224;-150.69267449766204
-20316.37394675378;-136.64672532202243
50821.53993096619;-205.25393651983876
51935.38739170697;-209.58297729492188
75382.0234375;-135.94569101082445
25460.456939575262;-122.71652222261783
41983.75480594997;-174.46874880065275
-39117.69925987846;-189.71457348754075
11112.913118810466;-110.53911343744875
14810.806933471555;-55.73020935058594
-25139.589595429472;-116.7651570268585
-33913.65080792985;-186.3174825848726
-12870.112903941084;-148.47290390414665
1818.447061115221;-84.87898657762649
-11131.285793204675;-103.51720681002621
34632.370320415735;-169.4658457504898
-41014.6015625;-168.512688247737
62540.63425402272;-136.25793226172624
14732.65740040475;-135.20147690153226
31293.253907561346;-169.93772914470975
22657.730503679384;-168.07367235361198
1971.1938757457974;-113.46666862447513
-23750.659257742165;-101.9700866269866
-11900.859962958162;-151.8910143182214
-25899.7908468791;-157.5372314453125
52392.23094434997;-117.69717004789797
7731.517594397563;-100.81004867951863
45227.075894347305;-123.19799892432405
28987.653310566835;-148.03178442398738
79898.546875;-118.86947784123467
-9200.119351870308;-76.47315973276098
23068.852312170493;-91.11872554025473
-23431.01568705033;-104.37114064200927
-40749.26171875;-70.07239598829462
50203.28712254802;-39.61631801038381
77634.1222317566;-59.40384296164956
62933.77200712368;-95.81715850161834
30254.25831426721;-115.47217770544259
-8432.424167941452;-75.65604095687165
42204.16104539961;-37.72995146694562
12190.409046377645;-36.931236267089844
72383.60265246379;-50.64190041207959
58664.50310656968;-62.80666417025172
-22934.27280793653;-52.60310363769531
55942.9467058905;-34.110483754735135
76622.53010808918;-14.103500392987279
64928.91679420463;4.153501003092039
81171.4375;-3.2170112758413723
5853.216356651465;-15.160352246763573
-7726.73286653922;1.5731354380278262
36922.671174355826;52.13732023428608
16341.577877156327;81.51414167626712
23337.713979724504;60.43886867011766
53662.650376587684;28.021882479935982
61471.74717635241;27.678748761177445
12525.503639391864;51.67523349302458
21306.146898639927;62.54799726142015
24245.82613429313;77.6367306542956
48157.22043951541;97.30973052978516
30183.610939073616;86.7869631545233
-6908.764197902041;52.24712302428881
30826.30060728854;50.0121787361082
-28226.029296875;93.91956938845081
39421.30076795776;134.19355743796575
3007.6706763736147;97.88951292558065
-21152.34477135676;57.61736297607422
-45059.534607453286;68.52172939493676
61964.91780530907;105.2916776607219
62420.00390625;120.1419636236867
27469.39135398704;95.76917543561726
43092.3286488812;80.08850319108234
-24949.785458097133;122.37481528538956
25665.901990998944;146.38153623864468
2613.262722224812;125.63455685254553
-32923.905249028656;118.82031828240909
43045.13453470955;137.44854488518908
-25629.0436013534;161.4695281982422
-48037.8203125;157.26213205784398
39131.394066617606;113.10269671007134
-21052.90003078078;107.25512919290773
-1934.2272790293064;142.6543062114445
22274.667786950275;118.76643825650568
18010.34247072607;93.89446747550762
-1546.6477750337654;91.90299956755698
-26852.623839581363;116.41529851604884
-35230.02096049379;135.0395050048828
-34642.07645530374;110.66264404614466
42454.989060902546;79.27563136957001
44577.76107273514;85.60068435091507
23453.986944277014;93.45114476430382
39153.07972650646;92.15805797161872
-9185.053874229408;108.42346852211423
2261.9982599681025;121.77646799367221
-30165.902266619236;118.15523181507467
11183.487671595081;111.47032899234017
35540.9565785985;108.9988328289512
-59831.11328125;123.51145830037126
17387.763941832673;131.00503466776664
-55752.857335028384;124.33792661740854
42921.121859216204;129.49841060656473
-29525.984766495258;114.40646643444629
46606.33203125;81.85191897028668
-51151.62312728412;70.25269317626953
-57726.5390625;117.19552479956799
-55647.119929874185;140.84658813476562
8776.36541981071;120.82631931444051
6823.701002831069;65.6946780581126
7633.968488923689;23.8074893951416
4224.4270870488035;37.15909775381694
-34097.21377995344;67.81814814083933
26299.001490340408;93.66411873564262
-8672.464107431355;90.2708528338926
28132.933642031232;71.09354270073908
28115.28425124506;37.98062528792483
-7007.003413244936;37.38769671982956
2899.1182880141423;64.53025207498575
-9827.696958890141;98.47362666901778
47422.11328125;127.62178076505042
173.08965658570378;111.70736368584284
-56593.7690720418;69.5719308332175
40947.995842866396;61.96387149560956
-26251.25733046253;92.98367962587064
-36170.214952293376;118.49746734818682
-64026.39453125;98.22978512762842
3242.230076539461;77.27879267128604
-26969.996411988912;57.1735247166319
-21281.865729347075;32.95451018116634
-22451.547278595368;11.860913125007677
8306.303256229585;16.40841536359362
-45534.85458723001;49.43326393771471
35461.33001035244;46.51977273869035
47714.0;-8.624633762489893
25009.219373483604;-31.56614875793457
-42233.82910713571;-13.524686261732757
-40556.035164773726;22.06308387019766
-42039.450540642545;46.733679638414785
-20596.425521187004;48.24489227257901
-19193.148677117984;40.6472360934781
-20886.288295782062;14.089109997137115
-42944.845442465936;-17.27796010411968
-56870.19414904143;-12.601717601810698
-46223.704945679434;24.14867614251081
44346.4765892633;32.1087856794781
-39394.582889821504;-11.551193237304688
12443.8295939417;-56.72749495476454
-64523.09765625;-72.98930520662387
4848.284990842061;-40.68061771998782
-15813.483421415789;-13.176828747218835
10124.593738734373;-18.446506272645237
32086.56841969675;-53.32675275046762
-54510.188422946485;-83.05078887939453
50183.77903925587;-75.08953900298947
7203.375590759664;-49.69253000984747
26559.276458832435;-29.094964377854694
-3134.113436763262;-31.43740695489207
2162.953321224486;-37.05294116262906
-32046.247316040146;-38.221434874788834
-28441.90192674318;-33.89113464737322
33747.20922733095;-27.574067800122933
54178.75243671224;-24.53336567520298
59145.578125;-31.435224893804936
-3883.2888920255136;-35.29638198748693
47200.286860994864;-27.80645730590261
54139.42989063883;-10.716343757372574
68116.7734375;3.5631230345839633
63779.565515610215;-11.071606578041658
-4388.989993147639;-23.714166196282413
-35768.05800710318;0.5171565721384788
28875.44967843505;40.447498415948914
-43698.5625;48.050422578115985
33251.900630302596;9.987833791494076
14492.0260822388;-17.752646205561106
-8057.360186720827;1.8047969221584914
31796.496083736114;13.162714188865891
-11457.854045228432;11.043129258798018
-10751.479505628755;17.00764724800598
20880.1088751402;17.842589826540497
39172.47950086024;11.879570836575866
59002.153170491656;-9.79445922272495
13451.232678480825;-24.438182830810547
-34338.24674095698;32.579251387712524
-12502.059886375773;73.79723358154297
-1032.8578207018509;62.088550491896484
-56204.866066779265;18.526449658630803
22309.91421521177;-4.766509447462461
32877.71308297507;13.741788180000228
-57726.920008244764;52.722376614191475
-33853.70306742015;47.210102424385255
-7994.3702325558115;28.711157145395262
24380.877257296786;32.24073345899022
43068.02872065932;5.8053852660715535
-57084.50588733043;-23.246750029507062
31144.40705862129;-18.471440899349183
52241.91015625;28.72050949386795
50006.44754142412;81.06747436523438
-8105.190997349659;39.62160687364083
20237.219598676835;-41.51188659667969
-23152.57296701426;-28.388671219794574
-61235.08984375;48.54000637720243
35623.99016052259;66.89679595940746
32844.81316842689;38.4001901631069
-4333.8218454590315;22.14767898725816
47684.40620410303;16.354834343271108
62966.70703125;9.797090235652021
-3495.4425976640014;-3.582383632659912
30436.285146712966;24.962044859265742
19137.224071069024;81.3907973944957
32897.957498564676;91.70238494873047
-20874.338743653105;43.351915049051584
-16458.648252839175;23.089325630577875
44561.98891069426;55.773219684673066
-35461.13671875;81.77028475372516
-24926.560833522482;68.7543045245219
38443.103516280666;32.08942813490855
2632.454409996142;34.555368982621765
-16966.30246572867;59.521566091161674
9829.729522914633;31.661959615316754
17144.15560803838;8.929067425460516
-21129.667785638943;21.45069630547599
41911.0726806648;51.20192367924243
16785.193013717115;53.1836909996629
-685.321200278675;24.962044859265742
-4614.384575778415;19.819336853156276
-25584.527256009285;65.01409923518426
-60329.4447417085;75.78135248330253
-30564.09758496067;58.21057849841773
-10271.65880330249;57.031212896606135
42020.7265625;51.30951624571192
-52106.60163271641;33.410648070849476
-63026.13726057276;21.2268259889763
29339.029966434406;28.134538799587062
39091.26326994861;60.105987501329224
-61053.620482068465;42.54408092698438
16790.098922768142;-15.415531214677578
-61879.52567166948;-19.516708589398355
-69548.89160767217;41.615219672926
-7390.473893441762;41.626303936100925
-18610.025185161518;-1.125699129569412
-41257.75935094283;-45.97041108266484
-41188.79023281331;-39.25999815656766
-17396.16870608196;-8.46791505663709
-70974.828125;-38.81441077693583
-34297.05110372097;-69.49565124511719
-14224.193210776088;-42.78578083237289
-50213.70478039072;-41.94469451904297
-57455.35104893071;-95.80297365979374
-31771.400552337334;-121.34827463772459
-2564.039929654835;-94.53415541789003
-42466.61365808206;-63.60446428026589
-66968.7421875;-76.95221652193553
36070.32671113468;-148.3870429797092
-24004.091635877943;-146.50178754662568
3565.627660594124;-102.46157364032236
12887.868745374537;-116.98648728205846
-40283.09188980148;-143.46992299408808
-7794.934670838804;-138.54561423655815
33565.158217728575;-112.76308378563681
53479.68545621357;-113.0110964164905
-3681.5325518051686;-153.04896156256785
17668.45807138279;-159.72193908691406
28043.862433288436;-99.7873504902477
29210.980550172433;-84.91917298986625
38830.97460335474;-111.72969782374639
2848.310046001883;-126.24650573730469
9308.373816096413;-107.04312172702072
22.744234743600828;-82.92740681018108
-1806.7119702415948;-82.23314003556285
8338.306291033085;-97.10304024860763
-1111.7139279562907;-88.90474644656672
-27365.387047539254;-77.54465332838032
-2228.2681598244817;-109.73274968511349
55384.953626528775;-126.24475695449709
60477.80813311125;-106.81403117922477
63451.48828125;-91.00853216411262
40775.34606785695;-99.3187480658401
-6473.1273970143375;-111.96244776480678
51398.88757136086;-96.85995943835087
57924.05654447977;-54.35754208237766
-14726.839510430655;-42.78234867885617
56563.35780127013;-65.39061281554237
-18887.06198368881;-54.504439838216285
-43213.62109375;-11.641773223876953
-30571.81829649018;-19.483315333166942
-42527.758157084965;-31.795579312059942
2492.97175833823;-42.6811829086233
-14279.484810007976;-55.545828645519734
-14309.233254934938;-63.86652388223291
-25936.6254435317;-80.84792600091473
-25646.22395733989;-67.72347649405386
-24920.928538168166;-48.04290500688252
-30211.901957321294;-93.93052792066723
16821.806064826553;-134.91500854492188
11964.309986037784;-130.00314800807757
-3973.7735317378174;-91.59229399098734
-52323.49609375;-80.35447320292859
-29278.36742366081;-91.60275588776445
40510.06778238443;-99.20158024685833
30130.693688104642;-93.56610518293189
-27642.202952677715;-106.3331065499088
28250.875287243543;-125.43653006487727
-35616.20278572001;-76.74337516536929
11416.088643812276;-20.646684646606445
-46270.395847420325;-42.301067325722315
26065.536196859655;-105.53437629975562
28042.59579652833;-118.74959539098887
-39518.7578125;-83.14550892152076
50370.672559759056;-70.39901638509778
-11452.426331298448;-87.28273820632594
65440.1868895106;-82.2367533560722
-25707.372318901256;-77.51361587775412
41489.569137060535;-119.88553984779956
54615.00234253403;-145.43113708496094
36463.649487527466;-112.08459075702814
-30500.793716930333;-57.2890216224954
20406.429819826357;-54.01032720083762
13728.288553222374;-80.82579076761263
38069.70123905149;-94.16058295956282
63261.95858995903;-87.47405516747301
68541.8125;-78.82891998564017
8128.543431892227;-67.49578149969112
28827.483510825492;-18.686041787047074
18238.095062891975;11.290934562683105
32671.124817604228;-1.8166687379049336
40371.91803372104;-48.4069938659668
43851.916408610414;-42.44028520725264
-40723.438620839945;-2.172846794856035
74307.0390625;27.43206979578879
6431.193142824719;33.98603527966564
-26170.20870201918;24.39043807156824
70231.16334912984;-4.51290834245092
23543.520095246364;-17.737394099931574
72024.39922668958;-15.870276026036422
-29728.66114655179;2.0343328266339995
-32511.912664847638;48.03312888002688
49948.91839231353;63.37129092044046
22999.945469861064;32.23995487202541
43407.34334729872;-2.40819781257391
26879.68600912312;-25.94105814609754
-31723.636060337;17.7244006744924
-48107.4609375;92.76102943774325
-12182.968857053209;98.4834213256836
-46151.71305853641;59.726712303209354
17734.18303356845;21.81502550625548
42477.86357665963;7.677874871859139
-6093.90607392251;26.396161900479953
-33969.50429679155;35.62069770905425
-2845.5155624132167;63.59478427145258
2380.9351392263925;91.36739349365234
-41870.994730192535;65.40634345961733
43423.89236324369;-9.89060181873189
28749.695844070447;-22.45688247680664
37496.8786775996;32.35016467807225
-27401.054426304476;86.34261810404485
53047.22685707513;83.74251829130982
-53610.35194553114;33.046651000655245
-978.5420858590587;10.958829144575546
-57235.00390625;16.35008486850976
60183.65234375;26.61500797690254
-22977.29481631195;36.07228485087863
35009.96967044301;54.566515182209656
-11065.932367048976;40.67152620299777
-48324.77444473003;13.532875852974549
17820.196605125777;-3.7976491513474784
-43955.18220652877;4.139360136227168
-48562.36051157605;22.034984618833747
32159.57406442886;29.4052092631088
-54821.90234375;37.839622441386496
29349.672451454113;15.737577064242444
-18445.163474899484;-25.450833479500336
-19961.45000567454;-37.51211622906811
-17301.76325880221;-18.204284799987754
16948.993446269305;17.71926868566898
699.2794014247338;36.309491900604314
-50718.385648575546;6.927821713836792
41573.62808475371;-13.415436396975863
6727.313616429063;-5.193860925498704
35423.654743148596;-9.295301059249425
13193.621793708706;-23.250551780819197
-24542.11980493904;-4.191510373877293
-28822.3598719987;36.09090182334971
60991.9921875;44.772666931152344
51341.128848848966;5.896709309945045
-28705.72244655446;-49.47129440307617
-31069.1386589404;-28.37878378112748
21162.287459562976;32.84995244471749
15097.75994998779;57.05993550413204
-30153.27710758919;9.62198600480324
-11640.508920464948;-28.069448545984883
-35381.02059379483;-17.37856094835806
3277.8261765839125;11.322511450904628
39560.0337878048;-0.06724464093324656
19698.63430528428;-22.339381571200512
58785.9375;-4.993694682093189
-8995.00616616947;26.761449403815497
16196.218702314829;14.934695916299972
-26087.25439609592;-26.301818630884306
-25529.39838051622;-12.615780343781509
11851.267983031707;53.42974740071253
54233.94743472854;70.76070404052734
-13575.751696161533;24.14928519594465
37588.84668120746;-36.4984245300293
-35437.09375;-7.4421894533806565
53013.27795733894;51.580282767320256
-18812.553188635862;28.135353386236595
50141.814445197335;-6.076723098754883
4543.863181945628;-1.9628184643904127
32298.101332061415;37.63961132610234
-5010.46072875816;48.41218769079191
46766.31794540811;14.080480438623823
-41162.0703125;-0.5609317072820232
-6968.164556637588;38.6849287091989
-31415.62217226936;54.49012754161892
43281.43684778607;39.35973915317568
50740.625;16.873800779009635
27389.818095974042;15.957405873161651
23285.09094396611;27.689351302782065
-785.1300458063779;38.21918174184143
21484.452179641485;48.2646817933994
9396.051752477724;60.543676653507006
20922.10315744976;63.12444912599652
45971.176061161954;55.406522447466905
-2361.390147909864;60.55761421861496
24383.144022210792;70.03864288330078
47085.66037536337;76.36323091752195
53593.875;88.54176298690919
12282.832804584265;86.43175003062701
6884.4332204943275;81.38583294392927
21367.11445764317;82.31215822392906
-52582.2109375;96.36844937978245
21137.050609821817;111.59856414794922
-31451.980632667775;104.33771633366246
-950.6989489711414;73.54479882164652
-16598.280936708426;52.83205795288086
34654.11175329791;65.59525999570455
-9.381374434451573;74.72310609940035
39294.2727403428;67.45777461967313
25305.742725627162;63.357014207825124
-35742.18534415342;63.83676640995473
19191.228910994672;66.4265315683665
-30969.1705858314;76.13008031461784
-47930.70877485828;81.49523438067658
40988.968408097324;79.97437506327134
-43230.60157394444;89.11208523093615
-53535.26183617473;78.46767436375706
-676.1704441468391;62.78175941022798
33430.0756425696;80.56870126033006
-62175.37109375;83.14898068287783
52305.203125;61.60789404597329
-36220.10555613307;54.10567096003892
46514.268594295994;64.53093002190809
28413.01260420402;69.58229208893346
-35376.358534012405;65.35799450766206
-18323.235490654188;39.71596220545429
-39890.317757945784;53.18760915922647
-50677.35266808069;92.75728607177734
30250.739037477208;65.23868691680757
38586.88974049968;29.41001073443959
22826.46399811309;26.497085571289062
-4905.386884217543;31.790096063858662
50362.66339705343;39.86762439721846
-26750.224382393586;47.685304842022305
-12050.159804452654;48.854114799884854
7018.872273123488;60.09733861600213
-10077.407993608278;67.81889429155564
15112.451656535166;47.09627275743123
50661.44466565066;46.977752685546875
-5300.079715777305;63.84131981012648
43979.675547711886;68.30319182666929
-50743.625;66.89218993639092
32493.249852891255;61.84078273469922
-15587.476289740822;57.744688181385705
-2152.201268854711;75.07007489641123
45356.338612399675;67.46231235114496
2768.600578993348;59.50307648925613
52811.84019721634;61.02851155238836
61189.671875;56.000604020122
-3931.9567445429057;57.16537024381305
57131.41946594516;62.302602325145145
60581.61722111805;75.40724406642705
-24704.880060588777;93.43046879090959
55846.98941055407;92.15126939436468
-480.0509706793382;94.6146477849955
-34872.71532620472;113.93546295166016
-62529.2578125;101.29516058421882
-46618.13588080233;97.75744822394421
-54786.03112530328;111.91947174072266
37473.98789166215;106.55144578407095
-4166.779002836316;88.05611571860487
-45998.18178254799;51.99960831451719
-7984.146362837419;32.81595518716571
9700.04428986767;78.01062168232285
-51221.29506034082;82.0980985660514
-40300.803619590595;36.42741644692806
-22814.9982783269;22.256453669605634
-34372.49255503346;49.085409377184206
-10769.290149245047;59.289575288121625
-39721.14653772279;37.144792105581345
-46204.31652021756;7.734624915932535
-3512.727429177983;14.334034012515588
39040.921875;45.391259957390176
-62298.32491090026;4.478499262792845
-1721.06008522294;-34.536903381347656
33780.61135131192;-2.7868847443156888
-48767.39260274247;60.26329040527344
48701.87109375;22.783014836562955
-58844.74186204871;-38.74738384215043
-66166.7374567734;-18.00237008176076
-45801.636765898715;28.400582250584108
-58228.17201811512;45.71745382601114
-545.0443043520354;-17.88772584882156
-71198.09375;-69.49720407708845
-4429.251362722978;-37.73515915132134
-20633.87779512591;-36.667010444424335
-66797.94397356;-68.77019186820567
-255.970015504834;-92.2107432030684
-3862.0802896683454;-71.93828737845254
-30134.90806084437;-56.933873867433405
44559.69267634454;-85.38242084117711
16841.4934609325;-122.9829330444336
-7195.582531944296;-103.31725279415451
22657.74133590245;-57.398043200797034
45534.86100517718;-55.066011730765354
-50704.92217166137;-78.5009706640213
-1449.7680003771893;-93.95374338143796
-1230.2033165155663;-63.50433730444618
-20627.89865613651;-36.45612716674805
-2490.166810059949;-63.38649202936405
-60078.60546875;-88.67608806199033
50605.640625;-87.15135150285069
-38679.49358777505;-82.4611095545817
-47696.84625806118;-85.04101457676445
-34077.08002221414;-110.7983657012552
-5488.0692243243975;-109.2754421463476
1196.8309197086637;-89.36865567862688
-26490.275715241805;-110.787487675863
38713.67955523326;-155.26954650878906
46253.19300722002;-151.87560258642355
-52481.667407137895;-119.08379504164535
43996.7436407652;-109.25187309133118
3243.849356941624;-122.85484384427367
28954.873837137493;-111.73568888921619
-1181.2235024233596;-100.4787456125242
-14255.455946829607;-95.21378132270078
-48906.3515625;-102.13688654871511
39601.064104606005;-84.22704028958101
-2901.196845339822;-57.41275463266652
-23719.222503776666;-85.15950451199323
-15608.021002456742;-124.04237169719839
60477.078692453535;-107.40946688913836
-19100.041845406584;-72.14509542052329
18735.92244102298;-89.1299015354491
34816.97742822429;-130.36917114257812
65973.34190816026;-123.44250617832174
-13891.911122709207;-99.98538868521939
52494.54012826357;-101.6424429403341
18850.08814580027;-125.92214829843067
69851.3515625;-107.76136819600411
-32740.125335226752;-64.41663001024367
61071.46521891309;-69.45906392634542
-6190.256435352261;-105.42129874612885
11909.538156958602;-75.09393928311991
-15642.451929294337;-35.6305091823683
49948.463696325576;-33.063262939453125
64476.625;-69.49119393982042
-37712.744914853356;-67.72853276983304
-23108.593543046358;-36.21858588809602
-43899.375;-21.12179946899414
7421.045056764429;-23.59800110278897
15165.49538789026;-38.23812162505408
-23897.426087984863;-52.39389952946201
18370.437677388836;-68.06584280726929
29766.33928571429;-68.06151831960985
-700.4573084200529;-52.14221434768265
-38501.577459791864;-58.58570096024691
44395.29671239357;-71.46834969771596
42715.099929044474;-63.033868966745956
-38131.14037369915;-58.462885510718834
-22271.802625354776;-69.5915220535194
50355.36482970673;-68.78370775873618
6685.132095553454;-38.685273649040084
55386.03275780511;-26.259290808407783
-14879.598273415326;-65.3812008682895
57765.76028855251;-77.80199432373047
55627.84061541529;-20.42011243826186
-44207.67578125;25.23598481086109
10374.365986310542;-4.1685353443642725
64287.843031742115;-31.101010050528995
-35723.5198152748;-2.747425214042341
60924.126773530734;5.934528415675395
42522.92742930913;-13.753354368187427
-39108.128721052715;-10.858767914685448
58289.912126184034;13.40483668650365
57995.674006288726;37.301877937685944
58848.79044858871;15.277379513878294
65830.4168437376;-33.54777526855469
42310.51884571607;-9.547807362444374
-6849.880878329852;55.43502651289923
63997.08701977457;61.036403417929264
48903.890206920274;52.60002917540821
49929.37099164413;47.56384600708816
39514.38617972875;45.11708078906247
69890.5546875;67.35646117666721
27152.903036198288;84.78898620605469
-41644.72252237388;99.4152329419535
-45258.10059115307;131.95609944741398
-412.28570880192274;132.31198042081616
68437.5390625;95.3253820679333
59370.15608548616;74.12961174971919
21138.220508033046;59.721992967140906
-42772.65545544584;81.85612132069276
21763.075389540158;146.60560607910156
-52798.282340202226;144.2576257506787
46200.29137844955;97.88466672431372
42846.43770135063;55.50285720825195
-49033.182319363805;69.68109958219212
-58675.51164102317;117.33300585672112
9808.982640451897;134.99637948190826
33375.79374649514;128.3110997901465
-8745.015023213142;106.31876776193457
-23462.044372959077;78.24448550468173
-62390.703125;62.781735242368114
-5283.358906493195;89.09746503339542
-35701.613952895634;122.8074561428841
-51615.031111713004;130.89144897460938
-55744.83356182478;88.64592872217635
-44802.10286162288;43.24650438541961
-64670.9375;31.892943637075
-36375.87320191141;30.704981331233412
6761.252616544938;41.81156446921595
-2099.447210429418;63.11832291515222
-26864.24674441416;33.177227210957795
35567.09187829743;-14.575893752549526
-884.7994309847782;-30.962858200073242
37381.27734375;0.17607891437724987
-58203.716694828734;36.33607084748874
-58114.953972484705;37.01772905208807
4448.750113371498;20.860453782201084
-694.816060353689;25.32580897754741
-20644.627217360452;24.17736308936376
25736.231068510242;-8.720054610864715
10811.635788769956;-20.56263102772624
-14373.618745791784;15.965357544824741
-34412.192625142576;36.68924883030651
19605.069809123423;19.23122913522301
-8906.695870774136;-8.158809789780477
-8130.076629354611;-31.5477703965121
43369.267185139586;-31.07774183777584
46586.438748576606;-23.25065227164178
-58399.48046875;-4.409191445369771
40030.858681299986;13.039159905460458
-24138.62393381918;1.5770413500929337
11513.821830080575;-28.858103587490838
-32200.001942038198;-44.66719055175781
28896.387792441237;-18.104741414145483
-8771.40247351327;10.458777388876747
12731.462405428392;12.21687518080899
-11452.671619228662;-8.273399144957715
12578.598437094683;-20.66496469231838
3615.8501328389684;-17.15831822138534
-37267.35463944527;-6.858008406009247
-6311.52252331566;-8.604435059914174
47484.294930398726;3.2184277617520607
56747.5;24.865205764770508
5863.694946814343;-4.283326398035889
-51614.046875;-46.182636703319844
-31387.148216300415;-37.05262252853486
-15535.651680508876;21.57862848724311
25548.66210001678;43.004865428309756
18828.364039861466;6.477931647085789
32899.476623298586;-47.13029861450195
-46356.26909570557;-28.738230288918228
19889.64657146005;5.328083522632603
32487.817114315185;-1.5875102210882304
34361.996904159474;-14.941428211896813
62215.88671875;-14.003394215632376
-27935.808788663137;2.7423006590297447
-28307.518218715668;5.315704774881311
-4617.121412704189;6.828662833372341
-15615.551838370637;32.350889863699265
32788.31118627354;42.66651298977449
-30879.955909873595;-11.066880165742958
33835.69803824398;-30.749089090294493
13014.759075441754;-9.328353814895081
29823.02638784115;37.863449592391255
64828.161839834574;28.37866986496759
-43337.40234375;-12.1328506879521
-13956.220157785461;-20.784263610839844
46874.12221906043;4.275723107293974
65326.97910185458;29.19491269406784
-37341.449763672295;17.933044849209132
59567.75335798976;1.90119851354779
14126.346240954124;24.048206743680474
42411.82135644762;38.46659406051428
-37527.4494206967;13.0489065221687
49581.262681752036;6.8138767996476695
60086.86149168514;40.06292910390615
23521.01982665964;72.97901521913772
9464.518473533302;53.18179695156637
27944.42985189463;13.480811235935036
67474.4296875;36.09587479464269
52044.91268433895;103.90491485595703
-8743.157043183215;73.90561255660117
56392.23194079123;36.175786680009146
47914.40607475699;96.48276855405186
1057.9015718462906;152.93972778320312
-5118.87559248825;126.82814168003068
-4055.7190320577865;62.52606855480876
49741.0859375;90.39923451461743
-5360.7482225352505;148.37619558202738
13451.16633231414;152.34548112485837
19315.675101140252;79.48414010763219
-16508.549440223775;90.6178890713971
28297.45276616908;150.36877339784212
-55829.096999505986;138.18936191657446
-37524.392959904406;84.1834497351953
14093.753319603187;78.32562362533989
-68549.0703125;128.45747079667922
-39490.05933394306;129.1557547038143
-14120.50847341647;65.93990098969138
-11180.131500680945;46.389714933108934
-38950.35846540536;85.9679530534294
34019.3649844451;80.23356096756251
-9786.656348469878;37.380794525146484
-14398.98489703341;34.80228185075958
12368.250714562288;72.61722208001476
-38686.463659727204;89.59165690467432
12416.764683098656;46.86346005192863
46089.6171875;31.28193297898267
-20642.039590970908;74.2526360733936
17004.79999325255;86.66955690179887
-44747.9375;66.86922289740377
-26729.84958559202;72.71342290315468
-19147.809360050698;81.5137940366431
41956.227068201246;84.56416180370513
-22310.92010862205;51.89095515289782
18747.144520401627;26.952895937685703
-16332.61307155446;53.06941523636199
7782.98763118191;84.2174380036383
22908.256907435454;61.270535409041244
38642.02996047377;31.524439220647917
-36364.723736915184;23.921567916870117
-7056.742287400433;37.39769989172234
-41074.73702510338;57.759205364433704
-68674.31259757579;59.147377014160156
11452.576588226148;45.10402414660271
6781.297285330904;32.59336761091359
-46704.30203125715;8.719304107042944
21382.245865993696;-15.86929042698695
-35318.74460740322;5.897542888704109
-54903.732381640635;46.04582331612559
-76628.65625;32.82063575027722
-54997.01164728185;4.0230352752328855
9552.240176437524;-28.630850988533528
24645.191158227506;-39.98153094091068
29157.347007970107;-34.24710124848756
19545.924636507858;-41.15605268514192
-69592.4732123187;-25.936359928238325
42168.89006231498;-1.2368585421989735
-38839.57963405684;-15.049306980162974
43233.37109375;-47.12502309738831
-61495.467153619684;-60.00294494628906
-42790.23088474351;-26.64180023282303
-51858.43870923633;3.0939631215143635
-7398.968793929966;-5.335682354298783
35426.580258613365;-50.40137985364073
-29486.498751065763;-82.00000762939453
45159.65958873686;-80.35968244990755
30331.10571522273;-64.90632805443154
1538.8630641036507;-28.15260560096273
18585.80929662942;-11.76873946730501
18500.126067313344;-21.137978651592938
-31675.4375;-48.99666501811642
30841.188689745017;-74.97792465648162
-12257.475656243325;-63.85204632543399
33936.49534878842;-23.588027987863043
20150.867032105947;1.804205790595475
49500.05067377955;-3.3493976824109097
56061.51171875;-37.51140635229028
3423.8941090574153;-68.2898715383006
26713.666877534466;-47.92299762790675
-8298.642701748806;-0.18058767658378372
50217.64771930172;15.724601745605469
45889.305838381595;6.353871356608906
21280.57380329295;-18.912559735828474
60798.328125;-30.24612865587119
51530.89016459968;-12.920927758990608
-42316.78205665427;12.107570795928908
-53792.66796875;23.453973198117453
-4154.171965005757;39.370699429492376
-2881.2106753507687;52.950127725056646
11827.787083684612;11.635940327069385
32153.201961362618;-42.08982849121094
52503.09686384168;-40.918773245403266
53202.52614387189;7.0752416094923944
38495.27695803657;46.16763241098154
12826.22238092775;24.503110363539676
-43986.66946272641;0.9745250344149099
-10506.738400880167;20.64183642291082
3280.7612817154077;57.99689457890723
-6425.568551903874;50.95452125137892
10073.96816400886;18.859586589907643
8585.93237074458;39.48299239826845
-38671.006934496785;63.03724469168489
22283.250751041443;39.96828620629609
39522.44408794481;12.197989114753263
-33247.256540974915;19.10741453921387
-29912.185280612925;42.776897727404474
21628.472258674883;55.42167663574219
20176.715904387413;44.75377450621036
20490.877302240056;19.235188282234255
-66654.1875;-1.1121775874264408
-32929.788181039614;3.6913919025378874
-62265.848816311;14.57385748733035
13838.923072970705;33.28668377646616
12208.590766219626;25.085055969761697
-278.498057902194;-6.975304814323927
11292.562269322982;-23.573837280273438
33439.28733689287;-15.372209473568974
40210.292201137956;-10.350460290333995
24841.185921978482;-9.08116074882021
13655.38667738311;8.81921740073318
41705.0390625;33.29632707782619
-59580.59560519158;39.5017915030047
43713.96606484802;21.22562793362991
47996.1875;21.33963858664707
-69668.84375;56.355688221640094
-46200.115708544414;54.25704768276864
17252.171720500046;23.571291554038538
-33299.58698252052;19.352897392403563
-40959.10758728294;21.115839897391155
-69081.72156580935;7.892715455789627
-37337.62304443114;-8.966082032025824
10892.579132110812;-24.883235978255087
-12348.122862273784;-21.9548512424254
-65578.73874820703;-39.398481154051105
35277.00232322153;-74.04505182093295
-37044.9596926786;-60.465116261555494
-5936.461334002197;-44.19326250593951
28127.39823316905;-75.56308255277257
-54904.606072325056;-82.00468444824219
-61109.78732175283;-47.23776920317556
-55928.03006311609;-31.430403293185044
2599.2538453321904;-39.63072507686384
27959.114855695138;-87.50646890057058
-12040.90897723414;-86.68270102614511
-63252.52899854464;-54.02220237344957
-79981.7421875;-58.000398449943305
26852.352150100516;-67.71594801498301
13887.931774322307;-60.69271296635827
-6739.245675312617;-80.00772556670836
-32340.55665057928;-121.0867300580447
-55935.29784253212;-117.69343149672568
-72365.7750816847;-88.32130704193995
23654.437795886493;-67.95928324076183
-62471.49645508439;-88.66956663112795
-26043.70672070032;-157.83704645043525
3534.7515380851983;-185.11068363703686
-59176.402936476676;-155.1358022009642
-80.67330019055225;-144.0205169793804
10573.042500004769;-146.13909614694074
-56529.17051382679;-144.61434422761124
-49717.63093549245;-174.91292848696762
37954.171875;-200.32025146484375
42212.89968643423;-184.42494201660156
53687.933176266335;-161.9491156196414
-24726.869008239046;-142.04328595161817
-27950.61234888569;-147.77396686360817
-42446.7945041529;-163.22297530640367
21038.20183428163;-149.6445896468717
10293.575462975321;-142.15872315693684
42543.44889335832;-175.28920108339852
-2752.4553328830225;-170.02161913543551
22810.01666924564;-148.5955287283616
57515.90625;-142.50368463014064
-8396.671898425338;-151.05143839473214
45539.71751096044;-175.16566302156625
-29365.22078281884;-181.60179352161487
14867.94997169885;-147.8927794258075
38479.1153652112;-140.76470076522293
-19702.876492247822;-140.184814453125
-56290.763976940885;-141.56331020318785
12557.659815777879;-153.12998316184454
-58947.59765625;-161.21261274828066
-29752.824732438505;-171.66196462023694
46900.37340534826;-166.40579287383787
16657.72301657107;-127.65433970922939
4658.906107719369;-135.7091489675393
33346.559885362454;-173.98075995691332
-31775.571833239712;-182.64796447753906
-877.4450057651411;-158.52772106496977
-37161.7421875;-128.56718863559627
-18314.056904860456;-124.73640441894531
314.6147705771;-150.96689297784968
20922.230825375467;-148.01626125941885
-2416.7977878133897;-134.75918517678963
45792.790306069655;-165.1898392216783
18891.661810031335;-177.14612767641592
58725.54381134697;-154.09426214572227
6614.3847434513955;-137.234393156222
33793.97339721795;-128.9330351559408
18775.897474796002;-138.18965907045492
-12874.697531708258;-138.05180385989033
65358.52734375;-126.7998141411783
46264.36254099732;-127.27994755615622
29835.494272832133;-131.86032668483426
-35656.27623167221;-120.39339038530937
-42219.48208724431;-90.18667899104504
-43135.145989104894;-82.56848907470703
-42310.4797420876;-94.15949596219109
-53334.466469456696;-120.38443683772469
-55317.45703125;-140.04770641191277
36008.16852636846;-134.3072033319052
12379.11081872815;-130.91508787553713
22155.671360953856;-145.90716376697395
68920.8828125;-166.3916015625
51803.84477958245;-160.5244697380805
-4614.701223255775;-140.9648055002295
-16586.580188575783;-132.6687041239084
-15487.02519255272;-118.29314393758824
-46847.09199292066;-89.61621010207816
-23318.51086250315;-86.19979215940877
-3716.0993816783084;-116.98720506845106
58949.05646925641;-150.1217265229064
51903.03636423459;-138.87356567382812
35708.97908003861;-103.86737047426467
-27645.505598239084;-95.56523675750063
18391.69307773446;-105.64509372360179
43153.320764317;-98.61561048253141
62141.95760692922;-98.95786374361873
-33342.60260990478;-118.74541878997852
31617.458254016994;-120.74577280138215
3416.9966992324626;-77.07193069360216
-24022.84000289926;-46.27412146653488
-17617.400556390574;-70.74689105787658
71328.484375;-116.76832470894006
28451.842182111577;-111.84054231872149
41726.516716990416;-77.52217648852772
-39196.546875;-71.4546575104164
17752.498356769007;-68.7830883656182
32308.935392792293;-48.636665822195965
-6580.750809694204;-29.995493058118996
-14687.898629432813;-86.43737551277346
-18560.17060657445;-118.6540404921154
-21032.936287723736;-37.40738567875364
15006.772281373029;16.34081979268973
-41170.55078125;-25.81386226818553
45751.180684775754;-95.94575442115857
13997.37255559853;-112.65736389160156
10236.86377330136;-72.2439933490698
7149.288141520527;-66.06119595557132
26011.208507463685;-86.12882536065246
61183.66098418379;-59.30972233319787
-16171.264168218022;-27.775172619597427
71990.17569541669;-56.22143682748262
-37285.89123054207;-98.85970122897054
38478.46465700296;-74.51869826456974
1224.2377012791112;-0.8709757038805321
21950.218879882486;23.355876922607422
76743.890625;-29.931576275805853
3964.5510388095354;-60.482357622666356
1585.8942875191715;-17.364661801944422
30635.374809140107;6.052761155706875
4666.27277330518;10.699717639105017
-29293.68219550157;12.550222664235633
52968.74208712272;23.573045296406626
37766.50038100452;28.039843086313454
-40925.96875;0.76522841974381
-23826.60869453261;-22.187603409705712
-788.0034600360086;7.427485146026136
40073.39629381313;43.02359739401905
31535.52055803094;16.915847231268017
69585.8125;-25.01370876866526
22871.17026562548;-27.698171615600586
14984.216914597768;16.69832480208796
55363.32702585681;47.718034935393376
36296.022869331195;30.245419344976398
-21175.70198770867;16.071050820266386
9743.111288129061;35.28047340336137
13893.163072794276;63.25824196890842
44473.024536881625;58.688584735745906
-33791.11742902539;42.29683640970427
12793.677593882567;58.33616467606659
67875.87649445326;82.80659484863281
14639.329839103084;77.06866170445619
-32946.25352655682;47.91543536224491
11890.816723654425;43.22910506563707
31155.93651738744;94.27035930206404
44889.99276609995;114.42065525197545
30834.000254638813;67.57583879594287
51815.16796875;34.081363677978516
-17403.964965049152;81.403748310194
11174.61490564535;135.03927612304688
17816.14582393538;125.17364192861014
-41126.5546875;84.63580648319967
34620.65145084518;83.36177783254396
-11359.505265336982;125.77753459010594
441.51518546193984;129.16980918350845
10608.744558347098;91.33870691730246
-3169.276554441203;86.88653908127463
-29821.91173433113;123.18017992867242
25666.00139359913;130.32675660387417
-43.51654079370928;95.43500943494882
-21662.883894714956;75.8839845190218
29687.17628826259;101.5269487980364
34402.769229700905;130.9104316025253
64540.00390625;108.4336028218244
48368.9356584583;73.66661071777344
-41872.88542487249;84.78364774870633
48116.7936012938;116.99098893369117
-43850.68056830471;147.66050720214844
20906.91032600921;142.12457052099222
34467.14592514715;114.6108635973915
-52437.816444219316;120.36584407135707
467.30952182264446;133.850586429719
-52650.6171875;128.6951536566904
15706.7039271838;129.955220011202
-1689.3097756269635;119.18255595350031
33120.60004539629;109.83367654905949
38352.99479194483;100.58867358244578
-44430.070827321026;89.70197126147738
45477.34908799727;94.96805502262617
-51602.70764495815;122.00754342571179
-2240.08817000049;124.23298319698628
45006.5185510813;91.57431643061648
-46811.3717788667;82.90840292537195
-49146.05781672014;83.02857130996388
-43281.16253216365;95.08677921303315
-7934.664917375907;125.51696014404297
-60978.321803734514;110.76579844200364
-14007.9228183319;74.59511467983162
18547.882048941203;48.487055647095616
43983.49226236572;55.28740423088832
-41130.92864653272;74.48479616282918
50910.6953125;78.91920655162333
-34089.29694640855;68.61624505300345
46080.78154874759;77.76874201716942
-37768.09264906861;78.82858776979991
-40357.254341377185;61.72527768738732
-59350.70234940069;56.33740011592931
1887.4121884727792;87.70922838849559
-61014.1875;94.97252074899492
-34695.59800232513;40.19346713673429
-45713.198317023416;-3.583284378051758
-9853.51089498867;19.363357047884485
30163.88087588598;41.01973442876037
-55693.59765625;18.420226768640106
32386.59582537785;-12.01856738332754
2354.3759671744774;-4.5184361150508
-49.019798763809376;27.328084512833335
56011.46484375;4.736320122657602
10846.374340156442;-32.615665435791016
-40656.18102709567;-0.3091945732014949
35643.96412942614;57.17064687907177
6985.600290617273;68.87382507324219
15636.120511990914;31.878029932242185
-7349.5475048019;-2.53306170127199
45194.47936102348;27.671885698370694
-35847.68495921487;60.11154080400621
29749.678626862587;38.314235910139786
22735.512969532036;22.13389903403916
-9502.376478121092;40.533457076243565
27368.441828979034;41.50291447329937
32809.320754422326;23.578793205689415
-40626.1851125227;2.015436120096858
-32604.762485646763;15.253642733607066
-9593.541379880102;57.75963592529297
-18082.387830291336;51.667037642551094
41588.4718492977;-3.5967743670125074
16496.229736067347;-26.191654205322266
35773.43294117844;-16.460919016990204
-48214.2109375;11.185078363130152
-24200.08814138939;31.8853087354653
-18046.569912779054;27.418342753143833
-33108.00422669435;22.272428686328418
19696.560665789904;16.783197474900966
33857.174354271265;1.0982156889691943
51212.74628484833;-2.072343762205353
21000.332863237025;14.669491174117937
-6862.425169568465;40.54766146631067
-47547.997671771525;51.08672918542703
66575.0511058668;40.310670153798625
34483.98791073622;27.774470238972732
69150.359375;15.595678844097414
13508.038264727089;19.468223916842888
8361.21329577014;54.24755613789384
48021.504389420006;89.72483055828859
-8086.368092087694;71.69174898274305
71239.6875;31.410305756865107
25866.98627596935;15.487045288085938
30305.91755901517;55.17378359827301
56299.11689709731;99.77083609009348
53921.83475085453;99.06271556700925
-37409.222009519865;83.50442070663694
-27445.800827146977;78.49086924135061
3134.1117232562538;84.92938603029721
-35185.19519734031;82.7919380448068
8762.5963135548;75.86340767007091
-13182.107949690238;87.3401947105306
-11762.671641342662;110.7765121459961
-48325.015625;99.67923117642961
63047.825000667595;46.76358009618017
3219.8617316011587;22.633682600116767
-44327.6056615173;36.9124167616921
-18326.955947008428;75.2968935983809
-12852.765744332144;92.25802765558495
62444.52702664361;74.35808544023308
63992.26171875;45.464458972929634
-32995.427237316704;24.17277138621806
14116.511265621666;25.573762022223278
-39075.813527734645;73.31576766464845
-42878.81877119606;120.1165579485203
660.4321507967179;94.24396799012843
-19907.856382517093;65.45625834066729
-56756.83984375;48.16052342709774
-53338.925732015065;35.999346978475145
-36004.29718042352;35.63345251683805
-12342.381804197059;48.72621552239195
-14100.16620451789;58.09022509981513
56124.610367209185;42.5276744782108
2994.9319780571896;-2.8841611716833597
-4192.821633736879;-37.63450622558594
54788.767924617365;-2.9756347870926376
13033.096981147188;56.4846224293418
34557.16469563986;57.7543212368661
20338.716925207715;24.263125281281972
17215.285721200067;13.153783798217773
-30728.156323256342;39.516241366780235
57167.861963708725;66.55483475823455
25390.192082306516;72.14761142042096
46547.845316636696;63.12921019890094
-44881.75170617542;62.32996294004901
4122.114512481123;75.91130389120049
36993.511145455035;77.18540954589844
-14222.34731756607;71.55452696305773
-34761.273719677;60.20189383273908
62906.421875;49.56252537107804
-51959.42578125;58.348382769117904
29766.851855823406;53.77567229060072
27335.763707698483;25.680860944600013
-37455.27695231435;17.135363969148873
-44392.729648982306;23.461923872652893
-10820.22612397524;35.04807790134025
31558.17996496809;38.553822601536766
48982.77852288507;6.128822001851496
13976.404447262103;4.3780032819244425
-1822.2507462729263;23.45984302112936
55331.65625;34.344099396675844
19712.45613894124;48.140134048101004
6440.395142931535;60.77104052757471
-25803.008978640857;64.05590993543785
34234.68224723998;95.19964007014018
-49852.05354067164;104.09546661376953
-2869.3078011032485;80.67618192674533
-26137.436900835826;68.38501765125747
-22724.871349223307;83.85058301061306
-59413.890625;82.92931887465146
-11011.13941475036;62.31134413951054
-36653.53166891423;30.807028720823226
-8120.351459023179;20.404247493256676
47841.171165444655;32.95386596073378
23310.62043271432;12.700645125577665
-25442.317083498645;-32.49757385253906
-26344.046821354183;-27.695328220739157
-22698.56723323008;29.684945742415337
21287.974525508704;38.69458606921491
1463.5520096200053;-7.688917921879295
-50317.88671875;-35.439843214438255
2014.2304128391334;-8.368737712430175
-38678.54774161838;42.22023858679738
-21659.051316992896;51.91943359375
22091.906098122723;-4.890137161258146
46174.515625;-13.6564052480037
69.18717580044176;8.024816377608161
31887.797586403147;9.892292699622615
-47858.975132183295;0.379683076711423
12449.144433197362;12.668358717838728
-21093.64889229732;38.68971862441383
35705.73635524594;29.446440947162415
-4032.925207537788;-25.945080889131013
-37917.31583128605;-54.40827560424805
42948.48251951039;2.742016286835714
-28654.43392045303;31.789304378082377
-4938.452528339301;-0.30013671383945706
12782.761674522008;-57.55888366699219
42328.942678848005;-56.961605829559105
43050.53492426165;-25.33353219733857
66269.45387520696;-18.09706876880901
57235.33224112436;-21.52312080852935
25970.48202173681;4.7073308854070035
68142.75;33.30477252768928
64925.799349264315;29.798530407943204
-40863.889398298976;11.393524454449604
-18985.07033169328;33.384962607715025
11126.29868751335;93.91188197610768
33070.878623774974;123.65410614013672
-48332.19140625;67.69525615803784
52896.89216463496;25.197278919569797
-15757.455756148524;39.501530091057546
-20970.337666981548;75.10592562248539
-26261.421693081073;72.27991659537142
49239.16595512444;42.50174515408948
34659.80342032619;43.45573058887844
-968.3693667719199;49.46169106528892
-12447.286025073816;16.212757967089363
16410.5057026696;-5.226476669311523
-24903.006087846577;36.56536559716322
-28639.722106678404;74.97022779892968
26151.67448886264;48.8534689412059
41121.49136528843;6.933130936193761
-8663.134217305138;6.8283789754295885
30225.03159047212;37.75395117863405
47597.241648538344;50.15099656187146
-50977.38813571486;52.35637450915986
15005.794275442895;53.525406391288044
27958.825028682622;61.137382206818
-30407.087791261027;61.72259649428719
48777.015625;48.7263698954787
25042.28910243632;60.89575435065531
-51502.2421875;86.30438995361328
7667.018670890298;78.2398856675821
-14289.630859911464;68.86947360402421
7396.175617928289;63.36091716063886
15963.691174619278;43.816994667664424
51998.06727829257;47.205507643124506
25515.402599938578;47.21014249972015
45218.835727208396;54.24770875453993
-45913.58522985206;67.942783023337
-11927.58873137417;62.2020496439773
37194.43919735367;49.09189427754999
-35228.16513064783;61.26117375506237
54466.8359375;53.059331523417825
263.5287014660353;44.981703448536436
-34744.832693000964;66.17968357435555
25653.754264246425;67.60536546317441
37986.81691111675;62.21595421376422
-19132.655924548708;52.59862677781121
-37955.66936985953;34.922210693359375
12454.64613430624;61.60878799973538
155.72220979758276;95.67034912109375
24417.57315978156;83.50014267226223
46649.06851667646;52.361322120114444
-63283.0078125;46.63542028186079
16103.895877283168;53.43938976426031
32996.4574369912;81.86512113319644
53291.52734375;82.54025481927201
15061.083391827138;56.320106524974676
40662.09799308612;68.98353109378077
-48692.84229733087;81.17622926428965
-54312.28944201436;74.39049694645585
41172.80359741699;70.27090391584628
-17993.19913798324;76.34415890849112
47506.901488754884;72.13808587151378
1511.3726551413201;60.31587591010316
-35561.13482755612;54.694675496198855
20538.948784814944;59.62698404119635
3287.8865395133616;88.08087159087908
37813.607988732474;85.14448228375565
47648.48324045057;47.43821678006784
-50592.39746591464;43.214454650878906
-13179.419580329959;73.42152778419893
-28992.752847102744;105.62943379211845
39384.491233736975;107.61552575654163
-57165.8359375;69.33534748332234
13085.350064291531;37.26391368573406
-16496.927057901245;58.69059192625339
-64036.815149149676;92.51502990722656
-42078.53007569305;87.81949764873036
-19482.58297249567;65.68972616559196
36621.19352913421;43.70304652328811
-39255.346952238055;20.313713527618553
-6075.9571746035435;-2.2947973242378517
25728.528445754302;6.700556423039288
-65196.8359375;43.694213693606955
15515.453854344698;55.530205466340036
-40928.991402900116;14.79142841096727
-14134.957018971065;-23.255102157592773
33715.90050047971;-19.843863334734927
29804.32437831651;8.604914502293955
41338.14552995631;17.718628167298426
-20632.121645288607;3.421810045398601
49292.32421875;19.819075065474486
-18443.106513055245;33.884473049728335
-17358.207552866166;17.14449423802406
23847.104827444055;0.9643117543939184
46574.5078125;30.103240586107148
-64733.88671875;66.17536163330078
8579.439822387052;51.42898338176538
8677.951844891591;20.302824137212077
-34310.65659631355;13.744811262912549
37540.27595557507;21.812692217574067
-1973.2359676251072;14.446366128535288
7113.648866845368;-3.569867844511318
6850.383979117716;6.021607263970026
-42869.31317218209;37.26367557327839
-26755.80356010334;18.06852440213096
-33437.636258945735;-33.42407761530513
41937.64882220012;-33.77180480957031
-23212.767716233175;-13.762239946591269
4987.147967264609;-11.305272797638583
-63573.822729601714;-18.575516372472507
-47879.83845474057;-12.012928140353694
-43207.31131836146;-8.942863043617656
-64076.57374100419;-23.346089458707148
-4669.641746137975;-72.30585415959158
-36751.49723324677;-69.38156209588796
-52192.144313865225;-23.948972702026367
-23188.215172122014;-28.156114824764018
7801.911743868157;-62.92943236984068
-20375.5686664675;-83.7681699429687
35042.41015625;-93.58399313089267
18452.217103550254;-88.55613000582021
-29432.494476090178;-80.379223527174
-47437.51334058227;-62.23497613709587
-65478.242952727785;-36.704239726004744
-76398.9296875;-43.1285912027422
-5084.566623634775;-100.36946184865744
-46714.79582854892;-137.84232016756758
-9692.953582718037;-129.27651819858428
-61956.48302938408;-103.29880450314465
-35253.34634359646;-87.26317876521895
-65354.105591837346;-123.66278654261438
-45818.626113627564;-161.9386887961167
-75832.65926042445;-189.44168090820312
-9225.185488699091;-200.90959049105754
-46271.9901679734;-190.72074698860507
-56845.00390625;-177.8452606201172
-55243.27726495026;-190.60789930764074
24729.801401157223;-212.0337676568875
-52318.103762455365;-238.6050562285655
-35543.65748266167;-262.01009929010974
-31259.443193609426;-260.71235095901994
-25024.034632428396;-217.52424136534432
-15336.015311112365;-199.85706885129412
-22296.245625123986;-227.59589689141077
-37229.51522027211;-274.0587593807628
-30840.40561775424;-299.5775263126774
-16974.953783472607;-269.8530131171307
-16065.690781037803;-237.9019283702493
-40667.56482912257;-249.73140354210628
74.53646502912306;-265.53224902482333
17369.948379669804;-267.62644156579603
24244.42969167244;-286.8170577728647
49182.828125;-320.063720703125
-21550.466665681175;-316.089599609375
16099.185314588605;-273.9495469655422
38639.74261690496;-235.67222032259733
15754.90488095874;-255.10698110755249
46012.338638626505;-295.2584701045867
74796.32349381618;-298.39945853823554
-17624.242653145695;-264.0874825852265
77213.421875;-236.71192618868997
3375.0799618327874;-223.62811952104835
-39467.31990598392;-205.8370361328125
-39688.515625;-213.65501859192665
-17558.240704729607;-224.65100166762494
-20078.801599646747;-234.73345677360106
-34290.626546430096;-242.1190696411524
63212.089628570655;-230.06319223594215
46335.21303493224;-220.33571761175494
61954.48493577761;-239.75197230524242
39674.36775423825;-272.17969167245246
-4418.501460596788;-271.3671060198267
-17570.727559835355;-245.72607510539615
2114.0122424523906;-197.5028475286046
56654.14114128139;-195.88409753118913
77532.796875;-233.6979132602892
-11506.863590339319;-246.3232421875
39297.59571614901;-228.97521589940843
36948.44359485034;-202.867979098986
59333.33942838236;-173.62916335619508
8672.870851092084;-179.38804492594778
102.99565376488681;-175.75909756332072
63779.25542654267;-154.67390022856432
-8254.93813316966;-136.40482131036435
33774.17605904592;-140.39528183030896
11408.694705855218;-154.33771601857478
71570.93353685563;-132.085084475156
-28492.916015625;-108.77554503868782
63882.79932169632;-116.16468976373241
11801.837932766772;-139.94857130470638
22958.69263557371;-120.03311081018767
75984.49206778042;-95.4225845336914
19472.17554094654;-100.58047926229841
86452.375;-134.54958701575393
15605.523045408685;-135.71824645996094
32565.66981810014;-77.87435461986081
65043.904232321205;-58.327021043585205
72770.13254820494;-75.67005387956792
31878.367299202517;-85.63057949482825
74396.32312342162;-66.06107622719911
68686.42527411821;-16.18243778054247
74502.0619724828;-6.136400498632838
-21888.01436480014;-21.018597594374768
57022.33637250797;-9.430183214013056
29258.59615953169;25.474412272722788
54028.83309391404;38.70338381324504
627.0681508119815;22.177462458577793
-22578.96305090678;15.72291517593851
22206.908777314064;37.51572177644928
70835.84084382725;71.83440399169922
43334.62466989941;39.501492701971785
-33021.5859375;-5.936873276451166
53686.09337626747;8.590608757634442
34767.26077184171;88.10445181471488
34328.421909810175;98.97695594690039
31537.180735858492;45.32384690310836
53061.0026899205;32.679527282714844
-27152.337632230978;87.04033438901162
-28075.217642511903;120.64999491677939
30149.093863252274;98.59140615497891
-27191.88963267159;86.38918362932202
-10725.07344923055;116.27871705370528
65695.0416878071;127.89147678638001
-3818.5408008629092;95.79317144294441
48712.1660700457;65.21992972088708
76888.2578125;91.80572981716101
-27830.371925498595;144.97561645507812
24909.395519167534;132.4495321042072
-2922.028790875731;95.08033271654737
-46540.3515625;110.75764403338981
69403.51258626247;137.4771013908632
4329.171289902952;139.58134647743904
-41541.73207824374;120.94986697716276
10109.72554787877;95.3228260249488
-31712.430340906056;131.5082974614494
62810.64453125;146.26237588378876
-42326.56507631058;109.02756903682109
-51095.551389474356;92.26335432482372
35872.9275849416;102.56957862475177
9752.658515284056;129.04643384743883
44513.224764530634;132.55360857504027
55926.68214650506;82.90183371658179
-28346.575114873576;80.33131408691406
9285.027579195536;125.89138509650421
-7312.245605930701;141.45837148783443
510.60369700747106;133.46209359484067
-44874.9724256922;124.31889109213213
-32448.31468219264;131.60387451225893
-34677.71798214953;139.229917092643
37895.703261975665;115.80850927320483
-11140.294199027412;84.65039070928727
-55971.23828125;98.35010335006433
-16121.107425272567;112.18261778775572
-27386.891629726553;111.47413619374372
-4788.625547902615;94.13026307519567
39984.122193250834;63.33879089355469
19393.094964541306;71.42977057092085
36436.26632406461;87.48145015552518
40158.531666768395;78.70119960131919
-8506.301167619098;76.92878877515959
13986.401285496846;88.63730439514893
15869.71761795404;106.67953767682482
23393.803501808223;116.04150255346268
-6606.155850875119;93.66519459345977
51931.171129203925;82.53536353380632
16530.63772812586;124.81266382138068
61404.359375;148.4766206721833
-12271.403924871058;125.1747203918526
-17486.85914611118;101.15779625686608
33370.33136854533;103.85276964125745
-38856.609375;157.24475217800529
37325.142675939205;162.61500549316406
-26735.15096552934;123.8537441179969
-50002.979257367835;112.8611479928693
-23655.021047280803;126.47495522887488
53421.83203125;124.71654498995862
-49793.613873321;100.57332366825543
-44851.5777515059;72.23402655336037
26158.74448121633;83.60533455105272
17427.870280360192;119.78955220953496
-4292.09988398198;87.59093686624593
-53666.87347818737;51.40671920776367
52530.34071853447;61.36020132184672
35201.97832762622;98.49728981708662
40355.06826400466;110.66074345015582
51880.29496967938;77.84027464914341
-45354.73004542489;73.6250649034062
-1053.6901533221317;126.69499568314622
51672.61801614906;159.37195984006863
-26201.1742661729;123.98562800272684
12148.148055243742;79.35185690022485
15746.193485919517;117.06679076233385
-57227.7734375;176.79916381835938
21357.221544112588;138.0362014218682
32692.85831626998;81.81861378400258
21189.572763637;97.17666159625834
-12336.498742899683;113.95438009791732
34999.410768527596;105.6329609200949
-14648.578078030107;82.99595743141427
-62616.39453125;91.19392698407118
51627.95903855727;130.44862168252962
56753.22175595397;112.88905555482248
58116.51953125;55.28380268592984
49070.85456273175;33.38749694824219
56716.37587013515;94.73281623881545
-5486.848569182599;159.83420468025741
37991.29669701509;173.5188242402698
-2708.668778444204;144.69562286829589
28140.549123355813;122.57070671363509
-33392.08019405957;136.4062091488497
-20700.514823769918;179.83075785289827
13321.133847029778;183.20276150325213
21351.694661239773;174.53614059580028
-27476.520799139093;158.5235595703125
-59250.73822897513;133.722065972253
-33756.92980796467;122.1285689337033
-39088.631530007326;133.11489055432259
-20853.846114171174;133.22458382321076
-3674.1029524631304;116.95290061292218
38484.388632177084;92.85128096988176
13434.196403059861;68.5225499109742
44460.74609375;57.52077853417351
-30179.755047117716;57.27512741088867
-24017.311392690724;87.58136913639387
-30869.27085099672;132.2975984523246
30323.179888433384;136.97269467282717
-52024.94490109618;97.28536099395393
-42190.62190553043;64.86868257406455
-29940.50137059103;86.89694493755626
33450.09252192802;132.55406440493644
-2793.5165041357395;123.9809946998575
-64422.9375;72.80831227570461
-39929.342365580276;70.13241450507985
7558.697728707615;120.5082015991211
15325.691583042775;118.74434860347773
-200.84040798478236;50.930876858623606
-34215.68822362247;19.0878255667567
-38800.95457391392;63.84940178687475
24108.52696620267;103.438883167178
-21101.08089002464;76.13312703143485
-65281.7997115524;-3.6220745564336596
-19440.31978510201;6.600308541823452
-78910.8515625;62.357271165062244
39238.04199275377;59.6494171637824
22535.37054358235;-4.776894645214767
-60910.88524349002;-29.71444974696665
-57667.64806889363;8.268121732923149
24306.10348373554;36.023625246041505
39758.078298335604;19.82803479202004
43239.8984375;-33.000885009765625
-5552.181746068833;-17.28783601271963
-13550.302847329243;35.65820550192416
-47762.727180499816;47.94661561499859
16220.652916091261;16.99782741471074
-38781.850412333675;-3.2695125757140033
-64057.3361394467;3.321018126208287
-73626.796875;19.73485565185547
7290.933288207263;10.582266554432408
17644.838477212208;-26.975843144164557
-36085.79860144162;-40.67348217571987
-31243.948491908777;-37.99477721912314
11774.833016068005;-41.6233184589299
16915.60977412488;-52.615173867919765
-3411.4023255104257;-73.32410441106497
-65028.37174930189;-76.36941284539189
9330.108068903166;-40.56725048615033
31277.41684302232;-26.64465022962422
-16729.822111661502;-64.3277383865383
-54590.69093905453;-116.77078247070312
27025.8040649701;-108.92630123699917
-9563.198512651827;-14.571731156191348
51149.375;-14.575897104801925
-62315.18401588297;-84.11599428674745
-53713.3891034854;-100.50157081765782
-41905.10756236744;-38.56429636313982
23865.072241484377;0.5333578586578369
-4081.834385228467;-64.91924449392069
-57955.918330203596;-149.36148225351616
26225.08203125;-115.01481227799884
17707.0932086541;-25.990348893754913
13566.099286844415;-72.02998912742636
-13595.96687489986;-154.3756155369174
4724.295167513235;-148.98106027593923
-38551.69830295629;-58.6637342310579
-63694.03515625;-33.02100468987595
-39476.49283685282;-111.63677952974052
-8124.037199559578;-159.76445016665377
12226.930941023937;-120.13763755499347
15926.109076610039;-90.48188519771801
-23067.56430440687;-142.0304933172028
-54492.741173594055;-186.91456604003906
-33238.93207855369;-127.1854552448398
13151.725474920459;-67.32476993108008
-48440.45703125;-128.22102759557987
-39619.21998731098;-204.46364514410877
-13977.85684470561;-183.37562592049144
-6077.442234064569;-114.38813941045869
-12175.947280109373;-107.24526977539062
-7570.10749179338;-171.20572869462694
-6521.441043365849;-196.97067214919718
-33501.711101179346;-162.1544152012815
62.52573580603348;-151.84349070675995
-29875.432888247895;-177.27926089365127
-12307.246538891071;-185.96144367063997
-18445.4868869356;-164.163704049079
4910.232579772521;-160.51045159853805
48207.89078486453;-203.12411924557708
-29809.783258857045;-231.93914794921875
-28178.90825504223;-201.38501886026748
47841.634957736635;-155.36355166170824
8261.818922358048;-157.24155174956445
64777.51171875;-194.59415532069426
17124.51889012287;-214.72890398299853
11274.22254138835;-178.1861114501953
-45301.98046875;-151.72428658830273
52809.32111706806;-144.36726245000582
68023.3515625;-148.601601323832
22270.58757918123;-154.09423153186574
30503.59496162059;-158.40957029180072
14812.288725902305;-152.20330315615314
58920.52634486489;-128.44938827986377
-28192.680943050553;-107.96758949241833
65590.28258810552;-106.21910919227638
42720.817636885055;-126.00123654971296
-3815.3011761428206;-131.61397003714944
-33627.745467941735;-123.76815348267864
8989.8699364309;-111.95473905863656
22552.456977067734;-91.4743368209516
995.5004491347063;-86.66461944580078
-227.0864484466074;-115.34276877760169
29021.619047579312;-150.70620181290062
9005.433277418502;-133.14319202489338
48956.529592582665;-101.29627128652531
20303.903989842103;-95.22376310384774
-7027.264108492345;-119.6955327822065
12180.299741951698;-122.25616455078125
52423.06466884079;-93.56502519431112
15521.123302407912;-79.88869522676356
-22073.99986362041;-92.53675130407021
41165.375291952456;-92.77371386257545
-37824.341204804;-54.13876386919475
-31104.473533537934;-47.46216426622
-30541.58906469352;-74.03787423676158
48350.83875843551;-81.53450790583628
4748.139995913385;-62.801540553458835
33748.851225604274;-56.3604673722711
-29085.733555768762;-84.22439197905024
38241.50318989952;-88.20967137209281
75687.21875;-58.10250121146413
-3137.4544611384918;-37.01714191465291
53371.629236708235;-92.29548033541035
-10682.538560494362;-96.9902112672504
-38164.8515625;-28.140380859375
34155.10148238891;-4.362910057615281
-1096.618903212453;-34.936660613568954
-8016.432858563876;-71.00216674804688
-38115.6484375;-65.35289934428242
15259.148854745246;-31.396170929811454
74439.1015625;-35.402143320995236
47506.95893806078;-60.47238368460077
57356.830626802504;-50.393977791992285
25638.01103697127;-35.38803778440656
-10620.165287532043;-29.765805992437073
61350.021851968064;-27.68053750007791
-25148.511340725807;-14.82098997673561
15511.621590271847;5.202994672271345
-483.4708312192888;6.030519485473633
3751.888119859541;-4.2841541449951706
-28219.404205498293;-20.667734892741514
70846.0882106521;-15.05255586906636
37183.05680710585;0.39300669553307443
52771.101348870434;-4.754338697951013
64067.109386682874;-19.964808986072526
36623.32874872204;-1.117701530456543
23499.505052482302;26.147059155895885
-21571.974168942837;44.752333415417915
10424.725403273493;47.7990678033623
-12549.685961437954;35.511157786278254
-40513.875;39.960531420545735
57507.01055296679;53.06939148164361
-1985.2349417382575;51.8972328626506
39704.021480739015;45.69401140708084
59421.54483335941;37.97181286472613
-22207.730334158605;46.86836507966748
50715.31826227608;55.53224161368511
60578.6210540521;65.71070512730046
71457.31726398702;80.68755579656884
78525.109375;75.06602354330835
8780.841604644156;80.10586659425957
14366.41362761124;106.56504261175351
16678.749622810297;133.7266357792058
40706.69977559359;142.7307456202345
28967.008073337885;130.89501664343618
