%sbgc_test_data;70;0;1;3000;6;200
-0.09424744574334909;-0.1499614119529724
-89.67597076875154;2.8541085962631896
-352.02244621470345;3.854169514284771
267.34506649816376;4.854230432306352
-1142.32651261535;5.849885795622992
-594.3893244763685;6.849946713644574
-505.1993579608961;6.849946713644574
820.2445075325886;6.841394754511453
-2203.4651186252077;7.841455672533034
498.2204117388019;9.854016721860736
95.23324238777786;11.854138557903898
-1322.0123016714128;12.849793921220538
2600.648612176743;9.854016721860736
897.6817698220111;10.854077639882316
-4007.89697413151;11.858284962332078
476.15144491432875;11.854138557903898
3308.2919921875;14.84136379813058
1207.5614045822113;16.83293367504062
-5249.5048828125;16.83293367504062
2971.1199665023596;13.84156203038576
-4892.9155869055085;15.833191871643066
5135.34235348016;18.82892622241758
-944.0149294521734;18.845403905630395
-6000.183197158392;18.85410046065938
-4073.3587835548624;19.845507733963828
-7102.4228515625;23.833107071465363
4028.0747432272765;24.841449741405203
3654.609356015342;21.8539542322371
6825.573511310686;20.853850403903667
3006.561713284089;22.84124208473834
-3116.0918561238245;27.833064671376512
-52.949420696698326;31.84126111289407
9252.679531867525;32.85418091705969
6059.368906133173;31.845380533697274
3738.687951042113;28.84964618292276
1887.2828751702364;30.853973260392827
-5474.482480080712;37.84142636947208
-5808.282882263406;45.816167331052576
9557.708853359993;45.828983306884766
11203.2470703125;39.853992288548554
4602.264866984602;32.858463287353516
-1057.8868590636157;35.84143395906591
13343.52734375;48.8201472987064
-9021.153434846321;54.8201472987064
-4603.634050645466;50.83717662699401
12428.91906729713;43.84569129113781
4242.210216381001;41.84143395906591
-1746.3514857268747;45.828661962850205
-11468.212962689215;51.828661962850205
2415.3091274662784;57.83717662699401
-8668.04517621578;61.81210567145948
3619.350402796641;58.803591007315674
-2699.1649180315744;44.858463287353516
-5722.774979638431;39.88353424288805
-5909.169830915536;49.854205955281614
-6432.464692886039;63.828661962850205
-3570.165289320237;63.858463287353516
881.7001440807453;50.88353424288805
-11946.7421875;44.858463287353516
3540.6246271019627;45.82251248319079
-19853.476246138693;50.840646789003145
-11591.325233788471;56.87268581035886
4576.493040438694;61.8499054316908
6697.669831928848;58.81344628206712
-21027.96875;47.83166387533943
-13042.864040964185;36.87333679199219
10385.93080828034;42.85913531868358
-5393.234831913347;61.804335089123065
-2274.166142229129;64.82270013213896
10011.721346457565;51.87737208241913
-1552.6640395217073;41.85457732590364
-4759.048270297908;44.77711061910797
6963.555502171344;52.79548045473969
9018.425003057811;54.882334083503345
19784.49687048183;55.8775099469311
20317.581226622344;59.7905280388871
21995.615234375;59.777124996955415
-9622.458258338467;55.84065158161896
609.8727451172781;60.859420632939134
-19430.028697233975;80.79108428955078
-18467.04179068785;84.77845001220703
-24892.73646378931;71.84106499912951
-13773.410437354083;58.89141437890718
-22434.30535449633;59.83680963730155
-17377.49010639992;60.80296207701796
-24601.84235699694;53.85779790831437
-23511.134036101488;45.90024939604076
-8055.577368057515;41.8535425464864
3898.261970706524;39.828773859346356
11041.649658776842;30.89092028372768
10105.352324985892;22.94658088684082
12080.309332333694;25.872399945005448
-24979.484209353635;40.78171718367601
9635.757862331004;46.813565374210185
12855.255859375;45.89081431362166
-25044.255859375;48.89117052289722
5883.628707522053;52.835978482325245
3242.4490142402246;57.817701999612964
11672.016609877603;63.863702813775795
4122.071154262485;63.85898527256624
5150.670059089083;61.81823825478194
-20364.3393844822;61.79993485719003
9654.046390250434;64.83189266828956
12442.847579059628;67.86415553601562
27917.792149101515;65.87305093464258
15703.58510005899;57.845790864084876
20549.495865874487;54.80895214696084
-27762.13168847111;59.80913531244352
11376.233408928238;64.80901342129967
-31076.15234375;70.80764692542093
15425.751614172841;70.83296662542307
601.6224699738414;63.862422709171504
7455.16561667894;58.871086185858246
-5522.132034009777;53.841617584228516
-8084.479902130955;57.8076587857684
-12447.036521267823;69.79089318919044
29109.05079406539;73.83319854736328
22119.44535803934;65.896235238259
31278.435546875;57.90466679300552
5614.994514953592;60.87103742940071
14133.219390054212;81.83246807783281
-19325.41457827473;99.80729514308949
21714.541326651524;96.8288534897111
28955.635649529257;89.86264735202158
-3862.5698694451567;90.8830710262725
13311.41960250357;93.88713001038523
36925.96783563685;104.87525707336495
37984.17578125;114.82417441955523
-13864.261043349157;110.78602918479996
-11335.069003124809;96.8057978920502
-18008.28341192644;93.85553530247955
-8042.866505661659;105.84529999717168
-34197.864310355595;119.87078857421875
-43988.1640625;114.94969934015347
10384.461455062927;102.92492429345776
-32096.458460911035;98.82529746494006
16214.611850456444;87.79532876176096
24760.328971530995;63.91058349609375
-8081.642446931175;64.93527672546705
-20356.104113954683;91.84542875085893
13843.662440012056;113.8045354297077
8709.225173192543;109.88239412735288
23061.307777260663;84.8863398440499
-44908.23673350856;80.7998020747112
-27901.23362777337;95.76767187199732
27439.241853942236;114.84077856282885
20423.092393356885;124.89623260498047
-10371.598980586408;116.86417962802858
20726.170958491013;91.79956188930105
830.375702402569;86.78118443032858
3343.3027030816083;101.78567334585283
16542.732181482133;111.82242826379775
-50146.484375;111.8730717251909
13878.26589823603;110.86799379908089
-22537.69760305719;108.84537186405643
-15247.106922074796;103.85893874227042
19721.477447298355;83.89139061021852
28050.171875;73.83671569824219
-33419.88860314875;91.78164189526963
-48969.96679538484;101.83631680724596
-4622.306523259867;90.93172698405554
19600.517708424726;84.89541040855299
-6527.102638843717;82.80366391964193
-14770.247361430469;76.85870021431579
-2525.7428047547364;73.94126432188722
-22951.854718900686;92.81734391974804
2494.5613075428846;111.70396423339844
-49978.206817173384;108.80409620061918
-33758.10225366675;84.97388018165324
14261.077958429742;72.92818441544372
-22193.37091630156;88.77673620040699
-41694.99125218517;91.7714706752925
26258.001953125;73.91901169966476
94.6040679981088;77.86826654882941
-19034.929874157642;77.72186771841851
-33736.63573095168;51.785850922822064
-67527.8046875;34.95115661621094
-28677.691877766934;49.92717137192517
19228.431314696863;78.73963238743514
21143.245140881074;69.78119515693086
-53366.14262110126;1.0097985653422192
-69133.640625;-21.07172966003418
33669.68162286228;34.63417635686659
41782.851892064136;64.69937487859606
26251.727315031603;33.02779524084828
-31809.23369888388;-9.903068961675732
30462.99800103763;2.7667322336352242
-8710.683382325871;54.52903838609795
-19509.125302323984;74.71769714355469
44730.56756827801;39.064514084483974
881.5588446932088;27.960167097776853
-6649.368056860272;50.639520506457615
-45068.74012213603;67.72650435200273
44767.06640625;55.03770137824934
-4518.531135257552;49.95107145673548
-36618.390111669134;69.55652178353587
-17614.661807587472;62.616487626252024
38802.11345768513;27.042235031480672
-22270.870708871058;12.111222201519737
7466.992038781871;30.785585384640733
-40668.088085597745;43.685394026331096
-30547.550860407384;30.920924505548733
7449.329953547494;8.988782742929569
31773.23037761172;2.811121606694357
-44335.90152898924;-5.234285160252947
-40632.83605599765;-4.062321008308604
-4329.655027829067;16.04368331834206
-34803.432252127706;43.87840981861385
39386.06640625;22.727577490624242
-14557.550706801529;-15.146281774725015
21683.13808707599;-20.98992156982422
32388.53853063153;8.917124185315618
-60976.461865215;54.753173828125
-49711.83604300344;48.849433307285054
-20149.80449336175;31.929923228080696
-65623.3203125;37.845221580793854
37174.802731335076;31.781982980103507
-51105.89357718894;-4.11664281811273
-27525.490504690315;-18.0195587784071
4861.510507904299;13.837293213744672
20499.97159155934;44.685787200927734
-5004.303021618551;11.798635093017694
-11920.74496396909;-73.00255584716797
20071.370693552206;-62.1341539164591
-50763.75183826334;-4.293854943512741
3167.6874337176123;22.803520590602616
-18420.351523159734;-0.9984951380185549
9929.496895218515;-28.0868914901026
-54095.073327871796;-36.34055561329129
10220.273190729233;-35.28999131562694
4789.647694803454;-41.045646997702605
18641.02024569307;-29.002768057297168
-64557.977602752006;6.711030554072181
13712.950312528614;6.696663862822078
25428.041524723812;-26.091717242743456
40592.109375;-46.050643061959974
-31448.13803474151;-44.200931563508206
-69556.640625;-30.243691014025494
-4229.4598295350515;-2.1334637467773234
-12633.399006145664;21.92356075153333
-28945.216347919115;2.845265608622313
-3320.062962307733;-54.17710435958379
-64580.3828125;-87.119193118598
-63981.97675485006;-48.14530749367842
13008.36364800857;-20.164858092102477
9910.026266422778;-30.105509493804803
-21515.722228156374;-75.0399639686441
6372.743467191176;-107.07172393798828
30811.37252072875;-98.11436661062422
38494.63196006797;-75.13898828355096
-1440.827893011643;-67.14581507501683
-43665.319513892595;-50.15532735941935
47786.21484375;-24.193584166997212
-29925.98501547145;-26.19318042064269
8433.729373481227;-48.13835841894812
4874.156377259802;-71.09115225314788
2442.8102748311067;-44.1895467034519
-38205.93588192293;6.675943053703335
-19912.542675426586;6.778441905975342
-12759.104072230155;-32.0877330606245
49236.11112409207;-62.15953857883359
-34258.16693386257;-54.273535792339445
33314.32801818522;-47.13048770186353
-35596.78991630299;-56.04108814103641
30178.445209738464;-49.200725297086436
-35852.20962186613;-40.34515853910009
47243.09166973442;-54.25573077783792
20834.185616435745;-96.00363387087097
-49790.29516047967;-94.0369890872933
-40613.82953433523;-68.22295533544424
54887.0390625;-33.286279608085934
2024.481897993799;-24.155544444166907
21119.43536060481;-63.05464521695578
30187.76709680281;-96.15416717529297
-46508.99091382908;-80.2267723848368
-43352.59995384075;-34.171674420116375
-51604.33438320185;-0.0750716496937116
2123.293900875884;9.921634674072266
-67293.0703125;-19.171759021421536
-39586.55757984405;-64.17636113055192
19170.114360007778;-81.05835711233863
-53873.1746636288;-63.06194347307434
-16820.763351371046;-42.1962890625
46811.890625;-49.180383364485664
-22233.187961115604;-70.09591478755303
32353.733143292033;-106.07430398351786
-65921.9302222892;-118.1340405831503
-47289.22201738792;-91.20176638987014
11575.260472140406;-57.21320748178546
-67606.765625;-46.15101113201378
2470.1655238120584;-71.06589142524658
135.83916793190292;-127.08696432565061
-60778.380899609365;-128.213134765625
5769.998592333752;-100.22688054518933
-47039.552107970674;-82.13333798685963
32568.484184259316;-81.12135965443511
-38741.083020836515;-96.19209274509463
-9564.62248746834;-115.20573492862484
17024.349893757433;-125.13388552066007
-52895.446347029785;-123.10467864396963
-63846.20703125;-103.22299294991697
-41866.52690522524;-93.269688400812
27004.138471299244;-102.16370074336507
5129.561418202284;-133.08647323765797
6706.1075121191825;-169.1083526611328
49422.999294915135;-168.19172607162494
-2664.957543746379;-138.23313537252125
47929.03418687008;-108.20915626560571
-33799.86605801711;-112.15980497758324
-10487.629114514988;-135.14680252380214
-45233.57892009062;-140.1805210451722
-28696.73649925516;-116.17108657680447
-1964.8960044237538;-100.06176065224973
46472.60589058495;-113.05740948481858
38623.65855158439;-128.1847204120536
-292.6310405190452;-130.24267193791368
54422.9026213373;-133.1803947688786
32401.932002376634;-130.09168415987543
59150.6640625;-108.14257897765185
-42080.486732256824;-91.1974703132475
64331.03515625;-75.14628183791136
64195.67880538394;-73.1212712841562
-6396.94160009022;-78.21329834258425
-37181.08787870371;-87.246826171875
31842.084205336156;-70.18806140816535
-3038.7334013880172;-33.17946582481256
50493.84668037297;-18.200498580932617
-41282.89932140425;-50.14235339789176
44205.77316545609;-81.09593563450628
-16956.4503391727;-65.23932333793225
-12054.494391985456;-28.31501539469413
32033.981816690575;-27.176078657644524
53310.62947561094;-69.01119523306414
-3098.701404936277;-71.1331365729512
-36324.402113728655;-40.280699504474285
-42413.72453117132;-30.158807522202743
45226.94259730636;-36.049459970717386
14924.253718608852;-32.15431740191777
17634.80747898991;-31.26402920320647
-47953.0546875;-49.15513441304858
40498.85993398941;-50.01679611206055
-35578.636890416616;-15.169093671183958
-2203.2463212082657;10.721507016596767
54180.03207781457;-16.10026770877632
17689.30083441896;-42.967610525350736
-14726.038270687735;-36.12249073836861
43735.303992131;-18.28753608644007
33281.80029891449;6.816519722778601
43371.99384026803;15.932119184400818
12953.983009654337;11.88250273155235
65225.01171875;5.794209502783588
-31792.839800714133;-0.19700387951277776
-49795.12109375;18.848477021285817
26598.297601841216;63.83607036513622
54509.994921052436;79.81858304866293
-30341.35431476886;47.84563279618318
48379.355498553225;-11.079852791203898
12234.383191954745;-19.0958743999245
21257.462857304985;27.756048240467194
-4548.088654004983;60.73942138480248
20614.978734797973;50.91627179867989
34377.67277529603;27.921116020418477
13607.08925304994;26.736328125
15378.68371403584;34.78652781894763
50897.0703125;36.929905714374456
-49246.07083250679;58.883328482422705
4632.1853064821335;91.71503598270851
45268.33348075999;95.71935007713114
-14080.080962267675;66.90785165851298
-54075.5078125;45.96926269149396
-53426.7774719039;62.831398775824425
15354.656664384136;100.73116182462374
18279.549508651995;106.86295882722814
-20987.05683547853;69.01943957944972
-4531.731430679116;29.955674387783127
-32766.718378055666;36.74038855876056
-38686.9834122364;75.6990022963446
38508.72351207961;82.97401568926509
-34208.34135715812;62.08311168398117
-13673.222921498767;44.912857385362315
21360.930657595207;44.722198249532134
38199.328125;47.82873257869774
-61582.52734375;38.97528175244337
13496.718439569537;46.85686552666088
17426.540653456133;75.72733738752223
13648.978114652316;90.77837580402228
10876.329431394872;65.95878342554465
-50466.048465956126;42.97111743718961
530.2845095198718;63.731229739902645
2995.3686491101034;110.56318081734611
-45109.553096543874;119.76581573486328
-57768.422482926326;69.04295621192003
-13619.207095923011;36.81997305120056
-58357.667425496686;67.5756949811458
14809.196838783115;83.69320697687213
-9049.894246688738;41.05490523193463
15710.574115273179;7.039558410644531
-10217.725954573674;10.63804668119517
19635.828538907284;35.550525468186045
-61081.59301272765;30.878683143704432
-32205.461130624943;8.089822513334564
-25914.31604336585;17.78678820576838
-1795.163562520982;45.609480240159684
27863.5743911319;21.91240633673113
3519.798474956704;-18.871997833251953
54223.89453125;-13.142580611590743
6380.791703900839;20.542063974928887
-23012.78926218165;48.735611750535526
-28163.928192689098;35.077177189644104
-38986.386640784745;29.013381840657587
-7088.169925868628;49.685245632139384
48400.57419276159;58.64293168306854
44509.353177715966;33.05145369828426
-28787.13155838;17.064531450745726
-23232.346003481973;32.714643730032954
-36893.842006391715;60.52882432118325
46394.16335687869;60.8121337890625
-56456.34765625;33.131704448842335
49581.1139017533;15.030296516144872
-27022.233137927447;19.712806219162132
24306.834468677524;36.7037835171797
-4372.899933562636;31.93737672352975
55600.31526872025;21.90872261721894
-28934.64358475896;14.694802284240723
33977.20880436349;15.71630831588725
48152.19393004729;28.96792579576895
15287.866165010724;49.07929180933536
40120.89362505294;63.81283865994514
-5112.026478621781;71.59716199599606
62185.8515625;69.72750770814666
45775.61780824172;59.91135668141196
-28739.709111336768;59.920676991919684
61953.554648338555;79.77666649757447
-18255.48334911315;114.76884026777269
27697.069852278495;136.854248046875
20871.114374611367;116.89573512563526
-44271.11328125;85.82368395498567
5541.1424939010685;72.70627894641518
34732.579888874476;92.78222778005225
47843.54768046214;115.99539313058914
-23587.90576426693;95.0509461971512
-34704.2824055309;75.90498342690704
-22126.80423812687;96.71649519161036
-52512.73828125;113.79471330738454
24293.18182331881;93.99654135874448
-34893.14222203598;66.05541703835411
-30039.884146731085;73.92299220144838
28787.752650222596;99.84106027403666
36826.739103163534;104.96935688786814
25603.48830217187;76.99320651900835
-32774.69141209143;52.862674713134766
-44040.3990710571;75.72743759501037
-47918.61344254509;123.87496849792566
15978.957808339474;132.01308969057675
-41006.929770293376;113.97588252360563
35816.558689299156;94.82388077948744
12402.33353142548;83.73994813108152
43430.9765625;83.82811714964245
15831.090820223093;78.90031446842896
-6709.108675220115;84.81850886498437
3979.045613250375;114.69025976577029
39116.52453163624;127.81277986084622
-29293.665360490355;102.98946942836906
-30419.359413863414;67.87228873118958
41295.983305898466;71.65901125884236
-16560.375277527695;107.59414224929942
-39014.91464568964;121.83422395677829
-6734.828460226752;91.04261047906259
30704.389097643972;65.91968872746008
50616.2265625;78.66627066545855
-66626.78715294732;86.73527056418439
2731.0716946546745;77.01442118739101
-15145.165660906932;76.91872783831676
-67229.1953125;107.59300304276283
-43242.56116243095;110.68936640923704
-21138.677290128027;72.11583308001828
-38856.67011422506;53.15715789794922
-33388.24261213645;70.77612619297867
17408.25198799478;86.66691817198848
10283.651605464343;72.92125210139329
23128.549372987676;48.03027420761086
-29279.178409239386;49.81536152919669
-59696.40836900979;58.73899683811318
-23415.415493412773;55.950585966453374
6992.56854564519;66.06848252079006
-46715.135688750306;75.89636993408203
-73311.95121014235;54.73470913288078
29167.98478235057;22.849915309075584
-77592.8125;21.951067101738218
-57614.22702456931;34.88259271391253
26344.28059677276;25.80764828792921
-62865.90998923269;11.878203022719035
-68182.31439888311;-6.057331246736268
-33079.25182205039;-13.141840263685921
11319.659439065028;-6.21764685886658
-14010.464944723353;-18.226907376538417
6968.529151792856;-42.149959564208984
38441.6432569234;-39.10036033570765
43591.62109375;-28.180885720719395
33339.74420780147;-18.302561935071825
-45472.279478317076;-6.240453134185685
19733.12189587418;2.8367345958778003
-69999.43530129637;16.717073308445435
-63711.60647580121;21.698423385620117
8979.85581011622;7.8153431485190765
-67236.95168127184;-0.09943817938585653
-49034.22662854396;2.8202854486774527
-57356.35301522874;-12.252616435916053
-79895.4453125;-36.18064256336821
-65401.07518902402;-58.110097305977035
24641.63532950214;-73.08704583190179
5587.433456655126;-84.07507616174004
-39829.800731418996;-121.03630992094148
-40238.20137817297;-136.04067369220013
-70519.56820046417;-114.14411724399203
15651.041846479493;-95.22211491451507
41326.34288391807;-113.11330401943634
-5759.169417783138;-146.92726761430288
-41769.70380350038;-157.9646453857422
46350.44140625;-122.16033497963251
-45141.0;-51.27931912896267
39990.34953075407;-53.14979881931349
12587.941676446098;-100.04029731635234
39510.38321925451;-94.18850398483495
-28767.117424256874;-72.25677265369863
31115.558433408616;-44.11866596323033
-40384.13642870495;-24.050275086985465
-1303.5673646623327;-13.231953620910645
-41863.777796639915;-26.38004559188809
35372.584476485965;-63.22801954276859
16413.915172253146;-105.02824315728785
-44217.75270017281;-108.10525364026954
16059.290381591047;-67.33783942220354
36115.46227071778;-57.278656659973365
-33358.89704127819;-81.12370309421664
19415.99745182367;-143.07322892018675
3068.1003133273407;-169.18617248535156
43863.70823565821;-136.2885754886471
30546.935924243517;-91.15908840491562
55031.33203125;-77.0162629599348
15167.662951435515;-83.0877284373254
-53813.875;-86.3310546875
50745.211749936105;-68.29766525702564
33005.342442711044;-52.08309850408396
61026.14887346169;-37.01639260098128
23025.081070155386;-26.12203701716752
24075.634898845456;-5.202479478644719
64887.83984375;12.818522964241453
15586.073183206914;7.820373472406487
6839.30690950976;-4.201197981932637
1291.295914203416;-8.193936981192778
26542.62509656248;10.857249929444578
-8036.897564682549;48.96168824865069
8420.57155165878;29.97037177802291
-48995.81778566279;-4.1289405543348465
2830.9006631457523;-17.252953904022945
54802.52308832534;-12.225901441148864
-23791.58239562431;-17.07127808606282
46090.17150901632;-33.973322650149086
-28863.221568610854;-28.060600574719373
-16646.367545496418;21.735287193456443
36193.74344173921;35.7853196927865
-41210.750439776486;-12.009999508074372
-61210.77734375;-34.09626100797272
-12697.243510167435;-2.3046487996884295
-2910.0670588215653;56.72573105001827
47758.44140625;76.94043731689453
10063.013245867609;34.998502594822114
-42988.27195294142;4.725141825571043
-33665.01365142998;13.574924427432606
36581.17329446833;37.643506674144135
-53806.377626141584;55.89117019610944
-36594.847988377216;39.94093621019063
-13265.917371254807;31.748107690124584
-4880.472103817294;38.6881400542085
-40420.92563271069;13.823191958343699
1015.7779295623259;-36.04611600074369
-54092.37734575278;-48.213134765625
-15686.938253544911;-12.365213052301016
46345.070698869094;6.802950084273107
-71066.34375;-29.889530292424496
-14266.367982173375;-75.94469387000774
-60920.24307110622;-65.34882252619514
-23714.73804723502;-14.343692779541016
-28860.69731599246;-23.019732383571792
19381.49487813578;-62.869039862310245
10408.208804065449;-68.10858065213152
-14747.72370901936;-43.34435106872891
-41314.79678940512;-24.150833250259936
-59995.16203254227;-27.90890388088289
-27413.49426752716;-31.095824568920747
-68356.95386078219;-18.485729758120343
-27275.516078724402;-26.229051108573785
-36402.45968123417;-54.83454403132323
-23684.947301925335;-65.9407706459612
-42410.78263000885;-59.36854665677468
29842.750283726768;-62.47547435565497
31686.640625;-85.08469281115246
-35328.42491612178;-107.95148869173737
-62033.4761853103;-119.18890380859375
-1526.6081223105575;-97.37335534916082
-22760.011831644642;-79.19049757763243
-47454.61797788171;-94.94551677693963
6722.255631141852;-137.10044418913796
21688.937680249946;-158.34808349609375
55496.03125;-152.38383386607106
35312.39145805994;-132.1199716040674
-54400.5;-118.9905188179767
-29063.626153504287;-106.19007219354216
-4764.777650246433;-83.393024558787
-27608.04295814005;-77.26508220794032
42712.72399393827;-110.98578269768268
31470.523830664242;-133.0810585689053
-5036.441795003353;-100.34251440410688
-5329.9061489074375;-64.38846174312235
7624.448902001255;-52.13581848144531
24543.08813936278;-66.03997543143569
14065.572235404528;-88.24708098322121
23235.07559053316;-90.3523962738189
34871.35645762124;-79.13863453737136
46011.93194461796;-64.98583516678178
1598.9941790711673;-54.175552337545895
19265.94324653996;-52.35232755976098
22695.268410588877;-68.21383969138458
24132.59698460436;-82.03203582763672
17157.174442608033;-80.06615933474941
-3762.2242296222175;-58.20104787895924
23998.65238630901;-30.196478322714498
66215.2421875;-19.104967826562458
-40076.66551361936;-34.075246385736804
-43779.03158957802;-71.17556101446291
60474.514083636444;-78.23885879367586
-23752.59690598344;-23.14676642113036
3675.135452649105;7.001654624938965
51577.501727633746;-7.98220981186418
-42360.59263839906;-16.159549556638694
-46322.26171875;-11.322977120786021
61257.57481213234;-9.242979255816792
54996.52346104455;-6.036712135420075
-29975.869011398187;-13.015777473334452
-43696.43413235401;-6.179827565061537
48894.60793550391;31.80670073951579
41539.27647325721;35.89957565300399
40971.264476979515;-3.116397863079495
-29691.12341816366;-34.154170989990234
34897.77501230278;-18.20607218915689
6966.844819220751;28.78146013408962
-34811.70917565214;67.88709500730428
-6043.173232835245;38.987911287522465
-44410.26413364628;2.890913064709679
17369.09436299288;6.693218765272761
55778.57421875;13.784767956148258
26989.691577558988;-4.931210147234712
2872.0717714278144;-8.990877150674326
24125.893781400693;35.711950961229476
-55224.53431949446;74.65818786621094
8689.53194823012;50.91785297247692
-7926.938390639778;-3.9266708682649885
-55338.13671875;-0.12768595870677046
-44579.81995343066;47.653515414700934
48834.313594255465;74.87791442871094
-42689.85398043621;59.10107286898956
57031.351456102464;10.853596052455664
-50763.55083370369;-0.40136989522839883
-13225.057486440717;18.744941719516888
-55101.04296875;21.023428848738796
8059.83184134381;30.014532103203663
11292.394107865286;48.78060838187854
27177.68817116879;37.7347718690332
45041.57758043535;-1.0536197409491734
-5869.136780323475;-20.961864471435547
-36284.68688211939;-9.214055030460226
-7834.027569777711;39.5979250157782
-14700.010380704094;67.83624849340704
30273.204872601913;57.087288031416676
57161.5447429364;10.99106575088112
12935.227819361899;-12.288111478229444
-31416.14318235572;-2.328870560385308
-47575.52837583592;36.8134324008626
-24421.680154159003;74.86182754910796
-11361.467559658922;73.78682636723518
29302.909757959613;32.798269664938914
41924.53707247859;-2.0236148834228516
-23354.915424388484;14.937970978029078
-23788.49580549314;47.71897452794465
-15801.398942545573;68.59656555392786
-57599.23048478414;70.70608024077357
10530.927667377327;36.916290968910296
40369.45153237489;5.945662822438744
5930.537403294475;4.904502719170508
-10320.191841257976;15.867763209554692
43686.17074688806;38.813429714293335
25958.878393455583;67.73022710979048
-9785.897907062077;54.68982631388111
7599.992571484836;10.772035589703314
-35780.236660848284;-1.0627432458295294
-58819.7421875;36.96420505326468
53047.41015625;78.86830925930552
17326.53198697431;82.84129333496094
-56307.02438834231;44.866144045979574
21410.794213034926;-7.213134765625
-47896.312868367946;3.727348230194119
-28880.361893730736;37.84491462671429
46527.83203125;38.997276616525056
39776.02782584708;45.02688899983069
33467.82041848029;40.88348683525958
-60349.640625;15.740200280917627
34730.11424818606;4.790442741920954
-44132.26356738487;22.836385129641673
-35539.20647601579;54.81153205214746
40193.53069458697;67.85385839557918
39637.40382646078;55.00513814097885
-33764.81928387126;33.94265058475953
-38654.16928575482;34.70200380742155
-52717.16630584887;54.64343095705434
15567.384921257471;68.76160430908203
4523.129346622554;54.883409761773486
-23580.032505431343;27.975641367902362
927.0597154840434;12.979864367698877
-32253.002255270167;27.853912988697004
-14743.88336469428;57.74313711447009
-18731.48331555471;44.78543816601771
14823.135547006139;-6.142958635726082
55490.39453125;-20.154877956761872
-31800.30740221679;-5.134796434760396
19608.95110076449;16.942420494000892
-58475.31640625;26.945573026086826
41466.84197837669;38.8064051467542
22132.286263738104;27.69785649584295
-39239.88550504319;-1.2249694218782388
35230.67389124824;-30.00450325012207
28404.97401897298;-4.037929606975393
-31344.68106679357;71.71752755492848
-54009.48270637665;81.7872085571289
6334.921259980503;41.989536563001195
486.5572675061776;11.89308019813214
53033.1425772309;5.642815723786491
10621.63468295084;13.786582809082915
-9636.346925236328;26.090938063846878
35801.07632643456;55.00523469052774
-56657.562900078585;86.67631332197686
13273.057608574367;66.65286301403795
-34622.220623788795;-10.021662931284801
-1759.8761024811538;-6.027426704967645
54866.91585337621;41.761845658215265
-26690.76853027865;78.77713404561246
19918.429324913886;62.000906318610774
-1602.8546610824123;23.010278641535464
32835.31218283401;18.71767253353594
-6132.175524286533;26.584183574679656
-40661.93820901889;22.85347111247612
-58446.48575029994;37.10553319809199
-37603.758707491055;90.82735707735338
-67634.109375;101.65361022949219
37686.15314033079;38.880507311749824
25262.76624109241;-28.921325947631757
-20501.506715145;-41.07173156738281
-32322.978089021533;5.628599621776871
-9560.47699482568;53.74455433716673
-11573.716189902378;61.99219478921859
9413.498214190346;30.950377462286205
47733.546875;-2.246907989895913
-12148.270897251336;-32.21821975708008
23739.69515370838;-24.07263620246023
-41827.09465113052;25.894671827828468
-50132.91800618286;71.72198029570312
29058.92780560472;66.70827952693546
9544.9621390471;18.9269047071584
16917.054540629673;-16.985575263230338
-62719.74609375;-25.146280569498614
44598.63789764664;14.68441327246056
-454.72332473649294;64.69876675232214
-30450.40884621914;77.89165496826172
19640.717394072155;19.945102651485882
-15525.882505109468;-22.14545296459947
42200.263986477905;-15.233132266640304
-2453.649156532774;17.844859366982
-49273.34618981178;51.96793205897343
-11035.883840771108;54.84946584531275
33486.56537738282;46.675318982023654
13689.240961812291;16.758083801846972
38907.273923769535;-22.990568704163003
-23047.857101967107;-24.990256223795882
-6260.311228474915;31.744068871157964
302.3433912882974;83.63479287283761
-31126.500236458844;80.8628524881325
-31227.464153685967;25.023329201574697
10868.370304739234;-24.142139727142247
42402.76711867837;-2.3206469302145862
-57846.75390625;30.849267062761925
29046.464674586852;37.11871538550197
-31874.55107773255;39.99180727898229
30742.9644352669;51.57560025506575
23981.441493692677;10.698719381947733
-17198.06892808027;-28.935165066028837
8293.79041544751;-33.85657501220703
17749.21423940007;27.768036487763403
18749.67487374159;93.6215591430664
20886.74445504909;77.90028041381258
-48438.75252826777;11.064420990596545
-61310.46340282334;-9.2394009453153
-61624.430319328516;22.54965829833236
-18088.185308627966;61.86540392418931
11879.881760088276;53.182590055149916
35561.09932844974;33.00520098051125
-37764.44689898564;12.617337414680428
-20885.345110219503;-8.369340900739314
-16719.650088837472;-20.069943953350617
-27771.585996629612;-2.0195330115339942
-62884.8046875;25.771993114189584
27150.09088102168;25.758653181649237
-34390.42922209273;7.0012258151942035
-35153.56411962684;-21.008185875355046
3175.9376728587376;-35.26857376098633
2519.461392893383;-30.39801616903285
-22892.329801372187;-24.23200290593898
9513.863130922502;-23.999295193846255
25784.560129331716;-19.045733577197286
-56677.57359180921;-19.228045988582032
-60592.39552679716;-27.29870517549216
-19069.75356172464;-26.125979360278393
-42942.79873013197;-24.099365234375
-1861.2741303655348;-43.25385420424358
-22007.274262215033;-59.175243862337325
21285.26860019703;-57.02569820366682
-38762.346148027646;-49.03514857380509
-57014.188116628866;-42.18961836343122
-894.9383576178079;-59.24373428773613
-30305.15752820101;-75.1897102523833
-67355.03125;-77.12149148158065
-37064.25611258326;-80.08414142126784
-39112.467804820306;-83.08367082078519
-47307.06518205245;-79.14634944273024
-26733.91662891591;-89.16000086898774
47369.33203125;-115.13367757792294
-59608.58959346246;-136.14618885732858
13587.843975610464;-139.1878662109375
-830.16585111116;-113.18433470118742
-64366.74290927467;-83.13459959864583
-14645.966428149419;-88.10103352243684
16389.334992558724;-117.15492494551522
18651.619228484924;-130.20313044916006
35254.6041574674;-141.19696329467067
-27756.87255065119;-127.13287578693013
-16369.807341358588;-91.17155718793947
51655.285286192084;-71.28348145493801
-54499.67578125;-74.25576530074922
60785.34375;-117.08559175235735
-39166.80688519032;-151.0739288330078
43520.91335234858;-123.24569524010096
14327.595393409807;-89.29353199935895
28960.317224229497;-78.18213417414587
24812.20973720464;-100.09142321203213
24609.905936946845;-118.25069084607543
-9906.640713992456;-116.35307149421118
52888.458886024324;-105.18741290913542
48094.73840165505;-93.03149545656575
3097.0957338819353;-69.12209452040796
19418.614505984006;-52.29824447631836
9169.728068576514;-53.252329503903795
-28850.11103515923;-65.13519111340158
12378.146363493091;-69.13732147216797
64757.91984903591;-47.196623513669984
41660.65072585175;-28.146817213070058
24512.492343370905;-27.062732841358283
10906.201437958254;-32.096727708073836
32425.729594084754;-24.230327430874347
30113.549440223782;-12.315843314797377
22278.50926367897;-12.163361312610554
-484.50569933163933;-16.990565518826173
60550.610603548834;-7.041637074773824
-35722.25390625;17.78577495252121
-9015.653163577303;31.78905361910256
42273.96111149127;8.937641236584668
49698.0833296576;-4.096436758562646
17516.154119188133;-7.21082943336468
45286.84838094539;-7.154431980501059
42358.29128951671;14.997234227597872
45677.83375179059;46.941169288461325
56709.75431348136;67.74974060058594
37909.434375667595;52.7532110483161
11823.199860950037;30.87183414333729
-40649.87688910766;49.86395621406704
-26968.5235352546;106.74901414707007
-51111.9140625;133.7909393310547
-153.72252523499628;119.92349442965046
-20587.64339652175;86.92696503873718
-1812.2478803941485;49.80851904456113
45932.55078125;31.76698138035915
-2693.3394753224493;42.83647972670052
-18927.637215152634;66.891319777308
35089.94127189703;86.85848382934753
20163.213075464635;78.8217247559764
446.0120898002351;49.88189176890718
-19996.793738746303;26.93742561340332
545.227445867793;46.886654110602706
26678.848399304174;88.79063223712696
-7230.590982650705;112.79981814814134
-2332.017880091349;93.94628900117637
-18738.0914602773;67.97397508765866
-37094.06248664815;67.74598841635597
51957.37109375;85.7115740834708
-16057.824184118646;92.94525232017322
-17397.032594364187;89.99476681278918
39559.11169017466;92.81086167594455
-17889.712300282583;103.69650385846703
51725.42222876435;91.82023973022865
12761.399025994615;63.990177154541016
51066.822896797836;72.90475655504297
-39692.90560893249;108.71884513104311
-19371.137532855086;128.72777945699846
42950.305679709185;123.87037215688483
-34788.11829606102;104.87445821735017
2046.0386866216359;89.71071386021494
51261.52449879308;86.73172124647937
-7509.577327823157;98.89203832729198
-58995.453125;106.90049899019152
-2562.463579735333;119.75720395473455
864.2846153809442;130.7110595703125
50809.478170682385;115.78555317340081
3624.1644479749957;76.9447640196559
25731.089028929637;71.94062470948833
-17011.707615274136;106.7259457349799
-10308.052182240332;146.64830833191976
6819.672266078007;159.8000946044922
-48037.093768895254;121.95063811058375
-34350.05255829751;82.83491840502833
43041.4609375;97.73104685691038
-29627.546153582967;125.83064579408511
-40984.59814150623;130.96030390657336
10005.307248491721;117.91742365366154
-21312.973030578592;120.7434425706171
-28882.147059040923;109.68855864269622
-64792.94140625;72.93739166909383
15410.684788382743;68.06984634968703
-46819.444033881744;97.85471979449105
-20325.689461648726;124.68990138475884
20383.303030559517;111.8814459538283
23912.84178948379;71.05091790480344
3189.759677645852;38.833194732666016
10499.598613768234;51.63382906383615
-40937.20525140099;86.8236930243507
14716.391725394933;109.03409190148376
-20062.061324679744;120.91321563720703
25275.045138902133;111.73492975482667
-8292.5934097067;68.7601946328897
5544.033175884848;46.89551704042755
-22741.646460532414;70.87488573963316
-63056.50494846902;103.71840778337094
-73748.5234375;117.70169304356342
33501.56453436862;101.90731963220142
32192.481029885254;73.95478855484875
-49844.58845348884;32.78587679294415
41250.77734375;19.75200886781242
-17003.43860575951;40.8199480681903
-44511.7402361632;86.81140851169742
-28685.166339466916;91.78137134513933
39464.38725318156;49.873633893658806
-49604.18035682099;12.92006490220883
20043.97553184464;5.905608177185059
-34852.57356248284;40.8750086592359
-9322.740041190453;62.865814208984375
-22725.63901085696;56.8104316184514
-67916.92424650276;51.81571765587307
-10537.191023099651;25.885006723832646
34154.95661650822;-4.046163416405044
42200.9140625;8.955329010236099
-24541.16414010762;37.903964491429235
-70045.28913665045;50.850763139833305
-8440.46161439101;54.81801541124378
-11976.605428575247;47.789864907780014
-43320.337427661594;17.83525457686929
-39364.14472103698;-14.971245619260188
-72976.84375;-0.9266647076691754
34618.943677613905;39.87294050796383
-63412.38319493507;49.762747622760116
-1173.0885171485425;11.858005955246412
14848.525304970506;-57.03076108356862
5848.230835568174;-65.14497375488281
-58746.14968267903;-31.223111152561607
-17725.894697075186;-14.9998227217325
7617.519987120235;-9.957635039554418
-62220.55507249815;7.758426813355015
11530.868289504302;-12.329556606947108
16798.696359785565;-68.11339371971359
-74196.71875;-85.00365105193939
10277.059315167033;-45.18207138088998
-25807.013852840224;14.697822086963939
11060.461126869734;19.850446701049805
-66586.00675686952;-39.97834908189156
-11372.65243441143;-78.1235950253257
-63066.18973840153;-74.35720115354508
15588.816459001726;-48.26771222464198
9120.260378260238;-40.940963533147524
45755.27734375;-47.90343518058793
8756.015143379773;-71.1809031268837
-31893.02091805399;-85.31023716141475
-46819.75403589406;-88.17005920410156
28602.80449920318;-76.0648528170745
-14341.525655396916;-56.15159051292499
-59359.1796875;-55.15014955055711
-24968.77241465308;-73.02853068926476
31081.72369066057;-72.0455632367671
41129.4015166507;-66.20589100553093
-7249.180826579526;-85.24295824079833
4476.201217712369;-103.10416387294353
-4674.452845326472;-88.04917177454169
51139.984375;-39.17957083309494
-45612.121906782166;-25.218526383440505
-45054.011257276754;-56.082911676179904
-8297.95672987972;-80.04538571643565
23654.299488028162;-56.2097461861796
-19888.447982750367;-40.268233710592355
15108.967851492154;-80.03745855956066
-8112.481891675503;-90.00321594422456
18536.8800884846;-54.2266357746218
34012.226134287164;-22.364749908447266
49963.06221984961;-62.09169658741567
36642.59656700147;-108.94779968261719
34489.402308939825;-89.21842741360142
24204.157650811496;-20.46110407323183
32445.627586801318;-1.2325231003383692
-44972.15293254265;-35.91226899418319
-21638.26502261708;-35.19093585511307
43512.941280897605;-8.4563085945044
35324.88668423785;-0.27423028273312866
12804.290392499024;-21.949071466386144
16906.933068140206;-32.989766292250124
-53870.11461965354;6.606892931198296
-51750.73180107368;29.58849704794936
48516.752423300786;1.9501706211626626
45353.185874591334;-34.85988924539489
43914.41786360419;-44.137325286865234
-26180.291941134565;-22.323096057015096
53997.85546875;15.844835692912788
-7621.046137131583;31.98480987548828
-25046.50828696745;26.832098434401203
28279.231119056523;1.6981105709561959
-58922.171875;-12.167515324502862
-32958.87080966559;-2.969065842544225
36086.88423935954;29.98383759068342
-9746.846838628131;45.79076558729332
13852.780976823575;19.752187160233845
-1789.5129981431382;-13.075683314111863
50133.32421875;-18.04130295306925
18567.22250556486;-11.167188933302619
-27206.184194583155;8.803084212554133
48175.52395613585;42.920955518372764
17457.619555605197;61.95111846923828
-51348.73141059173;49.810973657979474
-66106.26784391022;6.749685628757518
33492.9359922545;-18.184440031629947
33688.53321737095;22.860559026755567
-40484.85936510532;58.869253469116686
-64687.73095895356;40.940009036069824
-45424.14630215804;12.885141638173906
-69663.578125;16.67032216011225
9025.002738201743;24.6418204488442
2606.854538352709;-15.015985934601261
-2089.306875891707;-53.855613708496094
-56999.63293475285;-32.15933190835102
-40169.949547539254;15.646933555603027
3300.351855406174;12.859871489319104
-75360.6796875;-32.99603975911701
-49768.19481973336;-64.12117898702498
-25334.441565220433;-59.3051985877803
-1070.8397957667912;-31.13996248453047
-30808.214839577544;-25.925269189263503
-47202.31042503939;-37.03619949861387
-2329.960785205476;-46.363724342012304
1930.632400678951;-58.43313688416504
27344.458209133343;-81.18726939854086
-6109.025268372134;-100.92453980311252
-53450.27295641623;-64.15456873693817
26195.935684983182;-12.38474354799402
33053.040532872255;7.743383340855658
-37265.4636975773;-39.02190756698107
36144.69301639941;-113.06858825683594
8217.72977361943;-107.4001871833367
-8348.21881175229;-44.41533422943044
-25614.398309942168;-8.076309204101562
-50810.818520074026;-20.962561622931872
-50324.89380148807;-49.31084926185069
19129.130274099123;-67.48993172457699
-44175.67380154051;-90.20048393025755
22303.37232068945;-112.91287073907291
28692.05881864518;-109.02718129956799
-67320.0234375;-58.406811604185634
38468.2349015635;-38.402299022334034
-66536.95050970679;-79.0405930612734
-10410.897582385674;-121.01264357921184
-42557.09002668224;-128.30519104003906
32630.14655596236;-84.37011516786536
47228.86328125;-61.01378265873545
-40414.12705910529;-70.90779736470807
-63934.28178317982;-86.17719925564268
27522.69321888256;-93.49910036662669
-23866.467667546618;-93.34315910016875
-34932.61656455285;-93.99994702242691
46372.37726647618;-98.90751040801504
-25798.375519768364;-74.21023423709485
-45324.20643894057;-49.355552673339844
11011.36964978341;-69.10493998466843
24185.864344331276;-106.98035094259743
-46660.52879820732;-125.19553660866208
-12718.245274280336;-122.3377401572135
10195.573767588678;-101.11871680092264
-32271.47232382475;-76.91276579257985
-25831.859679112178;-77.12337263165917
47839.37890625;-96.31934051183043
-25378.30152072779;-124.28085727105481
-36601.58292987705;-150.0994110107422
-8715.366225451675;-132.07023576459432
38897.58635420879;-88.17638849282929
12168.095154387891;-63.226395804819404
-39695.82365469403;-81.11260436458497
-37578.71157981925;-117.02798817049839
3975.1301658537923;-132.24702252732513
-51903.84375;-113.4200009345921
-45797.55069148267;-89.26939186936502
-43941.907149938386;-87.92355978449996
-61342.0625;-91.02007330536105
4132.748868788527;-108.31907607869707
-26596.27017625155;-156.20636856454436
-19753.334612567523;-189.02781677246094
24019.64564446031;-185.06196655160278
9243.406989597002;-140.26520591207532
53909.78515625;-125.23126389836466
30679.68084869352;-156.01296108771015
24939.42341362164;-177.94975552203968
30153.842315272414;-165.2147704236882
49001.372625218864;-140.39680275198313
50204.29422006849;-123.09181830410584
-14127.389902152412;-111.95792809129945
26110.68917702786;-88.14687563404048
-1695.4414314039313;-58.360130310058594
36840.257379041796;-61.25127300500296
-22182.04034719812;-92.0130312792109
42098.64271325285;-93.06779988998716
-12672.980313057917;-62.288096592155426
-50568.1484375;-34.26651459119759
62440.89726706747;-52.005813657890016
64724.44140625;-79.97263072097066
53725.42911182078;-90.2238784574897
-5108.379133589049;-97.27161127634655
-10007.97114254385;-82.07930431703
-13808.013777855289;-45.074092901895014
1008.6339418636708;-18.314855947694454
23240.642637433426;-29.293815714892318
45345.983245159485;-69.05431362299602
63818.41272236788;-97.97559356689453
20865.615990363774;-73.1595586656298
45456.81782202273;-23.335014304261392
50030.94321637909;-0.20642759007799327
-398.7892563998248;12.895025599933106
46067.28763426952;10.859541224266252
53887.28277962108;-5.205492844306406
36866.258475621915;-1.1318874551804043
15969.542539404647;32.91237971918531
34718.178819272245;74.81119087685613
70910.796875;98.68901339647451
-6928.780135001485;78.73067088622935
-6501.6343728184;32.86875915527344
4075.897882981066;44.86300405805649
20565.37510812613;96.78532572933798
64146.62388738575;115.81840515136719
15885.34327898972;96.91822945609951
26184.302211626316;63.913803976987225
14269.618004645017;55.7218714093625
-27541.142542957183;72.68544994324793
-56989.43806041997;86.86564471381342
25166.993705557426;94.00953646469011
-42194.099341324734;113.90459148600121
6611.946876812042;112.79073168076175
-63726.78546876669;80.85839626419245
48305.087576856575;62.92525339983721
-64319.01171875;75.80299164813974
21795.224742237813;99.719333716321
3793.1975476231746;98.87887586327669
-16437.416232294498;88.0516522564377
13534.47659003819;79.92914628534331
8866.551015354387;88.74891280903823
8312.43914320119;89.7688858083771
-12742.255504597328;78.904558023564
30683.927734375;85.875142729453
-55223.646871667996;103.7562078445596
-20011.08259155076;104.77002716064453
2164.287752737364;93.89954569257749
-39734.97484976787;93.9087762174584
-12091.641003024197;86.77665732615372
2783.772373852451;73.71700304050115
-71319.3515625;65.8033663759474
-64705.80845918841;65.90490214963725
-20711.504901856766;75.84925428798783
-52793.959701917614;73.84930723046064
13157.805036495847;40.91787129705519
21615.793556946577;3.951157569885254
-66768.16303953387;7.854131173690245
-4430.577422299393;21.76299374838513
-1203.9653128230711;37.75949336697571
-71791.71875;47.90362310859214
15317.838119931068;21.952233887993536
-58093.43899493011;0.8825535043557018
-42305.56160292272;14.839566801517464
-15518.976382130837;22.835096124465167
30945.37941302416;35.829183698024295
6661.431562242506;34.7970138774435
42419.8671875;3.7918875164539934
-62166.324464090205;-11.159427735753631
14052.57716545515;1.862790252202874
-8150.486966808254;21.805090181914935
13189.899241948835;44.76491802525368
-59797.88143773652;23.902969932550334
-40792.82536533994;-5.0508000554609715
23890.591060794788;-10.171617414799469
-22444.79874175523;-0.2697115469216058
-5121.528924274986;-7.160581135264495
-14281.599966596536;-22.999086380004883
-40181.108292308185;-16.108216791661995
40734.595365215966;-9.263870580976313
2740.7120027867204;-31.19463263306848
-43113.71030436014;-55.0307955872708
-41512.68401439281;-47.11581266839885
-7676.068692098277;-4.2795602546735125
-32757.588470059432;15.796168327331543
-11069.288590237986;-15.991119020258125
25177.137829814485;-50.986392486738275
-27574.013111037777;-33.27362792900179
-57271.12073527672;-7.34814354329032
-6339.735611953336;-4.141878446995818
-34718.891628951664;-12.975887432116437
33143.66818655202;-13.13250048834982
31296.330159666642;-19.278272178563284
-60274.65340784459;-45.04025941765748
-65134.71484375;-63.93020343103833
49707.21342064568;-33.196181912183086
26204.66216516665;9.607371072218797
-5591.6096647470185;-15.173633287171768
55326.4296875;-80.86678679799176
-41282.915603088666;-96.98932647705078
45091.08526019174;-38.42000468432764
58024.8400319872;-4.360792060437831
23362.704059867778;-31.884552786965596
-6964.213793543713;-59.9664421081543
55560.64518727873;-48.35603050424956
40130.013941534635;-1.4381366351025733
-14497.329333401842;9.894881715168282
-9054.203983452295;3.083707607868959
-5359.5457978515915;28.75428087487883
-41794.66015625;49.54373550415039
4144.271985188505;22.813720533502703
59913.83820206877;-9.84849956003817
36386.33331207369;-3.040667540132027
-759.6064822983099;25.607705594200553
13582.726509748274;37.6843383894538
33075.684270044934;23.005890558610503
17296.993672893077;6.9688842024398525
65293.234375;17.656879685827107
-37575.461821344645;24.72539452240123
-10670.310549378471;24.07368748073128
3219.432606666953;39.0606060453951
-32333.31881065554;68.76804144112458
-12087.72277582057;53.70736540556063
-37867.218169909895;10.019778029520737
11172.286297356142;6.097646236419678
46663.171875;26.905097986223
1629.4805269259014;44.74847227025193
32873.27621063111;39.93649713753032
-5042.750282415429;38.03279048064174
-11425.758291259117;49.83019085435678
24934.34233386963;50.67662720180072
25866.969867025124;37.879315758303
-8746.967433174003;51.088993627478544
-2538.7304214224714;82.90941939237669
-54694.7265625;107.69171142578125
-30229.880261581777;90.72112773444636
18068.78077553255;58.86504622597455
-16619.395532280956;49.87979884541576
-6980.697710348832;50.80994867777175
22673.145893615336;43.82297318705773
-57792.33114835906;53.90328571318881
-55632.30694336623;65.81641905334037
36517.27112918008;54.70756913389813
-55982.49268569083;31.781293922280184
-3911.181907602353;-5.0461554856893684
-40780.50415206706;-16.0223574088142
-1626.792672625088;24.839941811189767
46261.92578125;50.748278307107796
-5457.562872540402;34.82716057189751
38086.56144174683;0.919646171471797
44149.35665348807;-29.132680892944336
22932.02798535397;-12.272952652146348
52.13523216478643;42.786040350941676
-60976.73046875;70.97290002410926
-56880.86638913102;80.90470886230469
45659.73721500956;76.69523383992836
-14902.759623463586;49.66862436239781
46239.01643362128;10.920297640667378
3378.8997842484387;4.978003223359927
38837.66076757389;52.75982640316158
-46678.437152971164;104.6163101196289
-37250.046473252434;95.78527109972285
2512.810705726224;34.016741396295444
17680.04395535619;13.817885409080503
-12933.933764343703;26.68403321082029
-3590.078185440958;28.90291918486436
-19250.88734628685;33.069423315686365
19088.5078125;53.76419078134096
-25487.396235518012;56.540447348674036
-47657.40815919504;20.743691868656462
16450.19458542035;-30.95402011876577
-61184.38775912122;-16.017335930549326
-41816.305386683816;57.68485845276554
-61503.439591233175;65.78898449359126
-69873.77804138405;35.99614875040926
16589.26846095633;-3.0600590964467003
8690.690412133394;-28.328232418822495
-51393.31422751454;-34.26857376098633
-70265.09375;-31.017598513437516
-23954.85666588622;2.0050196790693775
-33163.69420101827;53.70000065932666
-49260.00550567024;25.66287263262592
-45436.12620703089;-88.98725986693177
16193.548012648971;-105.01186510144792
-68729.09375;-58.26925940668884
24135.04768087939;-12.328015776626728
16774.036319529754;-27.07149613139707
12369.668714009618;-59.96951773474657
-24372.443577534657;-77.26997573016186
-6793.439248078757;-81.39013660885058
-46660.047335996394;-87.16837886482351
-10318.3320994994;-73.0206479397292
-36393.09752273152;-23.193852719656107
-66973.64115931235;-16.284740971068047
40460.40708252348;-75.14794789436888
45854.40234375;-119.04888153076172
-37800.606821041845;-111.19342444919269
-1077.727575809884;-85.32840938732848
37091.12706035703;-58.232354574762006
17919.27680449032;-36.099999656354754
-34030.42660894536;-54.13781564320892
-37526.76829060106;-86.20911984860298
40525.75803805086;-97.18785858154297
-4233.323818015742;-74.17647469575257
51715.094065973855;-57.151226776601646
13363.075718985085;-67.10493323812189
39397.961938948196;-76.1543538673653
6236.586038830988;-63.276483640514485
43412.151444228846;-52.2478713783633
-23626.55103833268;-67.08130893481132
390.8139627426208;-77.05863969964213
-38128.02784420587;-48.191053515420386
63512.640625;-11.177020072937012
-15867.522405831325;-32.03990481876056
48726.17374169563;-75.99423358937145
13345.69827523928;-83.14977256988415
-4408.835999848365;-49.29614592583706
-3936.169529962499;-18.17375123675089
-50368.69921875;-18.94416601693449
-13130.575015867238;-23.00360880246747
30845.097529049803;-21.22701408820356
29269.186804392564;-27.164067635236556
-7901.789390216334;-60.931336392298945
-52319.125;-67.02039503884583
-35387.37037918771;-22.314662227443762
-25576.397551271097;18.664731979370117
56928.10028608718;2.966884954813821
-35847.232094575906;-55.860564334728636
40618.9276799543;-78.04888153076172
-33984.79214725371;-50.35148631059884
-45454.80454837851;-6.305426115533763
24111.660796423428;6.93229954116174
-45460.11064509453;-19.035484255406146
10961.38443522637;-47.24202277005732
59020.47109110348;-60.20968111402425
-21289.071404728842;-46.98966478931095
-31733.238440756897;-31.00404112004388
25001.316345809042;-9.296827442860604
48273.85654226241;8.58812208149756
63590.7890625;-17.205519950578676
5586.078189255764;-78.92981719970703
64202.68102030053;-72.03225240737375
-17799.538035957485;6.638664158640566
-41682.797849684895;57.65270955888491
-41824.46281283857;50.946385659547786
39527.550386893636;7.973052861456438
-53455.51953125;-23.270122241511118
21247.321487641428;-26.314935110899356
-23889.31523408889;-14.967259201767881
17022.799637699994;8.097681758015739
62333.79323715791;27.789047414384015
-17926.673259300514;20.625034636303283
57805.9630686695;-34.11713379032681
-19610.306859857577;-55.965868621618014
-25438.548741397597;-8.104074794692337
56322.113390508646;41.764674021653676
-35266.10150581425;61.885794493743646
65568.4765625;40.04350598468827
32291.739961198575;7.917184735412619
-50945.50697896321;-2.3646992307290446
54259.859622009186;5.71657657623291
-1739.818710278254;33.96452350760814
4907.619468997007;85.98023223876953
67220.0859375;76.80062929692694
-28051.48195497757;46.80494475407614
-7901.778658072526;22.86571605477592
2516.364231734675;25.81984578068977
-19261.02659854999;69.72639492840355
-5543.517087027343;82.78604885353597
-8489.38014213042;59.923387330470526
-35742.1484375;50.96424183086032
61298.50841500213;47.83129662402465
-30469.446350606173;33.70364886763316
-15955.375468983657;28.7862231422832
11709.028090618987;34.86349996648906
62291.460655442206;58.799054375085404
57479.09876862583;69.74966543619475
-7216.767302325894;43.859388373137996
5083.585688821833;24.923318848944774
-9975.666248865095;56.767171615843665
46914.38314677305;113.60722707770009
-23983.806585608236;105.7632473727827
44795.554361095;66.97405242919922
-36760.02792014451;79.79471308776034
18644.00670370055;115.62985979555714
35793.16738114947;118.74827547568435
46896.814085531936;86.97817917375374
38630.57077158897;75.86359171061606
-7493.485704700994;98.6345704349028
26529.00138871139;116.6510686395617
60302.0078125;112.9801957159566
56173.27842083879;107.00970049236503
49667.45504325522;117.71032550308954
-3271.640288461909;122.68548453595236
42999.99630225341;122.85441774263568
-9213.496800205809;131.909846389174
-43734.945232865764;158.7413097569841
17537.155845510526;166.71160888671875
-54835.078125;157.91947253528147
9144.41529063158;149.02080172917903
-64864.151840790655;136.83939775976893
-25889.037848197113;137.71691322448902
4691.049440939067;141.77633785343616
-18176.138489181183;145.9207305908203
-18717.482794475;124.94093264381482
35460.5234375;97.89323978049785
-26941.55866468169;98.84986348410756
-9682.228460608232;127.85621774363614
-19042.624575363545;141.88328047267584
-54221.62447665525;138.8757024274833
4136.297227154995;117.80507650249342
-6926.903265861998;103.78094370822743
19919.08150873975;107.8901772283273
-51223.28094052324;104.94412781338225
-41608.13456445318;109.85469849408628
-74373.7109375;128.71615359971406
2044.6635026760923;132.72137443534797
-10297.316262598419;101.88527590965015
-18135.91476371044;64.96956272854608
-38197.497842246004;49.915557861328125
-72375.21875;81.76120129580987
-39755.264660209774;111.7791311371609
-39283.13140149579;83.90549048896631
-57580.52222033601;40.884099404135966
4014.160874984751;9.81097586891942
-14138.917513833461;11.834489880247872
-26856.227705155907;29.91474648618056
-48112.91415691664;35.91960377215422
30104.42291501358;38.775830879244026
-27852.16163580164;31.715779899404843
6554.772297347561;-1.200754305817739
4953.082487597087;-27.07630729675293
4812.333327452172;-0.12860970923952308
44382.4453125;43.72125674567398
-55360.60508691099;70.72616362984274
-39372.213148422954;51.864046636286815
-20371.07652885811;8.836298962939217
-7938.827927702601;7.6518546358893715
-30693.869362778285;22.702137381927088
-57936.849208044674;19.977279770860704
-47209.05661433855;16.023838794754937
-34368.05566385388;23.788558076283465
-28484.149025815794;3.646885769758768
4060.9323995941086;-56.06014424748179
44185.734375;-92.91759771396582
-58540.49936495273;-76.12336103156608
-58659.34824790376;-36.27984283219783
-38400.048364565526;-18.123332987423353
-72062.6640625;-32.97757856947794
-5892.218081573112;-59.11039986236271
-38068.335810657445;-89.26584976037493
-35563.6399490627;-105.14239457422906
-53958.60884760201;-86.95735544856716
-25312.480328555597;-47.087685408385425
-44113.66406583796;-23.270490747530303
-70004.98190991508;-58.20459519418685
-53360.8167049976;-112.03221590854311
-19942.994228663745;-132.01222229003906
-38593.39953235153;-105.18756593563415
3168.678845499089;-88.20075660724426
-65891.4765625;-94.03203582763672
13960.777559167764;-109.03744642696765
13638.391538051816;-137.25168020353365
-28048.884300992613;-161.24783916300507
-50781.70430425428;-182.0667723227483
-24926.345410755297;-159.03725550886105
18837.096404275828;-102.21041422300345
17761.24819666604;-104.25696163426045
3014.390487905126;-165.09683243360388
34387.15585707419;-222.0076446533203
-43309.717437704094;-207.20532654518283
-31001.940254414694;-144.383351144288
18035.736866073334;-116.16521174289137
593.7320207831071;-125.93903788157581
-37757.30905117;-141.07723972514862
34366.89159288976;-161.29275384855748
54835.640625;-173.204909582019
43686.61091189306;-172.04493900731802
15974.308536766213;-146.13307106841614
32253.881500204094;-110.26381262378959
51102.31121393094;-97.21448133222228
23917.96958580184;-116.07063936624746
22880.529508835585;-131.04464721679688
38970.93046339734;-120.18917340164448
40557.329863601335;-86.27036357259941
61682.95941294548;-64.14119835812626
66485.578125;-67.99607348176497
19946.543521361527;-88.07051752184579
42032.07652009596;-83.26556114721593
-35140.12890625;-59.24532511737286
64213.75493702458;-33.040811378911386
-21169.579349614796;-27.990379465747935
4412.855552795118;-25.14013571277451
19408.439325984415;-28.19039657121975
28247.614869643054;-31.09064460056115
50770.45444790587;-39.000411953310376
14278.61604555937;-49.055817346575495
334.42894229999365;-34.19090973537435
1522.2900767635874;-7.1954192616379515
52501.07197540114;17.909000396728516
61870.167951225696;7.933974132199644
21766.19792278626;-17.137325286865234
75969.125;-9.196637459021302
-42269.34949463256;27.81043104706756
27148.221165015493;59.82055581102409
-13656.343311058;67.81955309554779
64868.955167832726;66.789419360872
17329.7747009186;57.79916131279235
2827.8746027825255;53.87829208938655
-47145.16287585452;55.90852135378189
-45140.571826265754;71.79519786916792
-16675.378922105323;98.65818786621094
-15213.444843516343;94.83626802383745
-56726.703125;44.03282867667039
8592.592499933242;0.01448974314835283
-4030.2565941438806;11.82657210388193
5186.8125550763725;48.74882685480023
-53013.14758465072;45.88106175809557
-39572.26335518586;18.977431836699992
-15492.872686792354;3.839943491987274
-40816.800558917894;5.726161869589362
-23098.104010179828;0.9235157930669402
-46772.69102607998;-2.8934343638198783
-60582.349511560795;23.808057617798468
-33718.76955401967;43.59823875090795
37393.4453125;18.786156162633688
-25438.250655432676;-22.967694204909456
-2002.6441324827538;-37.026730397158914
29047.74991583568;-5.255672747627457
8827.517298034232;39.71646526468339
-34452.78106808107;44.90995788574219
-64303.6171875;12.946336816707444
1184.7969877754294;1.680423491510524
-39047.724182533115;3.6117773920731366
-54784.74482544366;-10.09073048881875
-3424.1125191217507;-29.89044446447791
26800.712553550446;-29.072526573716452
22916.50363241791;-9.4386840584215
-30127.854874235127;-31.33371682649755
-29274.353113698613;-80.03510284423828
31825.404062800415;-94.12666320800781
698.9575256856187;-48.41221615136494
-4009.448422228823;-22.224801115605942
27685.612677078883;-47.89886647235282
-37431.1561799028;-56.04006586899366
-40504.79526151263;-33.474618012931245
28060.0661692547;-23.530113333606835
29868.19113378886;-36.058916824368296
657.351582110532;-35.903156879027016
60450.29324246288;-12.234226593293258
66958.15625;12.551348934394198
15668.42930780683;14.729794367125095
8142.954263662279;-7.021752929477941
38621.04151339858;5.735205974177788
35939.19173378752;29.531376778641047
-32136.799859972496;29.750756983347074
984.9983877643681;21.094014105647076
32926.227986558035;34.02428337102057
-46650.33984375;49.63976634199591
9047.883536420508;32.58734303019607
-4064.3961839286203;-13.041416813057038
-7602.015873260923;-26.980175018310547
-2929.3687427518526;3.6876695135069255
30581.43522550675;21.743643173842706
19986.905793205864;7.0680116143003815
36593.55573380206;-10.920973559281872
-5540.636843446722;-10.202135566811315
36129.674953495036;3.6206810267533953
1098.921194443199;16.81741291719858
66520.2109375;39.99285285365983
-25880.892578125;70.92349837197192
52999.98965371863;77.76920642213061
29631.114113266827;69.78211761690217
65245.59627063814;74.88612501146912
44633.21594447276;81.81943339045935
32634.35442346125;99.70535935365157
62600.48884250446;121.71880669296505
63841.264181927516;138.8395180190112
3395.7655443524527;141.86688232421875
45933.21010691373;130.79832312832798
-18771.095550115206;124.7279052734375
64474.265625;138.72764681049688
51088.47127016129;150.84123070114072
13168.753528225803;141.90834122665723
61042.15790610599;128.8619293695796
39479.02714573733;134.78546017683956
22270.634288594476;153.81105034937883
57175.533482142855;151.908784213747
-52988.807531682025;147.90802125566685
62433.75986463134;167.8298291918756
-34157.198084677424;191.79193910514994
-60968.984375;200.9474186124402
41211.35145449308;176.07005363005896
33937.5035282258;174.90438477404442
-48896.31098790323;190.73317204120704
-14054.579421082948;186.8832431185157
48948.42864343317;182.07998451584263
-8155.105918778805;206.88852231702703
2734.6100950460823;220.69642639160156
-18686.872047811063;210.83949539934775
1302.470115226446;193.09905152788428
-10025.18740200698;196.93509272264163
-21064.669043931397;222.69668579101562
29684.4429508919;216.8653306315226
-47045.734732400364;191.0493459342677
-68340.59156482703;192.91011218545594
-33811.42520294809;200.71101685389903
-34999.31296802995;185.80484782322634
-30993.333213007754;164.99003026570358
36091.3298531106;150.99420533945838
-72948.0546875;150.83389317012524
28261.993426837595;140.765716392542
-10537.872389475313;128.89402770996094
36850.3046875;138.8777543269133
-57666.35609044542;140.7442460127206
20886.701548289813;139.7165304986028
-4549.845771135981;146.82322621948714
-51014.85478244118;162.85014907683706
-12984.016447330781;168.76022896234193
-32923.44140112385;168.7401899411753
-18208.085041614846;161.75637817382812
-6705.75107840015;150.76610478047473
-13396.245795062016;145.81042817896488
-9686.787399837296;140.810613933305
17704.36381764857;142.76493073261395
-8584.40654850917;150.78081732852473
-20317.141654284424;133.84422243162788
24361.18452116697;104.85069440775229
-19493.014490510177;99.78957787855073
-40792.71396199158;112.80282662877973
-57549.96629206785;110.87548283422915
-60153.49920300197;104.93161342202731
22381.507011627546;93.86287310574058
-89054.6640625;79.81238971798625
-81121.77549249245;56.89514403876254
-55146.70514351329;38.98261678788202
20277.767348401685;49.89442325830205
-23064.23220019856;61.80423090478071
27092.32421875;36.927764243564724
-37577.73186503142;1.0610241889953613
-2223.7435806818685;18.866235098840406
5665.718880180517;62.65532934265855
-57693.91137704998;75.85269740113378
-8215.176932250819;54.022374682406536
-88010.7421875;53.881977149869556
-52808.17790997564;81.65977832138637
-75370.86540806823;77.69280123183111
6445.584499196033;39.925864979386006
-54747.158866842976;20.909467274484854
-65405.32232672162;24.694226289896363
1942.6617811818141;10.67538330700269
-50657.31565479131;-14.106274776544296
-76448.0770507723;-42.04538375140146
-12616.610288886295;-49.25942717856708
-57027.99872519656;-48.29158035852498
-49412.73559156792;-67.11978562619575
-72230.0367506633;-107.98144195754087
-36626.85657295974;-114.09918975830078
28673.53515625;-100.29243666498422
14149.873388420048;-103.20493866974053
-77146.82198398445;-127.97785062839685
-1881.3957343468646;-146.0114895031909
-3014.0447534867417;-116.31912738123539
1293.617230416654;-77.28556236001421
5428.685078070164;-90.99466663353262
-41858.51254322661;-119.88908013270961
27702.317932235077;-113.16376097942215
-77272.671875;-78.39922109006595
18571.009411264575;-69.14995574951172
-70244.85438957498;-90.9114024294166
-18486.389926054602;-98.0252878685788
5986.020309710424;-94.31482677265879
40547.99609375;-110.14196423837836
-21276.661795427754;-143.8934563109897
-21472.628054294815;-156.00839800987018
-9446.772039966847;-129.3152819070104
-74577.68635168148;-112.31550689999023
32973.63051020034;-147.9439129070501
15448.134258493214;-182.8298797607422
7444.081189904769;-182.04754317623545
-23428.32269914281;-162.36834791793913
47875.05859375;-151.15537507117756
45125.72302551205;-143.9306547531811
45104.20180775676;-145.21351678578
-56743.1677843276;-145.36352887830165
40021.60754788306;-135.17132797145746
9000.565588449317;-103.95674278847659
-2545.5677372623322;-64.13801574707031
36610.49453367002;-65.32086971798812
-4566.768771446405;-88.2640984891721
30028.588770177987;-94.14905563602697
-48565.10503731841;-81.18421743292068
-28618.523047792936;-72.24729012786682
-22624.863902945413;-75.18373373205488
-66187.39550927286;-73.11977425218811
-45240.07689412653;-81.08593364816511
-69655.8984375;-118.08546791631977
6253.023455024304;-166.1152016771292
-52948.259720145266;-177.13677978515625
-39400.65314319189;-161.0923829930424
-43336.90584348392;-163.95942960827557
-39075.63437389132;-184.95356637538688
-47445.78236237583;-201.09105537315128
-16800.89392147588;-202.10894218466012
-9165.713986370625;-201.98768088624558
35937.4042710058;-199.94748166839528
-34526.93445297718;-192.0451395352206
-42432.18138932415;-171.15456168719322
-69714.73566476467;-161.13147451021405
-71940.859375;-147.11207519935456
14360.979921801088;-144.14869689941406
-23164.829900736164;-156.1597612752183
44621.987410936024;-180.09072277327425
54477.50390625;-183.11694451983834
-17449.054724456008;-162.2449541701081
-48724.74251825627;-155.3197833759819
-29397.59047939333;-171.2563503683441
-36531.21741219253;-182.17606305841758
-33982.94235047599;-187.18672152794062
36687.804724456;-202.15408325195312
-52475.22265625;-217.08943057568848
28810.070449118022;-227.17007442004848
-34474.71902985235;-229.3386339772103
22561.210184133903;-235.28848767482128
41085.0813765326;-269.1095951760325
24417.123538747546;-274.0446472167969
-34743.82646627132;-248.09983224310255
54182.261920041026;-208.18570400555512
-3000.2844489596973;-186.19061498257494
-15037.738466983741;-187.19067885602334
27806.021324272035;-210.20478033110675
-46220.79465120205;-216.22411215045204
62940.317040462774;-186.15482322289364
44336.641573815694;-156.0665857166804
33524.090369836646;-136.06951904296875
3359.93061730123;-142.15411818879173
69150.203125;-157.249819183792
40034.63441782129;-153.28535544967966
3874.0186165292107;-151.1946956047654
18320.448168841744;-149.07456019305477
602.5529201087411;-120.08115257796149
12162.60642382437;-94.17550108122586
29460.49670310688;-110.17545106150712
64448.29245804182;-146.09162631296647
42662.44345081132;-173.1590576171875
-38966.37109375;-149.30617495322682
69880.25190549943;-109.2349626459237
1855.9467990852063;-89.03047621950485
76236.875;-97.06102436247404
28105.143714760663;-111.20911479999663
-22623.02902804985;-113.27353054813483
509.3833891329341;-101.21023796063615
-18985.90148863567;-58.215649897154265
71597.73552367617;-27.263972319285358
51119.77578146459;-28.236489752117734
41270.174233210535;-47.15981548857776
-13495.93082377802;-60.1752434070231
3596.2833210861936;-40.36092864527353
56460.32361362518;-5.463858488099589
70933.24339709397;17.658180236816406
-5426.769338721118;-0.11390707374735953
71666.859375;-19.126663208007812
49043.806946406155;-6.320014527869457
61213.97753682725;20.648248015591847
-15952.154320836795;24.762939190833272
-18748.704158635686;21.840722209690476
43396.847792450775;32.73941217927103
4653.239187745101;43.676104073718456
57097.87047926696;25.88203035760276
-20888.582664151436;2.112481558970849
4102.215293778805;15.904559463243459
-15314.126654138978;57.573014874175556
-10729.85643854717;58.79169729232031
19153.867976331938;20.101806544230172
49275.81700702355;7.054042202867478
-53788.43786705661;39.74356005559759
-39474.24573432302;66.74851411272347
-57312.09066268321;65.00566721365624
-64088.02734375;64.94669870955246
34391.95731473835;64.65840824504511
44108.70904571006;45.696194293548686
34957.14738270402;22.063277568154135
11922.628210284936;21.080949783325195
6296.008907351534;70.66800061314748
40249.80637275356;121.43883665009575
18626.313234351634;108.7113628644446
55869.0078125;60.00501970377928
-20130.567893312058;46.817581184034
-58716.09765625;78.58902120841967
48065.52678422413;118.6754826274372
8930.973260838364;137.91555786132812
-26905.940733233416;117.87500136538968
24036.120606407552;54.60132548269669
-11722.111638555463;35.596581042993456
-14142.01254447834;53.80084422064915
45605.410762090105;77.94007871535663
19850.251553821305;90.87435835044545
-37697.5797443288;83.71994564533016
5995.269777424699;62.71132383693777
51810.7780418013;51.82905741480377
-38330.751790935814;54.84939938981013
5965.991769658693;67.76002861174527
-39706.97692699352;114.81197407703527
4876.27900110773;142.8833465576172
-49664.08650787425;128.8490719321548
-44593.78337503004;89.7699270185256
-731.6372258221891;68.74251253241735
-33474.52812370058;87.76543396198198
-29868.979229233584;117.88647117362117
-45086.32710793491;111.00343726960241
-14691.871851586577;81.94958086834839
-50179.164921369535;72.77973094207563
-64773.58984375;63.78492125454329
12385.15649784368;38.9630861092877
-63165.579421619404;15.002336009448733
-59854.59099487003;23.875746821725613
-6902.920467512566;36.82872448851731
40711.25;25.973406456953654
-50319.201865038565;-7.995692777317878
29875.287876092945;-42.134185791015625
-8032.978979661326;-27.253576278686523
44767.12175740836;10.789810221032305
15807.798590712453;35.93045385349483
20632.61440578554;33.89908087662856
-27834.537546349988;29.756233464817683
23670.718888763848;40.6660520550853
-64071.0594946421;57.75489712151477
48437.875;64.86470254054674
-17298.502434327987;63.80576126475131
-26836.899117728964;77.6745277164322
7915.331509931857;77.73380279541016
15335.050067045348;58.8618992721572
-65463.234375;38.8028921401835
5787.963153429897;26.69635776622573
-10671.332872774059;26.728398349457066
-4659.431610404528;32.91383294226518
38023.50311098056;14.005082748296203
320.0703024861141;-10.047783083462694
25968.415757469396;-18.154050640989006
-26743.044631412704;-18.17007093260467
-54511.67598009716;-7.074508531014942
-57205.3359375;0.9901660467251361
41937.22301460407;2.9541873475522777
33601.03792401655;4.989691523886847
-50445.50990921697;-8.886189277481982
-37851.754833965;-29.89043617248535
-2480.934018386448;-17.065705196201215
-30505.268029286322;40.75105073471131
-21282.089191893712;46.905609130859375
37748.12272267544;8.17946836210372
-56287.21960308771;-8.856893017028117
23879.897684908792;6.877542547533935
-51930.05733808023;39.7678682338796
30175.9971578446;33.98244271945025
-32204.561312639238;7.009961644785406
44774.046875;1.8046020873425945
-8759.916068138293;4.767039944437471
-25304.68364012383;-8.013160715956793
15364.757715579894;-7.948708942958287
-11648.09219808611;22.786583824401028
43105.62063394573;33.589599609375
-41531.966743765646;-8.128575532034077
11747.93341540746;-52.90935690217369
17889.25659128277;-32.15007357821894
-5650.514417373044;24.6101313945004
41449.26815970526;31.813521116119745
-54706.88443856433;2.074769577290404
-26478.050417292936;-19.095386704086813
2783.0521520794573;-6.448658794771312
-17610.99852617058;6.680334890809561
-49935.17247356811;2.015032728870821
-24101.47135802122;-9.871143110322244
28716.26935314588;11.74922502865617
-35797.141476537945;5.680835427008816
-33349.720458082826;-35.05386720993159
10570.607522311882;-61.89319610595703
47568.6640625;-41.09020289291479
-52445.001884637175;-2.319531272305859
-62968.40625;-12.072664524029129
-5188.35496936705;-36.767294862161435
-35644.37124067993;-25.09470950681471
-64462.15476746803;-12.392863273620605
-44432.654964348185;-56.01559309769212
-7112.114231496249;-85.69714534894975
-67035.6015625;-59.97625339284066
-45865.849757258635;-24.30951076996469
-42452.51002407863;-50.099735947870684
-23935.929950602935;-102.77218454698402
-50426.85776574469;-108.9965745338017
3678.563251995147;-88.28500785251946
32524.15780322523;-89.21407302459806
-32924.4530502535;-104.90591444778396
-62229.856538924454;-94.02579861730369
-31548.73437452315;-74.33863028807079
9364.990716233646;-74.36463024624464
-21753.691566054928;-102.09445230391921
54468.91015625;-125.98494720458984
8539.930324454675;-111.29497083636932
37719.25716898861;-81.49381877751202
-27360.394093559735;-69.35703830196273
-41841.56458819324;-75.11804996036096
56576.6953125;-87.20526639434436
-23656.240490980825;-94.36065346341832
22649.75634558493;-104.16484914280167
17462.606798987457;-107.99390920872517
26803.406882424577;-83.12754266296325
-30649.96596113277;-60.42887459216885
-31536.056237327666;-89.34233238878447
53122.41732267554;-130.0547009203022
-37763.256292952414;-139.9994456279877
-50759.79296875;-118.18731758186829
23906.00633050449;-96.20941375877712
189.57897504777793;-89.02159229855653
51677.81173375891;-101.05475141396218
-22562.140112980476;-124.18227421214002
45937.06049889179;-145.1907501220703
-725.9930478597016;-136.09110149481685
-1151.8405003748048;-80.03186021907783
-15520.916273124923;-28.07737133400876
15498.79489296586;-27.104339599609375
-28975.7439248496;-57.12447730326422
3682.91182636351;-72.11977967288375
27158.04460530507;-71.13542666408901
-38069.62109375;-54.1402308548192
-31809.93047758368;-27.12997413626755
-22490.214842498266;-13.130720058715553
66922.85423143902;-23.159425465149
16600.52730059492;-71.18025858330145
-36111.20508164178;-107.17444206924897
51808.91657461441;-108.17243957519531
35302.0210500227;-56.25512791331877
55491.29034386015;-19.28828670184933
15595.45992818375;-50.16383454206425
74908.2265625;-90.15585569343354
19593.317966985647;-80.33376695815305
-11022.447842019505;-35.43947290159812
-9848.432609408857;-11.278966873854188
7837.650021064925;-1.1372070624502584
41499.649186932074;15.731289844697471
30605.960119580108;19.56734275817871
50860.800432611795;-11.230144216786787
-30315.608097037417;-35.074493408203125
-15061.476841875494;20.61634608898651
64322.06640625;72.49087956188384
-6407.4540406745;72.73074930633257
13474.962222376933;10.053433378487775
55433.263627706605;-26.030755745879638
-4115.476080045279;6.630427295543832
-4621.156031244274;42.65626972531561
-35595.69486020615;37.945314383890235
62588.30657356772;33.005294241459765
28747.15347579596;35.749749876143355
52159.47848910012;19.70656985103235
53904.731047946014;-2.95787951633892
45602.057303746915;10.113941061772138
-30414.117178439818;58.74915249026735
-43272.8359375;106.54373931884766
9659.377136057235;92.89061278346897
-18006.89837580731;62.10084594648329
-12511.733451576663;57.908527890352445
10587.499489530244;75.74404376589332
-10171.389515127641;87.84527855328064
21264.978391226316;94.94535331412908
16913.84312651639;97.7484641970832
-1796.3724438364006;83.60984637769508
28628.18119911992;53.7447509765625
68102.29475563258;54.93265467391196
-39109.9453125;92.90797028212828
-17489.51148950354;114.72779560639191
64171.913937088;113.62193417878744
15244.182625860245;110.70088753307488
32860.77056828326;91.72519422663788
47946.153191711564;68.70037306549457
47478.64825152783;89.71003097602633
41917.0091238422;127.71611243539702
54284.1844522023;163.7258319976394
2000.4355346556767;165.75637817382812
47468.6302885239;130.7106552810895
43696.86721754166;119.61614751203142
70309.5859375;151.71005790790312
53621.59785849473;173.91699550054832
11895.17849167512;178.90455043344627
-1487.5614065790287;205.69799044565383
33232.83137867843;221.65131262639738
-36401.33691385388;203.773789052637
57872.74006962273;172.9211459938548
-20657.03343570942;166.9211267554029
-40406.65363089198;213.78212851615365
38229.644255212464;233.82476806640625
13078.418536561177;222.98776550972855
-5791.14638977954;194.95029243285063
-33125.302495949145;165.7726287841797
-41135.93593002535;176.78097145410499
13858.504771139793;209.9596863533393
14151.856527420401;223.0012650338026
-49525.140625;218.91817821386616
7899.694794400617;201.85477978426403
19889.423559478673;185.82669100864882
12704.763785544528;188.85473810095164
47141.637834284964;189.9004320042263
23630.217329577965;200.8807373046875
37956.21903646867;234.8146757998472
46811.426131974426;260.79987134522224
34843.146231464765;244.81966297674592
14608.17299893948;216.7708372695331
50304.0078125;222.67072192692765
36419.84977227946;266.6510088334395
-5434.295731509599;292.7957405688492
931.1864704771579;282.88529335641556
-14625.010673491051;273.7799130288792
26398.615407054924;281.5912775928007
13489.813510687192;276.6412241408906
30448.543455496387;245.92016725059642
-36236.84943991382;238.89466614129032
29979.19914567248;266.70123318956155
14936.347340574168;297.68670654296875
26917.460874555574;285.92534408874354
-32922.10525178247;232.05972214785902
-69844.46875;219.87440704048603
-4924.617145060198;256.6932916387733
-71466.63013998458;289.8475368934115
-80629.92842062422;278.0938173313218
5449.160121797468;234.01361938196226
-68773.01830431055;224.82462042189388
-71832.230149617;216.8404902046854
23618.046875;188.09612158612546
12434.987756832328;183.1391615921604
-47976.8295211026;207.86896755297553
7232.356247210424;215.79810376117382
-46548.480463862266;204.07938038663613
-58136.56704368153;188.20860933182814
-37247.18610115551;184.94646470645023
-32338.468324767484;206.76908737277148
-93829.1640625;203.0044974832549
-23463.707306631855;179.17709321574353
20089.289919283314;175.97744178242266
-54381.998317309524;171.71540608413198
-49353.206027954;139.8238803135791
-72357.33212423608;126.03288269042969
-88406.09725295266;145.9532125905344
-29804.755068307815;152.6796112060547
-13986.648730912813;131.78135025873428
6101.910557073672;82.14277126491716
-20876.692718307473;57.95471956201857
-68307.54770329142;70.60398953130576
-16343.107462675616;87.57999622458364
-75157.3676440557;84.82706402002752
-18935.88246839188;82.9247707068169
-48651.39691658147;70.81726210636933
-3258.5602942031983;45.78102292103404
-52103.96091902199;25.863325537224263
-21992.91001230039;28.912878219742332
20946.259765625;46.78119775581489
-49261.46162380882;42.729018829607185
1789.5575579088763;11.890294757197708
-51314.56400390089;-7.971020221710205
-9097.751063379314;0.9717194775067881
-59795.133835138295;18.817976333400345
-51450.320161278396;17.861926858977476
-88888.8515625;-2.984854501258625
-36707.23349553643;-32.02052688598633
-70703.37280767426;-44.12359601171373
-46213.98798575096;-67.99488203883604
-73329.80265423411;-85.84076358996455
-93867.5625;-80.88185377065965
-37897.88169264356;-72.06924002854596
14741.301758408561;-91.10162107976576
-716.8506086773705;-133.9298012404838
-44912.75326878867;-158.8656463623047
486.6993490795285;-142.02625704616392
-593.3623281724431;-99.16517233160974
-53551.403578140256;-68.13424250214204
-10120.391013693748;-87.96794621737129
3666.0617949151347;-111.06887857232994
7464.708751939601;-107.26162813728983
26918.720703125;-96.25602266009713
10983.203191997658;-90.09125772079732
-39431.348101301664;-81.11799233348368
-68712.81545028153;-70.37368772498972
-73252.3920903355;-70.38336553494153
19196.7306504305;-109.08941650390625
-61673.35415818268;-146.98668944820747
-78291.359375;-162.18985283104476
10255.712988260391;-152.30410878177412
16984.213927717865;-145.23035068263408
43348.80078125;-175.08580479086504
-39293.895998999564;-230.06013011591847
-34204.36508148442;-260.13916015625
-52244.17215199124;-225.1990822726189
-48496.6291459872;-179.12861082080695
-44810.3387002596;-166.9587044136843
-51282.69256947014;-198.94158723664523
-60565.239658636165;-236.12894897386428
-29138.96396044181;-230.150021470062
-37810.841585033624;-224.9847259665844
-21870.32680763754;-228.88232288598672
-22048.51607389628;-222.00678674726572
-5460.209068122087;-198.12795523632056
5633.92889467442;-201.02061291452867
-30020.629600784516;-237.90372699156967
8012.92627586444;-257.0134906557499
22991.699303510395;-234.20953036252496
8504.916663010808;-189.17832793500253
-56157.703125;-200.93944620785612
42297.83303561891;-231.9446008656464
-24733.163835041734;-234.23312337811743
-11544.589405880914;-214.3468326798298
33406.09435989334;-224.11303041202999
-52632.96907402074;-241.9441073075945
-25305.955563142794;-242.1551337248384
61514.1875;-228.4213772038354
3252.8295009556095;-222.27277519581617
43859.992294076364;-258.929767811095
21822.773237699133;-275.0739440917969
-8154.524256492812;-245.42145566130904
-15433.827283833583;-208.49052192053972
4888.607758949554;-202.15972940322297
-13745.977050557725;-205.05380598256778
-10214.06065816027;-214.29833592555636
-46332.26006490905;-222.42350835099037
-27533.279140825278;-219.139617329911
-21556.111902671706;-216.01555037131027
39669.029060714194;-204.26432614115905
60659.44351917993;-210.34938184455436
-30328.659761535997;-242.13524428260015
24697.8176392097;-261.97003173828125
-24545.50390249479;-239.1342853873629
709.9273734578601;-196.35343396554157
13597.13323099698;-195.23426975314624
49720.43526022752;-221.95351592107647
-14492.480941488866;-237.94957012824153
22602.494744796117;-231.22339321174545
7741.223104788638;-202.27860906716614
-37057.62109375;-184.09059180972392
-555.9968752503482;-180.02163049465793
57636.09952801217;-181.16797440935431
53628.14778784914;-183.24642223237427
68895.2265625;-199.12256598821125
55804.30875689289;-198.03537789617005
44744.043385995246;-157.19387817382812
60080.821083807634;-107.472710026323
-4413.605394271726;-102.37895684465336
-15211.935983820184;-120.11986746866462
748.1452135949949;-119.20427048110648
55876.80455305762;-83.43855998960439
39152.79718620534;-67.40315191993221
5105.593004591363;-92.18494920092905
-29726.533203125;-111.2640400375253
-11414.916059197327;-99.52814539581847
57669.52769909393;-86.55700748095627
13432.87277122491;-100.2324507708632
63333.56380103028;-124.98932647705078
29053.79013020078;-118.20957458219715
32602.089906634814;-76.51577992628015
-15543.024492772836;-69.43805268044605
17186.285916619854;-91.15016207297873
73432.57085703485;-100.14576703239615
72663.79948990577;-83.3562104380607
76115.1953125;-64.28795506877285
-6587.484092077921;-53.98017501831055
62296.96519554735;-28.080886840820312
-31799.976380700286;20.48713454329382
38351.95634243771;33.54326714135491
60599.33059187312;-9.032197248925875
26188.60434266468;-26.86139060421597
10144.685020788354;4.867288266007698
65737.6743012811;49.65803883934085
3817.6335696213064;76.77995189369065
-45504.649733702165;62.922040114095864
67124.5;37.77982874254532
-51989.83203125;30.615288352494815
-30011.461980255477;40.76719858188939
11378.832660932683;51.101241366101505
-11464.713055317661;83.96428930056915
41858.09890184627;80.6581874902944
59990.4359535103;36.597946837914165
57234.96051542663;-11.164335961300676
59070.73241019214;-15.117800221850787
12127.682186322178;31.702144576351607
30739.864564934804;101.6568832397461
58444.9921875;121.85050560946605
-53544.3125;107.86016765374102
-17992.911781002993;82.60092972668613
-5986.367777365565;74.51134322689134
-35066.265202628594;97.65647356347247
-47865.726430531286;126.86947311538508
37468.572084361746;130.87078857421875
-48137.437289708396;116.69159396356065
18465.900675245866;79.61183159105487
53877.17378133393;44.72633898629658
-28158.999210214355;41.830989837646484
41578.412438581494;58.7751002237635
-162.52747500343685;89.75574371861077
-27070.446900177772;108.89004782956306
-16116.568866685615;83.96504542131058
-37853.43760085414;59.849816871620014
-48609.08632827998;62.7152750389138
-11630.77638027112;70.78040528123523
-40519.279992780466;79.94470842888653
18385.58362882244;88.00576262829574
-42890.68389291484;79.86756669807053
-24653.401443334762;72.78556336999162
-67600.9375;57.90012010607361
33710.92298236888;49.93212107623301
19534.936840752503;56.854335139122064
-50814.24609375;68.8492621431877
11665.166643996345;67.96922872744057
-31542.364099050683;69.95943979909634
24690.003898322335;79.80913629512797
-42010.28809282205;63.73958302872093
22706.872014610257;41.8365291256811
-61927.674136469235;35.918364027641765
-7486.579874926567;64.82710399777429
-55252.08643026664;76.75883077008574
37625.187812516684;56.82213879464351
18066.41512939609;17.88244883363712
-49975.09083011776;3.8090689249004064
-17651.475579052953;1.72226881980896
49905.90234375;13.767279026396789
-30536.45362277358;33.82560163653577
41.14248460246017;37.84009364456421
31262.30797753838;19.840323105222062
26766.900186472863;7.825553547605866
-55888.93108944403;5.790759803328956
-18687.22308470126;12.810744926329336
27386.95643351639;43.84001715767827
-6677.800342904062;68.83099365234375
-24369.405198065127;52.9001255004513
32182.391440893276;18.01977427587426
36924.48827648148;-1.0213757753372192
37322.85774702826;26.78569557128196
-17550.453298454806;57.780859159458096
-15081.89603535951;58.99171599209224
51780.8359375;48.96910437478696
-57452.40625;52.82231515821337
-10589.821880030788;45.872679111756874
23829.967102358132;27.0692236676558
24189.999761931787;39.0605435330907
-4377.591684516818;61.85897380880512
-1147.2986555642856;59.80286216254521
47049.37109375;37.9804733562292
30524.288504523895;33.00165557861328
27465.803347069843;49.8576653969751
-63056.09457459582;55.89157662255016
13696.38560267858;59.00078919866165
15671.842818529796;79.94261016622178
2511.628291290108;99.80792999267578
-45823.83749060602;70.85351530438243
22855.809411431474;33.98844829129391
45829.18336349023;49.946354411441234
-58175.343653556745;96.76497932392405
-122.9084284970304;97.80274273457371
17299.947322847205;65.99294954605469
-60453.62118202717;65.87469752676651
14770.507064498495;71.72715306757178
-4376.643172818687;59.83670864535392
-69686.078125;43.05613545998629
-67685.68276575662;50.94639950559382
-7069.962659173099;80.76935488727963
-16484.111789717455;78.83654602029361
-1190.7302564317797;14.097136234070746
-48748.35585309248;-22.898772555674988
-28898.499999284722;7.832072756588538
-62952.3203125;41.79995505755285
5218.815141162413;36.02433325324863
-55619.52580542638;-2.8253621312592365
-54368.50610131764;-26.993907928466797
22396.74002199716;-25.191586230669735
34105.52937883389;-11.03138743713828
9193.248110594315;-14.889154101478958
16146.789730688455;-19.989430421119128
-23714.2331596242;-2.218286407875379
-19032.776708583522;18.818252802600924
41273.58055038701;9.001061130509356
-416.77979476779;-4.9438253389845705
26335.135386783964;-1.0955114108211461
-33911.15919777806;17.74904331055116
49509.03125;41.83671569824219
39603.83820183035;37.95059082536973
-6109.005252283168;13.903880294446822
-15691.94509970492;-8.267220392761825
18775.575237186044;6.792021014792489
-5729.192504558705;40.93614762753525
-1526.4080323524831;32.898574227594345
-56562.52257427919;8.813282418426397
19732.151835426077;-4.256345728557168
-45521.6070751442;-0.22964699282092838
21274.686533660002;-1.0693777220968101
-10135.5974165128;-21.983525596335987
22763.02010764451;-27.124238967895508
18782.899713435967;-3.254154531557056
-11398.337121999648;21.820669217385742
35769.82503225902;-6.030751616298417
-54381.293547051915;-26.10516876126171
35381.62779101306;-8.23873706400498
-59364.8671875;26.82002088326314
-34838.12601700549;42.009019677376415
-42010.25316093078;31.043993044093085
10832.913191768777;24.80086935583344
36635.578125;22.70787216125637
-16830.37405547598;0.9315476351910341
54845.42578125;-13.953679181259975
9919.7288605676;8.817077238915452
6580.221002051418;40.66724718412685
-62564.07421875;38.845468756051446
-42781.43163627373;18.03209239452014
32502.613279342593;10.908584997361238
-29192.286192687192;18.689465516625013
26074.41896799275;10.786248743695978
-20187.797728683778;-8.012264259276211
21808.663489920305;2.9051409322727153
27332.109159343803;26.633952351031482
26490.065868838123;15.670855305703967
6031.997072488128;-26.003063201904297
27964.53741795766;-25.017003518746982
52263.75688418893;23.699356193832358
14764.16515317907;70.58951568603516
-19899.35311214885;54.8582526092967
-48552.115548441456;29.954718369198048
-56702.01965165506;42.661475511947245
10145.74183319918;61.51169204711914
35087.42578125;49.799558834004095
2355.9569421979395;22.097134986933554
17655.266935686537;28.785833420292022
-14415.0762484097;49.51095736415676
-50746.805447601626;47.675407785817356
-2000.28623208707;15.977899223963519
30422.178224757372;-2.0126981492787177
19289.397087175166;11.762769710331103
-53839.72372904714;15.804296040951897
22553.345701098384;11.060616708978376
15019.387693971352;21.005757014752234
-20697.207200174722;36.625620474765746
-42291.58321259051;17.657537663419877
-46070.06005363151;-10.952709197998047
5897.290885265662;-0.8527635060991798
-59099.984375;43.859455017835856
-13608.79039530053;58.74509864651361
25294.142709795677;29.92807601934299
-56017.1267013473;2.9919388335912487
-76706.0859375;-6.255287721595323
-44562.176933383336;-6.311001848402498
-33253.010088393996;5.936356076985533
-16370.587107694097;19.015247344970703
-5605.471767398412;10.886556243803355
-54457.93162184896;-33.241817893822436
-25284.805576351588;-72.26399230957031
14976.87536377825;-68.25953944530436
-42610.32205056488;-35.24613360571069
45815.80859375;-36.20302373362398
-41763.39651233043;-57.11671408386864
23163.822233377912;-61.1281312139855
-56217.218446305065;-56.3255734832067
1813.0724615514482;-58.378639056051234
-13016.53762514973;-68.27764653651668
-25292.283947550124;-66.25104517390557
12823.104458599264;-56.27264506273988
44482.788927610585;-51.213802348648066
-53700.74653799697;-60.14895543534933
-38457.956442576564;-67.22882809937155
4631.392726843122;-55.390267428827336
-7091.372495932461;-43.3741406493327
27385.865153667837;-72.16077607052077
-10264.186319136345;-95.06332155338782
53348.4609375;-80.17101070080292
-11787.540491803396;-58.29899453291703
-12320.546311599704;-52.25063977145616
-54056.41526738506;-72.10653768552177
42705.158605289806;-78.19828315498184
42200.73669381064;-61.32394674771887
-29687.792723827042;-54.20012229513481
-15592.563110727831;-74.96257607275527
-46374.069555557515;-70.06407507327339
49883.0824056382;-31.375060219409193
-30950.52890889653;-32.35135114939135
-253.09278264670138;-86.01790860369604
45040.6320554383;-115.94355010986328
29983.637997785496;-70.25158491855566
-56840.82421875;-14.387598037719727
39330.576017494255;-26.124784551505172
25272.47223507073;-64.97034619247219
-44555.59430529382;-61.3288374597052
-49710.53942371517;-54.48807962479131
-63336.55859375;-54.10466905792309
-60220.743253502;-41.91577964143809
-15876.321615497298;-26.21377944946289
-45985.95855491042;-36.417850443044046
-50054.82841158788;-99.14916909757116
-32837.24911806276;-142.00555394862712
-60827.943832113866;-124.19212068143347
-14549.244062242498;-80.40306733515854
11037.687536479163;-86.24695769621505
22997.035015221103;-125.92192649474589
35328.840580843535;-143.0808868408203
-55435.126322071366;-141.36178085728096
-9524.189789245851;-128.37397081774031
-46574.37973418378;-104.11389011227405
-59286.46813641106;-75.06741888832268
39220.87109375;-74.20608259159081
-52493.0204257046;-110.1806935936028
-55346.15234375;-147.04586592706357
3970.351989341885;-140.11212943541568
-10068.160052355932;-94.31114898503752
32953.2152522331;-102.26473009556138
47706.02338701332;-146.0788239141945
28346.20497589992;-167.0067596435547
-32388.915340939435;-152.15866683441664
58252.86458263792;-126.27633801572406
36752.153132760766;-108.14995769650098
-8775.244219067106;-109.05363658216179
-25772.69789775155;-125.19162162375392
-14443.722432606548;-123.29827103693535
29752.84951674656;-108.18163926010511
40181.9715238464;-103.06431241509432
62041.82626074823;-102.0535196715338
32302.766854621746;-107.13916495294046
-10846.303840909393;-109.24523460967251
69617.75437648539;-91.25161512840961
75409.9375;-73.17049418576386
-3463.914052068867;-68.13916015625
4491.813516886272;-69.14464650488964
-32856.824892183824;-52.12474787990891
36572.55972972998;-26.149110794067383
22762.871987489314;-39.19971654098398
-37034.478582443844;-59.16490582613308
-21774.327330803477;-67.12974804938685
-51080.06588445501;-50.174919799456354
-51422.7578125;-27.154847643527972
37446.0256672586;-45.035501756015265
-43048.32344064722;-81.98862527138357
-51221.92440350619;-90.09045775790099
47317.14711089854;-84.13823081909561
-34946.44869528603;-79.03762668357922
-33663.34636004784;-91.99918875937445
-26664.46144820818;-96.05295896645114
32890.6138981769;-65.14909715969998
-12328.781444317072;-53.12820155831511
53032.9296875;-83.96242664790726
-16839.5635669557;-100.96177673339844
-5994.559481290249;-73.20983256723831
10810.785145163194;-21.35918514721343
47364.32944802506;-13.120111120112064
32720.33287754256;-62.94110186593986
809.9676634933712;-76.15408325195312
53528.355317230365;-27.378816209735987
-343.16642768448946;7.7252453511280805
57099.0390625;2.9254119502223546
18506.94721942999;-19.155101649517526
-636.6914690752164;-22.348590805586795
-35758.091613942765;-19.358614585715927
44437.14290888126;-7.1094397466045365
47514.317518625816;-3.9850681915083044
11286.553756208603;-9.229046176444498
14904.007975106426;-13.35306303450269
-4610.568952518923;-12.210062707300338
-48592.5546875;-10.099415966475405
44562.93935519157;-6.169952355600586
25559.612087570946;-5.199746030830838
-42414.01384372044;-6.090595110038947
34700.82051945364;-8.985854617465279
41019.41577702032;4.929888303000396
-40578.03426441809;13.780362559757528
-37172.07827330088;-1.2139329799971463
-13691.491293879895;10.959449495064142
-26927.916249580372;36.99389218176623
-3771.6225580423925;35.918723457241654
-51311.265625;14.958552677746994
-41328.29116827715;4.038284970467828
59991.44958652188;17.884360252150096
31269.58190023499;33.79086340313032
56666.12868320261;3.9633603206751786
33916.516304036835;-40.89777374267578
31374.758101710555;-5.091283606766936
24427.869994249166;62.74362119925624
-33345.41747628139;81.85502624511719
-5622.723704012424;49.02304470597666
32778.86039140941;25.93126763988103
63565.6875;50.69011816386319
46648.09549265457;63.74386527398815
-6309.874886986145;51.991933954010534
13256.148054647689;58.917438425354035
68101.6328125;100.57031835971122
67660.59353178075;115.59233741284102
-39767.57444978465;58.06515393484304
15853.779410067684;34.10222625732422
54015.378234425545;98.62945249387931
-21513.948708995522;166.4547369603028
-17582.39854944094;143.88131575072606
-31906.274291004956;80.16598137479991
21391.072583506277;68.79545606300633
34098.40434920948;99.39691246163802
-39684.7670746292;109.60614966432304
37786.93286428609;77.27588870674012
50474.46286636517;92.01515935069565
-29706.478368397035;135.41905979043918
-12232.322050266848;110.59778872792707
-49870.07421875;46.17962259205347
-24116.980545403912;45.21625836936687
29688.011542016844;122.62469427530377
10320.086557288014;152.59198638478748
25222.533459611615;88.34698458643717
-3348.5119659976117;48.34336471557617
24993.70357634015;98.50259859740115
-44377.882089115956;133.49246297750096
37309.22466248437;111.1434113795325
53611.20318877892;96.47265828471089
-22823.13940020638;129.92922794318642
21311.77913873906;148.47263415882003
31203.079882556194;128.7900963890748
50307.79434756673;115.20723363658814
-9002.158555697235;130.8988693352676
15998.796585789445;156.4229052475506
16864.220881169516;155.81786478541864
59153.015625;153.16514666805838
4448.909319613675;167.97385687150944
-27441.029676150927;177.49880981445312
54770.83733407945;158.48634942947945
15967.827127903074;146.82306130277948
-14349.551617409474;163.91397624612893
-53599.8984375;169.74364949364133
18794.862853990868;172.65337893347805
5868.7451159059565;182.7925567626953
-1851.1414582983634;170.91529702286036
47546.66036314404;133.85125030485912
3327.0237693887902;110.7017593383789
48214.98046875;130.6478993404802
-52731.17553495609;165.76485429785274
20943.661093800067;175.98983617075874
-44218.426263287474;153.94149709828378
-61210.596507395014;148.77235349195936
36329.05649083396;154.7632358243796
-39519.136071900655;153.93269668354645
38463.821762546446;141.9960341442347
-21979.6800720213;143.82212020222545
13025.55884522968;164.75390665490485
-34390.086232552;164.8771124612271
24258.949806648554;141.01918810839388
30450.99697932323;135.9182477162836
-66739.5859375;154.77203623911691
20855.955043195616;176.82367546711833
-33091.71255712683;185.9848175048828
-58527.23701735454;176.91730681882225
-54364.264593331325;147.73440357431429
10310.420441822178;142.80745104658968
-52879.96343119602;143.93189909306307
-637.6682282765396;136.9286736266477
32651.5234375;132.81209090640286
-58527.23701735454;134.71334314702847
-12926.004262219794;119.72629679627103
-40857.85340422052;110.78106084447516
-60088.1237431381;112.7902025565108
-32314.91612583735;102.72531364585976
-76902.30189553324;104.76562342741384
-9000.082392345954;110.86497487779408
-76659.78094398041;94.81102153198194
-86847.484375;75.66663421622476
-3416.6301092276553;53.64998941715176
-56453.9564014481;41.76536475538491
-26565.528454814485;37.840585539869004
30817.11684154409;28.864181518554688
1816.6491376375197;24.82264631768878
-60591.9184953135;24.781049127904993
-20748.465301885277;17.794321136143978
35461.87510180785;16.803988040906958
-37138.5401248064;13.767393186690697
11029.266012203589;3.808066017303844
-59546.69226327173;1.955391180010679
-51307.955120266764;17.927112165069133
-3045.614870119898;27.768047332763672
-77986.1953125;18.759055960744817
-57934.26135240868;-18.052857105989617
-40837.85617472896;-56.989426635526584
19972.549847455142;-27.133843614172704
-62792.95803514206;-11.128524898904274
-24076.779549308376;-32.99424769794202
38904.34375;-59.973225056555734
-12659.555809889709;-55.17674909610244
34875.050135354366;-57.320604261882096
-37557.700815130316;-77.07926940917969
-65049.291112843144;-69.94535136126066
-9762.644659642327;-22.223888690912517
-25610.198658568457;10.622060775756836
-32473.32583056839;-37.06037270796871
19352.277149373316;-104.92533632663148
-64324.7578125;-105.2389067100839
-4390.478497087395;-55.468927736521294
45831.54296875;-32.24936976185265
-36341.08375924139;-50.95614557466767
20058.256432312322;-78.07450174359082
-46895.474039179564;-91.34751944315352
28951.914494289216;-84.36125901182908
-6447.9038359382175;-87.10883726683521
-13438.779640089022;-88.00788521939108
-24714.277330457764;-72.26577485012615
-45345.68142282298;-71.34699169861173
-54992.38405326815;-91.1589386531052
-43380.70575197607;-121.95462022797031
17415.876830454887;-133.0808868408203
11045.25425345765;-122.23749141304276
-40402.145539195306;-112.11333434730992
-7515.801984048834;-126.86122989890289
44462.637326199474;-129.95643615722656
20201.08233214343;-115.29342565671254
-49072.11328125;-123.15968194797921
-9433.618415989215;-129.85558671759495
30492.82055944958;-102.90886545898705
-25500.537570073357;-66.25071668029686
-8913.87024227166;-62.28770721921711
-5697.588860660588;-96.92015182160296
32023.08957265981;-106.91047161918507
-35026.23580615119;-88.24959012290384
56317.2420131511;-81.30840955566552
12917.364023112052;-97.96101764298615
-16284.515075130366;-90.941398622701
40206.85959715329;-68.2540098700164
52311.37804010848;-68.32871315863243
37966.69063935324;-103.07072258432176
69607.9453125;-123.96523241022193
65920.81192682424;-92.16902266562423
48513.77553040217;-48.363014221191406
-35260.51345788779;-41.214366064934026
23846.399453551785;-52.044647216796875
-18757.55330832564;-40.218876634718214
25431.6550752162;-27.36418600722992
53290.900774729045;-35.164662885786676
13055.682540921029;-46.9210958956115
-45450.72955265826;-31.084889661208184
29239.262754114272;4.5967202889900065
-38530.830931331926;13.70099116010553
7742.66422445076;-13.982034562239221
-47119.15703275208;-46.87404540015354
61100.73828125;-39.057472299466426
24481.832451952418;-4.224009438444654
28078.18361043981;6.95419774562049
-288.410425492395;-4.924814186581656
55558.16563551458;-10.131322960285011
-14926.657509067336;-5.366841209699871
-8337.782884290027;3.8166726011343286
9294.651102743424;8.212179413654404
-47910.953125;29.096408542323744
10226.595616636027;59.726373038759206
5928.247282422104;48.73502978142898
39049.36073128549;0.024014750183869893
-10851.004987749679;-22.998485565185547
32652.69765920649;1.767833632356453
11214.721670478306;39.72615119659799
45384.99248827422;56.92739884078523
41385.988223312524;45.010450839545214
-31093.057826018747;32.82587863058175
-40757.80250852611;21.6112310980173
19857.91838849872;27.694994138558798
20165.98121704955;52.90962649935729
-39062.00382494678;64.8947590121192
52428.296875;55.74098834030417
49680.43456938861;52.710186803155736
5332.4653970172;46.74063281941342
-42800.8984375;32.75087566790766
36356.717234565265;35.720311144686384
27828.317513976523;67.67157324384856
-25882.146018550484;88.71160888671875
-53826.70415422481;67.94901369660046
-28053.10385746807;41.96942490990389
-2952.3247047214973;53.62199936539597
-3964.8067644276234;71.58625192756935
14393.134401608331;50.944366128637924
-34425.40266341946;19.10336314269342
-9365.25280680877;28.80479399930754
18426.810921978482;65.61626345277011
-1814.7044129168644;62.86518291196265
41138.58746193531;23.138174823842842
43340.6953125;0.01504749245941639
24953.50105324622;26.69078898710262
-50854.26484892384;59.73568908724842
25668.576665237706;65.078182116582
33015.97857845022;74.03875321061071
-1788.7016633898966;86.66051274345051
-153.77878688209603;72.64644779471745
-3701.5289254671225;52.03489892571947
-63163.31640625;62.06364928951033
-57150.180578139785;104.65031219398891
31789.57927075545;123.5772933959961
-57554.04759850326;80.97962974612138
41806.40542969585;17.09356567096888
-47123.21955194537;15.789640713520953
-45950.214203695796;44.59699401342644
48714.8515625;54.77595380124791
-6041.105411170152;53.98316742711957
-48080.809283873634;39.879915087362825
-61574.578125;-0.35816595951413
8321.057633251447;-7.292960453205165
-11280.080517484246;17.9093011243483
-51249.77495210025;29.913755852596857
-3444.3374737970007;25.753713668355005
-38015.178024360444;16.711776443428125
-8311.384055056347;2.748304859109803
-36665.46455334731;-6.195577209016993
-46796.730258458396;-13.144975662231445
-36515.6833826239;-7.2053366960646645
28289.075505534347;17.752830129454548
-1544.3044204630423;32.84080659707596
-59349.1015625;-13.035395377148028
2040.3920678340583;-49.15915862303263
31929.067284014774;-21.34866419579798
-56308.68485919523;11.7950407986704
48237.65234375;-9.965134832839901
-44317.75418914228;-37.93573832995767
-15092.323221414648;-24.24415779762805
-50892.737394723066;-6.388613919675969
34605.027989407216;-16.12482390869568
2575.5842089125435;-51.86635493845085
-42137.58497640538;-62.09529495239258
2808.7047120817006;-38.39464249504523
-46545.53251872359;-18.12844233955706
6481.173483838065;-31.930520680679276
1904.1314920380028;-51.13909895200989
22044.42961090569;-49.367751425345155
-11671.033583354634;-51.299208021893016
-48177.37604090768;-57.02141597722307
27737.82330802284;-39.042971475205775
-9494.147757986313;-16.31537625242983
-41467.39713927122;-17.394376754760742
23072.16546825884;-44.118079043542124
-49900.57523670919;-61.01556695258864
-44835.84022284711;-52.30374554784187
-9247.506774632246;-37.40533584462358
4762.190808993233;-30.14936487238215
36792.173727926536;-46.97390505186817
-54081.7578125;-77.16029637574488
-46112.0826333945;-89.29910899048289
-40677.18903891968;-87.24570800732238
10477.117416627254;-58.15974094426261
20221.944397540792;-40.10905807641922
50817.96516288302;-77.08579656683202
-10077.949503311254;-119.10834503173828
20254.13210020277;-106.15934699507298
33426.94941461684;-67.21457188587897
37986.33749668588;-37.20046137011323
51387.6875;-45.10054527358038
11239.965969716104;-52.05386077211334
28677.653886842134;-37.11199284702923
-44002.69449022883;-13.176480151446626
-33558.24088068789;-4.165108593207208
10872.956947622137;-0.18113379903819293
743.2264152720309;5.786333776449496
50752.38856911345;-12.117484719307882
-26311.239810692256;-43.00532341311928
1889.9567763131563;-48.05395671660424
41561.80509157221;-9.283114592113023
-52125.22837602666;14.707096099853516
-29999.191614157346;-8.096699923486995
-49070.07084478572;-57.957262930254636
-48867.509715317145;-59.10120452005157
16551.364808427214;-30.235084378505043
44698.991509953325;-36.00009694490739
52054.80640982877;-60.86666883004757
35978.81858927713;-78.07392883300781
-42809.09047939333;-64.4060920658054
-12361.306820100064;-39.28326593839635
4816.211770619542;-31.02083633684328
-57651.296875;-20.96745857799676
2874.691137782487;-11.127341270446777
-48666.312311345544;-16.122203487688793
-61063.70703125;-32.05835145753919
-18093.375145260958;-39.175584942223395
46940.49447573253;-35.29922462523276
16211.591882589084;-34.20854615533589
-6431.246010062525;-52.9893616446316
-48757.29214379654;-62.90897103462227
32825.62332690616;-40.17055081170075
-54318.202310954526;-19.337479099456232
-11420.282944671373;-27.1870252710712
-49173.19994928682;-63.97182607416464
51827.41119024332;-84.06256866455078
25157.323163179128;-68.25106966268861
7889.722310234472;-52.182482164350745
-14225.803900456252;-60.017560152181375
47662.762941516994;-56.12673165140639
-38857.20098810828;-35.416083032721716
6669.849862881281;-42.36526299806467
60615.3203125;-70.05402794966099
64256.90625;-61.9664421081543
12561.436154801326;-25.22428762635164
29590.954812816635;-4.319173268666177
35684.67510090182;-17.12680753493151
-12981.896483123266;-17.172931253839117
-28239.830930795466;-4.370831833842701
36318.058996808904;12.658045186847161
62715.987219658884;11.955119710695172
-32718.89495886677;10.023458362844437
36215.96129418508;9.79468471706268
60142.74697389905;4.6306731481665935
19349.04268108921;-0.3100996212166578
11328.70093052843;-8.13452729670373
48569.783311668376;0.8946519166501332
-31828.376108203374;27.825368912425844
-55953.68509857479;55.81508649432031
36119.53568615146;58.9404296875
-52972.054042319636;42.97977799671041
-59648.109375;9.800219563331595
-17285.125578897976;-7.26924632999696
46897.549242032284;22.9197186536667
-38167.592454870755;40.03435392182504
57758.46484375;25.97944266101164
-53218.648943618486;18.89019129464874
18112.337686174826;19.780940641765174
-1033.7892661156802;19.795415318655817
50261.985895441685;27.930183731196625
-49070.76157813835;22.945327697396294
-50730.97286236915;31.84502711177334
-25162.3106344965;62.817495347695555
17892.26726143586;68.88238496487456
47390.506993447576;38.88194695399315
-25238.01486060671;-2.181597948074341
44114.09850993377;5.75831904478475
4878.1826240720475;37.73510716958074
28258.46454834036;70.78636169433594
21483.81659317587;58.87704292338925
-50549.63483238424;25.850284005679757
-57618.296875;18.726516102116097
-8966.88793710612;34.72103406627552
33397.98069143975;46.86520373724849
36903.690273369546;34.88534559647506
19593.078656332014;21.785336050511525
11902.311205347607;24.720972601515435
-4950.293671748637;23.751216415505162
51585.44536078123;18.820401729537522
-27937.464660400517;23.840086317747794
-56652.273839247566;45.80560105666325
-40022.71313662088;65.85504163953424
46767.01014132453;69.94989328902173
-58302.11967940783;45.92962828287
24026.720109146583;16.835966110229492
20297.96635274723;19.80578339286518
52387.3828125;45.84075838062736
15341.61832312234;48.90530511949971
22761.66803562845;39.97436824028124
33503.54358317342;42.929536637931875
50141.61742223025;66.8003830172361
27542.64545479254;80.83596801757812
-59192.59375;62.98971973645857
36980.83817631878;51.93005930195395
-505.80970016518404;90.74132649277944
-62362.734375;131.76632690429688
-4130.200250657108;82.04432620979495
44610.353346044605;44.05484390258789
1818.151498649553;52.79065812958692
-2613.856773416286;75.65608638974496
-8694.064477265623;68.94930454640311
45650.3671875;61.08881167752533
-59104.24409836402;72.79991547501905
19707.70813122767;84.60203127916759
-4772.998029052673;68.86364618719858
4460.215187798502;53.06904779700163
15427.33420688592;71.79075293064074
22488.220572646445;101.57041687283906
-28866.377322863897;97.7438973577494
44850.99046308499;77.95949320522914
30266.073691232785;84.84963747374317
15044.951938712155;102.63445430358277
-47479.49350599498;92.67934686978182
30931.220145506522;95.97321094043974
-57550.88000479713;124.89328250700157
-71227.3828125;136.61630249023438
-54734.46938206694;93.79634294776159
-16282.529701900923;63.059131338208736
-35086.91957967429;56.9889791357738
-31238.199087258145;62.74873750733584
33821.3671875;47.84983362543662
-29024.50354372349;26.02565281498904
-42579.180963078325;22.93610362424752
-44778.44981588755;29.785323786290594
7282.668115262684;19.854776786641708
-30765.324224591437;2.0287151884311583
-66840.06586633465;13.01789015430219
-21673.303136301387;29.90454790675833
-5008.872382799382;36.813380129035274
-7565.602572471922;29.826435551969126
-41364.13301087031;10.927356869548946
-55295.50735472236;1.9053798913955688
-69760.66925541512;14.818585491021798
26502.941501560737;42.80323028564453
32089.263671875;41.89365717010401
-38939.179687738426;2.95565897846447
-75585.453125;-30.183121531062127
-17224.816804540395;-15.343298336909996
-29800.61383147727;10.68978674272725
-34885.81004239569;3.903820044361254
-42151.31493566913;-38.97841793012222
-242.39740678503586;-59.12959686259738
-21963.332433712843;-55.33970888117851
4323.5994494806655;-55.270801826970896
-71109.82324501881;-79.06854206811309
-60653.542570936464;-96.1437101007603
13340.580646740855;-70.36695926277537
-60551.67434312485;-60.22935344775094
-15346.826733755333;-103.83373735033021
-49311.66552926606;-137.82696533203125
-13835.23367590559;-106.33368527698252
15244.85929244505;-69.56212486963042
-58284.28475635024;-78.21409459593866
34376.201358145205;-138.7808808529785
39570.60649827284;-138.09617267747996
-36390.87485503708;-73.43739813604591
-41091.849757258635;-69.11665344238281
-24833.514670283264;-96.79260082444532
-34088.200411475336;-95.12268558764956
-39525.4956299521;-74.54495117227549
-38942.17693785382;-91.27200700820019
-62825.73046875;-135.6750102261874
-28409.92763495142;-145.78679773331444
48201.81062102545;-114.40183553225056
6227.727553874705;-109.43716465473307
-44846.12711000921;-178.82450380627134
27638.392334334567;-209.78018188476562
42946.20483123504;-167.3196893214059
-443.14325936727255;-129.49761170241075
62509.375;-146.98450043528365
-48242.76316629297;-161.69606731574405
-45670.42336015465;-137.177504655181
-701.3335001320811;-106.64681785803063
516.675145249028;-113.23372429812122
27781.595148129214;-143.7660675048828
23108.70752193041;-140.05061187776738
10231.934535532127;-94.51293070913616
21861.489572325998;-90.37376279100695
33176.732310828156;-116.9810722482162
11606.214903594882;-116.05505587027478
2915.8142306140653;-97.44360738864813
5326.656433468692;-93.41834062401725
54334.29685807176;-97.97096972934537
47793.92605532051;-96.85132139045683
-2835.432078553691;-83.25949674350144
-26756.604227266573;-78.48248236578159
-37239.253750081065;-92.19959828158514
20801.52150255497;-99.96082288096116
60394.83984375;-98.08942692898364
9598.29431716742;-98.20902314015689
-49169.74609375;-103.08057547528034
4204.829028395565;-89.97055270762289
23222.394948972098;-69.12322458282405
-44978.895346964455;-78.28514215144145
6954.592808694724;-118.12666320800781
-47799.16796875;-113.90015606506628
53384.265162692274;-62.00853078815794
55466.19879816679;-34.196525538571976
53061.58367978598;-53.149630638860884
71673.1953125;-88.06463849819201
71135.39284098952;-73.21451006067514
56733.22495986101;-32.34356833602976
37964.830233757486;-13.205167515486622
49812.8921400175;-4.031558761948261
-27384.55076205672;32.88052519345612
14711.709813024063;74.62206268310547
-38911.75424463589;43.71885422737367
-44548.65336975606;2.8890893294514655
20220.99479236208;-5.19627471783194
28738.32749370794;30.639329338952706
-37591.85936540336;47.75124204433459
63921.54748584704;-0.975649978708006
17566.62056009333;-35.01712087112638
15888.962271731092;-22.402893594889733
-42253.90625;-12.399213217588809
-35730.73980145325;-10.996359875863803
-18768.263745369768;-3.9765262888986044
8676.7853655879;11.735060013198769
-38728.73646694845;9.705005045146976
4845.566751371429;-25.010048284206704
-3140.545157141707;-39.98495101928711
13056.007646078753;-0.3135203410610927
44474.88451247635;27.556128255986323
-19830.621729989394;20.883296752225583
54431.88679969558;15.095598904553242
-41505.60884605224;38.823490016507776
54870.93067267563;55.603916959919445
-488.6560703461146;43.776156113153334
33319.324499019596;38.97936261003278
62754.4921875;59.834744498455166
28810.311876516396;81.62165069580078
43955.72314442694;74.74841157179361
-27145.34902982135;51.96874540378282
-18012.66224068804;65.80839508520685
-23380.195087306776;90.60441954578941
3822.6327826967754;77.75515508504755
51711.23545173116;35.03756261131647
54755.5078125;19.96345329284668
40542.0721697182;33.700942080614716
-18474.706026165804;50.61576065557442
-25204.150192075867;53.818794683741125
6537.140022378648;67.823321974972
31783.734123222297;81.65363163292767
-39814.42182803011;79.65869693058755
-23691.32941059221;63.93626953419191
-12555.701564621988;78.93041010296159
-63574.27826431223;110.6323073055032
-67339.5625;113.54688262939453
-42791.62331671346;81.80785707877786
14578.19235351593;55.97937893903146
-26536.252234884756;60.82320034943782
3789.097346654031;65.74413448276928
51864.00799370365;55.90940628304387
34744.35823902;57.924799546558916
-33740.500925211534;68.70086452253506
-62590.842281892794;45.66649626556284
-3706.7474662484383;21.905446242168512
25821.608944522115;35.975160230987655
-27536.9301153552;70.88475979142481
48201.444430681964;65.8903866974323
23787.56378225425;29.9249329677699
51288.993299041336;20.811092376708984
-60172.41063226722;33.66710344174232
-65108.9296875;46.73101286644079
-3685.3926613952353;49.955362426062095
-58608.17117676989;76.97829921290614
36954.580541326824;83.88706970214844
24424.648793708227;56.891082702668385
31973.57230931653;24.882435253484534
-48857.923194210256;25.7313535554505
41894.658730701805;59.580286484633135
51513.21875;78.71752299028994
22524.071161772896;69.92515486278529
-6577.3957121136555;52.94742965698242
30135.24577491502;67.78641612633004
3190.7469319957017;92.64218102440965
53558.47309274813;88.70115344589215
25332.434564977724;72.80290017433737
31536.98270893973;71.77601270669547
-57210.91015625;82.7225405993735
53732.84375;101.85063249381544
32545.962434397123;104.97870749378312
49698.617767172866;94.88329353824972
14612.871441494106;79.73901620014371
48213.92780202834;73.74883930556604
-19091.452978189278;81.88761632951153
-30677.790630924883;102.91452491524623
44545.37232372939;117.92581570067338
43077.611548609304;125.9570470776699
-13484.505242090461;118.98970812210418
47294.672783700546;96.99488871382863
-43581.21926756293;100.88272167127461
-25409.426695315124;128.73126220703125
-63963.159317348625;160.78132035425432
31790.150557701912;162.0570523706191
35624.661459962575;118.1156597518723
38349.618818273244;96.94202148370442
-34292.1385381777;111.840200022491
-8742.553568746283;144.84455103450296
-39433.567516122355;175.81563552817795
-45689.52561444727;188.77716064453125
15408.894423779551;147.8856678032899
-62598.192849978164;107.00954522730598
-10989.855589751125;106.04341426826898
-57679.006285918855;128.9297392365479
-8425.775202685822;145.76457119776774
26181.01739531198;121.78915314839256
-37536.2143707131;83.86412150183075
-4090.389606444747;50.8751407550762
6968.658272566536;44.8807373046875
11383.653091691915;78.89952582368832
-10742.735293714424;104.8950358783227
-70338.53125;107.83953955120595
-39869.09707979589;86.75994110107422
-71371.07439938739;62.70165326268096
5268.38701985206;47.816603714805595
-82374.90509643611;53.98872083620341
-12794.253941537027;68.01709002600376
10712.94745690214;81.85731832693047
-47843.923466522385;76.76472805334149
-10179.202470550823;30.832778620174928
-29468.739799128598;-10.09791106798209
-38514.19120004144;5.859358885415794
-26226.94045493084;38.8698651351647
23741.655898172845;51.009518993942436
-65831.75367381459;28.069116825361398
-36318.07995199772;4.880295619044311
-65346.31500278601;-1.3192206609273462
6723.0405717356625;4.765219153034231
-37970.566386937506;-10.021193423975365
-73045.17282995516;-32.94515609741211
-85204.4140625;-24.080614993492706
15939.725476470237;-5.169715745836086
-26187.992205292532;-19.086351014385627
21606.787109375;-64.99101567884664
9756.009839119768;-111.07558378667002
-68318.49637393019;-82.23455153507851
-81476.4140625;-25.2198032927396
-54879.01654952606;-10.034697532653809
-10258.49639750454;-28.97685659830705
-38180.33702987786;-67.17495980524554
-29513.25675922398;-96.25028491330896
-21360.53860263613;-111.06303238364474
-38987.27208955943;-100.02825722391853
-9133.820826993193;-69.2919631155096
-29162.48381905051;-55.33898675240556
-60868.89707051516;-89.08552568637772
-32155.85110671918;-134.9253414352081
-16838.241728202396;-147.12530517578125
-52804.265392177156;-126.35064126843699
-31490.483601367705;-112.27005897457593
-7030.756158778269;-114.02934729861948
-32132.256514330824;-128.05344827886677
-60585.27075461306;-173.25575438240506
25232.122318782043;-198.2234888074745
-65707.390625;-182.03154222487996
-8167.678689449363;-151.0850625856135
22384.122512383838;-137.21812438964844
-59231.303633538504;-149.18094251828683
-47397.708809549236;-190.06358311324516
-25061.142021937085;-207.04722595214844
-24339.415295042454;-182.12211312903372
10638.068666050254;-172.160379212169
-21398.038445811522;-181.08534266148538
33009.65184472469;-183.02142893027812
-34974.671402678374;-182.17006243123276
-18509.186183173995;-186.293702420351
-47843.19511806371;-195.165388867224
47994.72186431853;-197.01090423186298
17925.368717121077;-187.0907263769041
-608.028930116423;-177.18653162267825
-39120.2230334397;-193.11209319305584
61779.5078125;-199.1121492082302
7803.29623393248;-178.3043390269333
50870.45392772024;-175.28793692634645
43320.196000120166;-202.04188537597656
-18866.550976520775;-193.02657123264964
-8745.330525531117;-150.26248855682792
-17530.15956584798;-127.34878236663117
-15390.519137966552;-137.19315084702518
50952.47583440704;-174.0391412425253
53688.89634197515;-185.15055503051238
-4081.395210823295;-172.24024975643636
-26310.74609375;-165.14636028738124
64300.83406228064;-147.08966110962467
27740.27624204373;-106.23918184074392
66365.5234375;-127.26535551510241
65364.2905075991;-174.0704263118486
2478.943153315453;-181.97512049419885
-15199.60607929901;-126.1912348016696
30721.348298867284;-59.35329128157926
61216.527536696114;-31.188907623291016
10797.095828000543;-80.981702540411
32380.510777444717;-125.099365234375
-26024.91796875;-111.26481006873604
70855.2421875;-57.19452618930498
22973.966707584514;-25.04115269524418
-25297.5849996519;-19.0397171258206
29474.13553913808;-51.15946359131178
13500.898280794601;-77.21447655124834
-14860.652556902716;-74.1207899228441
6728.718745350692;-65.02566772501626
44115.407339844576;-44.089875349677
31928.14515032273;-18.2049755930926
-14866.565833074244;-23.209468668452416
-22995.842249884125;-66.07997397369877
51728.75041068853;-75.11971047741196
38333.70156313182;-43.28480472451042
-6531.803069303722;-12.245079294254992
67234.8388514812;-10.994945055667088
23989.571890044666;-18.030906268732252
2561.337363465431;-6.324744205499286
61598.008340970904;4.5308518409729
9577.739248543694;8.829933166503906
44196.843377698024;12.952709851107933
22485.730398175947;39.722239625847955
-19327.191535476813;70.6364835276429
-41797.95703125;68.78642588095113
45061.748953429706;56.87146963779078
44236.50395083563;57.73872986268265
-21600.047457593577;46.647158959512396
-7961.386518233856;24.823791209366497
58168.04296875;36.978596823323244
21729.12869524312;71.81379293917402
-11591.854366984124;78.62025008360365
47865.446392926766;29.850390522947215
-2000.097294319552;14.97387954891665
22928.09832932619;38.802329539073945
44790.22656810301;72.68544065255607
-441.1316886797358;79.88238427261156
-32862.1248220151;70.01638515436439
1461.0504152663125;85.77624381108414
40328.4120901221;104.67315673828125
-33106.19018652293;83.81896776560298
19899.163933392396;54.98401664547384
-2070.8795748557022;98.84490854307137
27697.896111357753;145.68844056630786
9666.25572746589;133.78109127095553
34323.782248765914;92.95920957363379
20581.010817917515;71.9033287533923
40325.07582019687;101.60538425690618
5660.188408462112;131.65892375521466
-15881.31520035163;132.96372518872096
-48242.150035370476;126.95533840977961
51198.19140625;139.68502761748152
-41532.98488916535;137.60928251614746
-18820.37021914436;88.91216980338108
-30533.215810566842;66.00105035023799
-35250.624663044655;114.72303221357947
-7706.092503450018;157.551025390625
-62501.9453125;134.80238438790582
-37105.31758812696;81.06346588188319
41704.38440339653;48.89936447143555
23315.79929788354;74.46626724418141
-53789.32770066158;88.72713514028749
-25614.175576978647;75.16599377151826
-68652.0859375;98.86686594408309
-39807.14921524514;129.40267944335938
-22788.840544423983;96.63215374641722
1923.4912054239103;40.144996270438696
21569.939443230323;26.123674392700195
-9464.546931208897;76.54653529842608
-12446.278367491017;109.47780898137805
42753.15234375;91.86487278877318
-23366.82725385153;53.08836106552313
16665.55221764656;52.66127573014411
-30535.562411663217;60.582053942745404
38731.0448304983;65.94504802501405
33382.96780738338;78.13825555205268
-37343.905856537735;98.86056210149447
-51424.68207473888;95.50218996240704
-3939.673973445555;61.68522639575394
-50433.604864161636;32.96807148329459
10331.886381258213;37.92366994248394
11652.319871650601;48.79954695699416
-69787.8515625;55.881543162227985
-3777.9366286727018;48.964720978052775
-43505.17731671251;39.85838270077508
16787.898981230173;23.666206961959873
38556.572223602445;-1.278911474193678
-46809.62092434843;-4.030531406402588
40305.390625;28.023472029110607
29637.766370557656;55.845691436726895
27744.473057997573;69.65628826725519
-55893.0609784854;48.741928112438835
18939.903181220827;20.873613629178287
13434.737089597576;37.776421784175874
21041.509156387343;67.72541676526774
-52845.64831745258;67.92516209305954
1964.1011196239851;66.0916024174322
-50784.36092214537;79.87915171013836
-6168.492426164274;79.58081413721854
-64848.82552973457;36.71751546312573
-64363.1875;-12.924480509830026
15369.827038135743;2.9994959942854393
19816.21265964996;57.77607237812103
45228.684847393146;27.98253829527168
9185.019033178396;-41.82905473929429
-28715.21437500477;-65.03120422363281
43966.59394765504;-19.444510471279848
46350.12668698214;18.688596818075084
7140.919359011168;15.132757404534743
28037.61905556658;6.219373991663531
56236.81795506437;37.81163955042585
8408.636221155248;80.52928227095069
4461.085932969916;53.908056427438765
28431.436423984123;33.04277130684832
58534.0859375;65.73806063017875
23906.28732878639;121.47197839458289
-51076.53961791303;129.80857849121094
-54165.19297878773;103.25573417488249
-64265.67081829661;100.90400426174668
-47325.89801393647;121.43927418592995
-54663.0569172884;90.73740108977901
-686.9857384680581;29.27144226163628
-18678.55735840604;9.112756993105776
-53870.966617548955;36.63641756144878
-62859.29267298272;32.71068968228484
-60177.84999732367;-5.8398612790735385
6563.895669763253;-40.796265569310805
25228.201516877205;-45.252039321185535
25651.373046875;-50.2838446607551
-21749.263588902802;-58.89043426513672
-63233.63671875;-35.73783692106626
-21703.148742685094;13.863807441193828
22017.794428720925;35.55696340971812
15869.600372695379;-19.015978772395677
22800.390495415544;-53.742454487712735
-7023.708136383648;-11.041087673847471
-3211.0954093843466;61.60666079778319
17999.02121274834;99.7215576171875
-23309.030446266443;74.05426775372658
-55886.456661064054;24.02907075345557
-1631.124421698085;-0.3134482554834648
-1556.7348765287898;10.729490392233643
-65065.118393338766;24.118531780305204
23676.536979194483;27.0797176361084
6424.925185841028;26.745815373436244
13956.866634232807;-9.42326854036169
-33894.20829592035;-75.16027650394523
13704.956583545849;-116.88048553466797
-25949.743006135177;-74.11024175685773
-18208.158294084467;-11.389337784385319
-30264.33662595466;7.816632495501423
6304.887510681481;-29.822060719136516
-67692.421875;-86.04065747115087
-8601.76293835786;-89.43020478235586
-42026.33812010988;-62.309432841891294
-11758.246593609809;-28.897239320551094
-8906.083804959548;-7.804281911484125
-25549.05386510962;-9.194809097480729
37124.137940026834;-36.36171227160395
43104.04296875;-69.13465869795994
-15948.961057666631;-64.96766112521384
-56882.51171875;-41.09073410286808
-19784.344873224203;-3.2883018833944675
-43888.89837491322;12.856637001037598
13273.328500520729;-10.962642393066488
-54639.64596573916;-73.00590228816138
47214.80771002457;-105.20210266113281
-36841.797503371345;-92.29984286529455
52399.24609375;-58.176049922992355
-54162.72432606548;-51.000721695287275
40814.71941258546;-70.03164496856783
-9725.633927379298;-92.21337142293206
46344.34233971106;-85.17675780068348
38953.72448294969;-79.01026306720759
-15928.950359498507;-70.01002710797721
-40898.966556958985;-47.27704520855205
43617.88471430383;-21.416679477016416
10013.252257296786;-6.2517502726927034
-15088.501036437192;-35.026924207197666
-42017.898096193385;-63.050877486178386
34691.42792308907;-37.315498320952386
-6259.864787624552;14.559126853942871
3808.6448865641287;13.838804033127317
58557.859375;-29.040728941425634
-25091.1383970892;-58.29266471224235
-45020.46651451918;-48.48131504903456
53562.43376803931;-31.27486789357139
-21876.439344164384;-28.92528216878928
-31181.00649060745;-37.1024908953839
1283.8419225254256;-39.369150065173706
88.26283655001316;-38.28947883939148
40281.03105162969;-60.04550444325628
-26904.373143795106;-91.99987030029297
-59797.24609375;-71.19993909516303
42744.42965173612;-41.26995678646802
52585.38197723462;-18.100927725969555
41552.4625871685;-32.941529047828595
-36510.54407778787;-83.01128214347948
-28387.107931689086;-84.22428626160227
-17189.841567568932;-16.3204458099582
-18462.375898150196;37.91913656077051
-8802.813363280417;9.063281567986508
35652.59775901155;-41.11768658724995
31779.09763324191;-32.330898911594915
49553.66020858448;-1.2728137582877963
61571.53125;1.9364663751378401
-40818.79500049593;-4.091078151319053
23753.937916828;19.57275179802059
17587.781829017185;50.520172119140625
10758.1895020023;48.850977566985335
-51471.78419563223;7.1284914185822
-41198.8886792066;-18.1233788726422
-18743.99076010401;32.450449436858435
10747.82331076474;48.668380593876634
-19087.802769483205;-1.9460248207592628
28121.55982492151;-62.91496970036732
1649.7628012629866;-70.35164642333984
-12826.623261994726;-23.49062323371612
-51651.46484375;-7.101161586807926
11374.977880637343;-25.7813852599889
-41361.379814175656;-39.22871281168089
39220.55923797666;-32.5614834639152
-36157.89768729305;-47.01720209389759
6436.6079872423;-57.73538760904332
23558.99201476047;-36.079767588944506
-54220.595394780765;22.409682718788574
-37953.32364295156;30.576339721679688
8620.862169708664;-11.879976405242317
294.36129683160107;-27.93665410173741
-60361.29296875;-13.35733201441397
25228.93953866027;-0.3730831146822311
-31979.9306446606;8.01576581747672
-58401.66067029614;8.070210197495996
-26454.23229795316;-4.2989643549909715
-15836.588208148634;-27.405453529116926
37631.16576903306;-54.09055708721246
11105.644941819322;-65.8549575805664
21016.891934315587;-42.09072143701841
-58599.94757480373;-34.33607595859749
41156.95478980853;-40.323486290987375
12246.84408701495;-48.125321132617884
19403.666922537348;-59.10489616984287
-4783.591945950764;-79.22960429910913
-47440.658030445076;-50.223760258104775
-35914.77045348121;-6.180230677522573
-48732.63469284551;18.791194915771484
14062.89015613556;0.7209263819415952
15807.968493096138;-51.29497958587349
-17566.88216195505;-76.24440541414228
48524.09301886712;-57.1706091372368
-49629.73961476581;-25.15418186700569
-12027.759682593198;-1.2505910222456862
-62125.51953125;-8.326053912294654
57125.74609375;-29.261368768261086
-20835.037212196148;-70.14370134367434
41290.843394864685;-92.11131286621094
4842.544031652462;-80.14344069246633
-50095.57908740596;-30.219204691668814
-7553.153185631694;-1.2505910222456862
6716.820034853095;-21.194224162457843
-26463.51971275168;-84.13457119855241
-544.2264592616048;-114.13916015625
-1374.6898738870295;-78.09044929317193
-9748.23481412082;-32.02684668046378
-17650.00585710995;-16.061367704902736
32108.888226435898;-31.14049424187077
28202.176290825664;-62.180645722045114
-23194.674357311185;-87.1454970703558
30267.733166776976;-83.08564657901144
57042.22704298771;-39.05976376859627
-5947.539484632973;9.865554632031532
62899.64453125;31.80611801147461
-38330.311824718374;4.8503142005957045
-52895.2265625;-33.18044106034111
59598.99419397279;-40.300211779391006
35105.624292828914;1.7302645361012026
25465.180909432514;28.904315932362323
61298.793778801846;17.989709647075017
-17224.172489185003;13.840778508635864
6021.735346585359;14.593509976586716
-13978.571815417381;-3.401357686322797
26718.489011846425;-10.149773341683073
-50083.98046875;-1.0802019032355972
-8892.039794348158;15.808368623254871
54872.1875;28.79562092016573
28196.72234164708;11.90237535685133
17780.22225819803;-21.133772359534795
41600.118589861275;-36.271541595458984
43116.789189342555;-14.273155820399914
46348.72294832168;15.850443954670347
45632.82880052006;38.98953871477126
790.9490593623195;51.98847860374198
29252.145704960887;62.79716374069588
-42221.95726615907;65.7213992740716
18329.55490405028;59.84487798637652
-6984.590286447208;53.956669106621575
-2352.8992899320365;76.86668706234933
-30998.274519416926;110.79576681210838
-439.0435704176416;116.91539001464844
3861.1259751021425;84.99423858077249
14472.972710968737;52.86053986679912
45856.598915913404;45.75083591319034
-51847.143042876596;58.8745908825952
33483.99693843319;76.02456939490739
28544.403457377557;85.98417500104657
16075.641360901398;92.81575167044134
-31724.372878248316;74.80610700692228
-44994.46929969081;49.96006961713891
-51324.1669571091;57.94990796364998
13475.944108747455;85.74337215757124
-54657.717748969044;99.75930166205215
-58618.83984375;83.99514351394043
21290.21904189285;46.010902984143684
-55958.40988486177;43.738928155954056
40642.02123492195;43.63177089060754
-39655.05216596776;20.856637954711914
42600.651027102824;32.973837038389945
51938.3046875;68.74871147930064
-18589.238027326464;79.64263211812406
-26403.512960471857;50.81130766882416
-51332.441898360965;29.97786732135004
-58242.971228317554;64.71895832505673
38296.546875;98.55912780761719
-36465.8508035905;62.95975148643991
-6828.268822171507;22.155050820862222
-61148.9140625;18.879478129781184
-39558.44166315386;53.518612994263506
36685.00050951606;50.74169851138892
-14632.584224887083;9.097250008199616
11765.212925733213;-22.924392700195312
-30878.54975113109;-15.186848607058781
36068.910279396965;15.75405902555785
-33074.31961069349;19.042607952540173
36490.765166030236;6.058957059313467
-24488.510443171675;-1.1817825736025078
15486.033724383524;9.65337440396889
-9022.521218112925;12.860358419571718
3001.860514556378;18.11758770757727
-28939.231243514816;27.977673244566546
32909.55102051035;48.6803307510708
-32813.98505320234;51.74902779086739
20561.72323371742;28.95913627671777
-56101.443954783965;6.922743420192404
-9680.800397861225;29.720504372019562
-64941.19921875;59.706996642277545
-41962.288809649384;63.91911315917969
-12656.543848541405;30.02741244144353
-17526.52057007145;-13.173833048819887
5434.894821414273;-31.32075633322217
-52945.97895951434;-32.18442711833195
-44.226604343733925;-21.009825616228206
39287.75390625;-12.066209695706434
1447.6212613633834;-17.269875359978336
19729.914668936166;-48.16528768199194
13110.436185915896;-65.00981903076172
-3847.0072513647465;-37.10479302621249
36229.30673593574;-0.2994330083679557
-2873.648089517461;21.73499248873803
23537.4666843976;13.959988063330627
27418.179682612274;5.9823456177266365
-6590.57564060259;16.70209735196645
11583.502594550155;24.67320870191871
17935.205235068817;34.891334593079584
4663.609336851863;57.90255409997387
-856.5296239356685;68.75420379638672
10322.787883960998;50.74208073738704
-33913.19127189703;27.885592851130333
25094.40701153218;23.93750363775513
40443.575189977724;41.81143870851243
41740.38671624653;51.79211481705967
-6598.597155198066;23.930691553827685
10433.75216919843;4.979474067687988
52109.53125;23.80320826889987
-31938.561762310404;40.73318313828327
-35504.125;27.89337808990455
28847.138923116247;16.03743259161761
-16598.75201755959;31.894017665005727
-5529.0618758011115;44.723118010069896
-32199.260986663412;32.84576310515385
-24596.202069250314;21.996059718434562
-28359.547835677375;39.85421055520963
11814.755119479974;58.735057509319816
10734.674502333713;39.93638327029545
3764.2411861710207;12.069838877341553
-6629.578086076974;24.899886851686617
-19174.166587250984;61.694385694505
-45152.45343095998;62.77262496948242
33760.740992509614;31.98672830679049
19347.143423404268;22.936625226393033
-59201.328125;34.75950221988895
-47564.63347591994;36.77051285529997
26125.040629553943;35.94323349396302
-24829.7191521052;46.86887327408948
43381.28515625;37.70772598411659
9563.804499978069;3.822585432174444
-4234.616717622244;-9.9990873336792
2990.966077663412;8.891753599292777
39100.0960433587;49.673850007964816
-50684.34459182209;60.741626376347824
-6786.111508851798;38.92032875268028
15223.123449993509;18.89071840740346
-16316.487570144891;31.747426022105742
-46354.73420190283;29.799723776032863
2028.6510148834932;28.977033610280913
-64550.10164356479;47.91362220602804
-71322.6796875;50.68535232543945
-13450.744595243501;15.719013719602081
-57242.365733698345;-25.02220853753794
45294.24667419774;-33.00564741429824
22667.84516171948;-10.19907077055053
5935.48608391732;5.795898842288423
-48672.53396936609;-14.075747356484065
48373.6875;-35.124576231454455
-34791.306047600294;-12.313986464946982
-2343.9357804727333;-11.223754781877336
-63969.28184368038;-36.979976654052734
21126.298271460226;-31.91541573122859
42450.42142759387;4.800644397866563
-63558.32443810179;19.655887146932102
-14360.330319590787;-14.138619613053727
-5541.831583545849;-47.0006786720955
-34790.89559397365;-16.278419446722538
52462.8517293981;9.694833526846494
-52254.02415933428;-11.940582567369162
-54788.30116094317;-30.833815231472258
-59770.88918717288;-21.266220218680445
-39773.48362020335;1.4983302291109624
13485.877762998032;-31.127959474840736
1220.252166337319;-82.84990368779427
29343.16187822113;-84.05336481254378
-60152.578125;-49.36806540501275
-38035.251565504164;-31.363591153668168
-27592.104680990975;-45.03655420831246
-29557.286914938715;-58.11806593489326
-15249.109705040988;-75.35238832322469
-16547.195957561147;-93.25565165211991
30558.720792832726;-93.9404067993164
23220.664997129352;-73.94650535357644
-52864.38259594972;-48.34172339454963
52521.30859375;-50.407058780782044
59208.40083469315;-87.15061467225112
12526.638310302187;-102.06714630126953
22122.43473437929;-90.19160786816536
60540.09200037147;-50.238477310561116
-29367.204614327104;-2.1967524223689594
56740.96216259165;1.8363554793259595
45089.57160947705;-31.186891155945503
18604.52033349339;-73.29333333060758
25255.718989319954;-80.3152178647546
68383.28125;-29.187742726252083
61445.42427785577;27.962042731550753
43772.39478892874;31.893204009343407
39958.75060601892;5.72773270876651
-7105.827771176031;-5.277529666635303
13500.913727154031;-3.231137679523769
47582.41038555607;14.838279781399194
8654.936746872329;43.91295961772397
-50514.60546875;56.91488391979718
-12095.133909616576;60.88334274291992
50955.18133514187;55.845687620334274
-20740.1622929033;24.793502099055534
36865.06230759034;-2.199899196624756
15608.934224744022;18.914022272272796
44836.53363258958;72.9071400943818
8783.742867252113;88.86783327256538
7640.849251199761;66.93714196020498
-8037.957985311055;38.94172405244142
59714.46875;42.7708589629025
8524.686980946914;74.7406620883409
23952.904209789966;82.93572652287911
-50221.73805987159;80.03493053243635
17464.65482206756;103.81598445408497
-18080.18322502441;130.63255928880938
29716.474386148795;99.82265354416487
-21439.443868354592;41.067851737744164
20224.53125786806;42.9540006546068
-20499.731339600436;99.6668778523704
38781.737231103325;135.75421142578125
3567.0684508709237;113.04043150061628
-51246.109375;75.05221347192982
34330.519529938654;59.63867270401881
-24534.049880596336;79.61047931395171
51185.3125;91.02826130098029
14172.34614522614;83.0802243544264
-62431.49534759628;95.75868992346064
-43481.778817341;104.55195790795014
-50245.55953398236;91.75315436063354
-53610.55534746277;73.01767721805392
-43203.51572585414;62.93650634694726
-64081.19796141125;72.7440515769595
-18754.127951712093;86.80783649122041
2465.4203676717443;76.01609851025603
-70437.52200837542;35.9148998426395
-40395.046095347454;14.691005220578232
24658.88950725959;10.669711112976074
7986.955140175327;27.893800552128457
-26513.693017174293;32.054056372747155
-79069.640625;22.00010480625198
-14635.834197706536;24.770743496705336
-16174.231574926758;34.64991847569517
13238.777043214213;13.839242673645657
36117.359375;-29.965589974263942
6345.643451776938;-43.1370302402828
20488.09528206494;3.6274870781894606
-60738.26171875;54.73125076293945
17461.264751348062;46.965593011108496
-22169.819565631005;4.913328550010846
-53893.90029895026;-6.378084024700634
-24575.913366415713;1.6499903540326528
-14812.611371339684;8.918930919227066
-27061.816175334556;17.02573028603105
-59984.50997526093;19.786728081939074
-21871.274757425534;10.604020544835564
4972.632922950783;-21.150265714823682
-10646.285557818745;-55.01138260761303
-37374.91355977909;-68.10597229003906
-45484.39555296439;-46.282280954154956
-3856.608088036839;-9.245922875847477
-24382.30262446068;-0.08570819247844952
-13993.83006566725;-39.0452052650844
-63009.89843177778;-103.18335839189848
-45243.75252731406;-112.29747921329002
-69425.3515625;-55.1949741381454
-14639.532257349238;-21.022035598754883
42232.205328293334;-46.03456524757462
-40218.91158358638;-90.16098159614013
-11740.034166425059;-121.22953362924322
44504.49431425863;-122.13677978515625
2074.6943767977355;-91.08057123716762
12273.114423429055;-70.14293461175996
7868.314480603585;-64.17177368763853
18064.942501220736;-59.1032301125122
-49116.32074393159;-71.0748677379019
-30583.18770540387;-86.16632122597208
-58404.39157536546;-84.22376525608348
48013.28125;-64.23503404885014
-61995.611707758566;-48.15455881598362
-19176.942125223162;-69.02893508017968
-19725.302085558644;-109.06348611330074
-68721.0853389319;-120.22971133497174
-66855.1640625;-102.30430747922276
-8815.480179181795;-102.11726676146243
-5208.95852856437;-123.96736341022348
25793.31965313331;-143.13305167768837
-60462.38252227613;-147.21278381347656
17641.660188497102;-143.11135495442818
-28746.69030394766;-141.06887031648543
-32223.350874164556;-130.18085605422147
-17979.72730871332;-133.21839731064912
40870.35546875;-145.08575677110616
27839.86452779999;-145.9940264965503
-26124.811528772276;-132.06248567489033
2023.8105064022093;-122.22863289792352
36321.930032442615;-120.24600128966408
-32834.84861984809;-121.16549345817383
33450.19196333202;-133.08522431960375
35598.65312894595;-141.03969196451482
18913.970014193488;-124.09155844681635
30557.084349345387;-106.16557605666688
-28092.453468512052;-98.18267822265625
-50713.35546875;-109.17725503639309
897.5686864356685;-128.20685240303183
29960.783468910216;-127.15455834911484
2929.741903475202;-129.98275192526003
7876.357908621387;-137.92033597765018
-14433.249425036047;-129.06291446554238
18531.885594333668;-103.30991849334079
68680.97397486419;-107.2860692192136
70246.171875;-134.07418894608412
-36846.21888417415;-154.9998779296875
26344.954829327617;-126.1194345944459
39481.173526575905;-56.2338637549378
12904.187012359522;-23.134432604457913
49391.017307034796;-61.061170743536024
32862.305991331785;-95.15647925040355
48656.40791522578;-79.3450865428303
25490.3715418714;-43.309534220931695
-41957.10683874496;-11.056353533392041
-24782.382238787784;-0.015851116887688477
5932.780799136708;5.7484636306762695
28103.969494961595;-1.3571197064347018
-25162.634607012198;-50.04627661210674
29244.60299794287;-96.89191658696879
-44983.18440308657;-61.21934320830112
-47769.40234375;4.550987519565069
17364.365796404352;0.8561421455264195
59322.68359375;-62.766022667201014
19934.87654166158;-114.02777099609375
50779.37133932863;-111.39008363605066
30063.30985323459;-73.3089605949547
-22985.95290791326;-22.99500910619591
43177.326846679774;1.9992267961275303
-38474.38319624642;14.685122964074168
-20551.076232494772;-9.275389461509775
-39950.0165102752;-32.0355328120889
-38578.96850311002;-4.999888331015441
47156.4709437563;37.755122973927854
-31880.606427579576;56.61211395263672
1764.813619528606;37.79938821096707
28597.481411724264;-6.028404132809143
22084.936577589964;-19.214416071177293
22667.854012385273;-8.342680845727173
-29007.77658221782;-0.09130532016766324
30981.28531039231;22.00569450200763
50020.39740863282;41.790612236044126
9799.09440775733;24.65292243411514
-46709.60750651618;-23.205055614129982
-4917.856357780409;-50.03510665893555
-11084.77992530595;-2.20116860793712
-16497.339753684635;42.63766860961914
-540.8322076851327;22.872548520374025
-42545.176773816835;-23.897973181829066
-18014.639547195922;-30.170998345733427
-3832.60125123505;-7.453200947599164
38199.17472359291;-7.235426854893738
4662.563129384653;-29.882518378772993
-42526.317680338165;-24.972702470505194
61476.439465403935;22.632148547906993
65390.55859375;40.642348838142794
-46965.0625;9.01136893142214
-20994.95693099193;-19.954712187414017
52523.0234375;12.684833112276557
-13055.854058103432;76.51896667480469
9782.613167163232;51.00600559570954
31455.210375649476;7.252215514982119
-56105.648125996624;14.873311731199557
9766.881787626466;54.33957759456581
2526.9513385942773;51.672369277753404
-3648.48909511666;13.270531717020368
-56086.42088434057;-3.9462015206286907
-39129.7416747652;21.586049033472996
-48194.51215006237;49.59085956568481
9251.242125032426;3.154078870412363
-19956.685881565296;-37.85709858211348
-58042.35574007862;-36.324462113412594
-42912.26448782788;-24.46844933894271
26456.127545076786;-20.149360526116304
-62025.890625;-19.81617868509437
-470.7504286896874;-30.05538273628941
20569.095736206582;-38.40071105957031
-27763.826727347638;-32.24589399639934
-28980.80735196854;-37.959569365758426
28559.730410931734;-32.12598881331639
56115.78034845223;1.5356507781121849
-50810.97265625;12.587040749228343
-23503.47398094405;-1.085244449533171
39930.490377132475;-14.982641959760095
-4626.465895863694;-1.4070544892912764
-49253.38474637211;10.403992835292335
38367.37910587205;8.725320272131057
63467.374348620564;1.1210109191930826
-44650.5835942507;-4.183439664031297
50710.250675400835;-19.510416389337504
-43032.238709164805;-27.229215852574033
57308.8264070821;-18.988248656556923
69845.015625;-9.114250225132682
-36089.373451304855;-7.314898897062111
17888.59621985344;-37.19991201229097
-50457.47752776708;-38.108097076416016
15139.803371806527;6.796007197235092
18704.268310807653;15.750588989513929
6001.713361277638;-17.155330248397384
-41871.19536298668;-44.02972412109375
-15207.901110373052;-5.180021088273286
4958.642937790399;36.6953509334795
-40168.85490922412;31.82003303503616
55038.40392302326;-5.020105000457875
-28348.42183118925;-10.154402049965107
8935.929270671993;14.720333131729681
55120.42578125;21.82173958002828
3000.9514159634637;21.97316454813668
-34461.371642427504;34.88674243588572
5382.680469000348;48.71311569213867
-406.8246560230182;41.80842018371921
45485.178812953964;14.959499670143877
54074.26019330138;-4.035135114444358
998.3800094464314;15.831254626730555
-46298.828125;40.748445406960414
-7473.085121368298;44.822767679708846
35295.89740606975;36.90904411277266
-32626.05365446038;5.8668975227901505
-12886.179039398921;-16.154130935668945
-26076.90811818579;9.96401048327262
-7706.162463437395;41.94171010268074
-56393.0859375;49.83075070070471
-37359.57721916057;25.803128743908765
-19665.54753460513;-4.1374588448684
-26840.829754640723;-15.131760103816708
57905.63671875;-1.123753780826359
40007.54577514152;7.945972535325481
28121.413463633857;14.913734939721415
38758.76063426999;29.77626016694647
52089.018779076025;49.68006544750261
-40375.149158499786;37.74922672877921
28960.33197307409;22.86572001060197
8883.843486241392;47.86612018427225
39604.65559701118;103.79705283800945
-30613.346877133914;108.84596252441406
-19742.288520915674;75.92600322042571
39168.62726570129;43.791896123010346
-28881.44762111795;49.573008380327096
-50930.74609375;56.69097573786386
33311.592575335424;37.12218226510641
60381.63006130405;37.036399014312565
29204.95550192696;52.74290374299483
4525.908537934505;34.76927024333242
52823.23491622669;1.0115185976028442
-14953.330935683196;1.9408371478694801
-7110.131641411805;43.67438865907425
44410.427323567244;76.74791675680531
-24919.770743407047;75.07922828302983
-4528.134743928247;71.13319874651305
18220.383496186143;90.71220451103167
-5812.311536401903;96.60469685722781
60830.15396093296;77.86105655877304
28550.076500187395;76.004461916592
43890.27603312307;105.85499073449725
-3445.1968113641415;133.6855282420427
10048.039286977939;134.85994179457745
-43524.13280063831;132.01071239321053
-6529.702387071979;139.7802876620238
10405.824464924692;142.62637884675718
-42139.390625;119.87780265029264
44104.506394343014;95.06463473681458
52013.71897388187;99.91933630133227
64368.13443236526;119.72105490605082
-5096.0333004623535;102.79229852793567
66478.03125;73.99549865722656
45430.443121843244;80.93494522016027
-11253.351978791543;116.67343090729227
1908.2274625576028;131.7368891289299
24823.728955580315;134.03436320881696
154.676140438547;146.0121301223802
2133.636706232639;149.6621133097251
46192.85674015587;140.66031428326707
47135.929237590404;136.93643573077958
50684.46740456289;159.93132981105265
56598.14520921392;204.71863884791523
-15599.109603173543;220.74273681640625
50783.91265912542;208.89036809823648
50407.6328125;212.85954971632464
-12800.006594501516;229.75561603009803
-42657.408325735494;222.7945113142922
6672.69174398022;220.90865085243354
-5490.61741936914;245.895265784994
-37856.8281176088;248.80902381727236
-61675.79888206885;204.86433030769746
-24260.70210286836;167.97399834995431
-70129.234375;163.8955660544182
-52205.228961898596;177.7804727516194
38363.87832866337;162.9236225856141
15549.166872110276;132.11363633676478
39651.39026187743;113.00012969970703
7285.179563637765;119.84518146401385
-48410.7473644406;136.88424159302704
41613.92630864799;145.9591679254217
-535.535779256752;173.89062650226916
-57938.33567022462;201.8158679567149
25766.49371354468;190.89031152273805
-55304.454115421;175.9837243775189
33132.609375;200.8358045738603
24106.848763618895;220.661865234375
-2560.645790019298;213.78514149646884
-6932.58015209662;190.9153459705941
5594.6431140467175;186.84093822526165
-10795.54305112613;209.68659186385776
16215.180976310963;214.73967457810096
-41478.691942708174;184.9448715397628
-3006.974611461221;169.88961921915651
-29678.38433019978;167.68527920379205
31554.7978395518;158.68964059012276
7005.407605212567;137.91461805273252
-52392.8671875;121.98840072184322
-42795.49247146519;135.78827490396057
31719.234773767254;152.69502427201286
-29818.025218779563;143.85723645978078
15909.798098482279;111.04655457986563
-5829.8086488263725;98.96075439453125
-41216.375880983534;123.74147315192245
24555.78769512773;147.78679288144144
-70260.58583587098;149.01148714334937
-58996.0887583461;145.01165463160808
-5195.985126637504;147.73563544952927
-60613.997163447595;162.73126220703125
-25990.41917339663;149.96026139707078
23072.610946196583;120.07886595355036
-82943.5;123.86647264538028
-7632.146058457016;135.6387637145814
-80033.96983784776;122.77038870489687
-60607.23474587142;98.04732907239863
-16435.1231382517;72.0209532282094
-20029.34807999235;65.79150122022281
-44720.62525502626;70.87243702633612
-37763.788173529196;47.06319680663269
-22690.3593962199;24.98422121279487
27848.568359375;25.71577609790111
13128.47590042121;21.66351132476996
12820.785900704926;1.9664584626432458
-73675.6067118428;-0.8923481702804565
-59472.839197466914;24.82942120297717
5355.523471356471;66.53619384765625
-33965.12969877754;65.74920664565022
6055.329020885154;11.064303415100383
-55816.95261000015;-12.154495871295879
5050.345111411632;14.570947070297422
30506.4296875;43.61987603686097
-20009.35837647252;48.9092866190513
-41000.017065092165;25.915340818942497
-13091.982217722863;4.658655883125945
13430.472719552068;3.5397421061241374
-43611.572110827015;0.7959942079737914
-39745.979551525736;-13.926555489418348
-60171.8828843854;1.8185422051381153
-34266.800261481636;16.562506520271924
-54452.41948335024;-7.320145916115834
-84433.5625;-69.91507357499181
-28514.012786659405;-108.88700103759766
-69106.24245656357;-93.24629960453179
-79382.33447332682;-60.27849559124422
1900.343189222389;-81.9313509552815
-27212.16036990937;-129.78210060088662
418.38226570011466;-150.15018765183535
-35337.949194013316;-148.29902557350695
25663.47428034732;-137.99652181952445
-39145.770438400774;-119.83144140620436
-31716.06913726915;-96.09519412677842
-71666.40738493687;-77.3431167602539
-43036.23221062969;-87.15056284285917
1230.4843758344941;-106.95640582417235
-77487.796875;-115.02761393073321
26661.517578125;-111.29876882739546
-46805.91167293647;-107.31001844658466
9505.661846421091;-97.06939690152431
-972.2035393245314;-114.07993210266824
-56630.599040550514;-141.25683019816591
-45111.78085218646;-164.33182187368084
-71947.70302778186;-164.19744907716415
-43414.47154959639;-141.08532807629592
18047.83179157242;-149.1282471730638
15304.801963603823;-193.21136474609375
8878.50316474559;-231.1897395843516
-10593.637746246219;-237.15972900390625
-24620.634200376902;-212.24138367144405
38592.49565337745;-200.28661298540823
-61016.125;-200.2289247823947
44718.93160468231;-202.10305178798828
34283.41340933237;-203.07487613106247
-19989.927037635047;-199.16687017306856
22991.957930353907;-199.2467461464719
-42054.0881267262;-185.23442955295332
-47578.77423014675;-155.22916806245138
-1645.2025083115223;-140.22283935546875
-35007.73574129936;-158.08547370396772
14474.085083577796;-181.9935358913467
38692.7872946915;-190.0684051285491
42716.55711086039;-169.19562993049766
52303.0546875;-158.2230378803846
-4389.389314611501;-177.1314558065905
19929.604537816253;-185.1205323316189
44468.20250139717;-177.16547705452155
19982.879333091885;-157.11507252854912
-25827.873663980725;-155.99912490074033
43743.24114146616;-159.03386017636421
21903.16719476007;-142.25249665818222
-30652.368310724207;-128.33927911147282
1048.8410170436327;-149.13684982973638
34209.469119679285;-165.97039794921875
56018.45269148219;-137.17854773174233
48103.2090102442;-113.32215653725473
-38364.61013230012;-114.13904625761114
37951.28718155842;-120.04794880485761
-26916.03678559269;-98.30904816313665
48062.97440742829;-66.47042006973628
58478.25;-89.14462933476459
27131.83671524514;-113.87210195095903
3106.292297402397;-97.10077393302716
-29637.359012413883;-55.45344789519963
-36180.96850674602;-34.437103271484375
-49820.49886133772;-61.12751973659425
-61373.31640625;-86.09985855889065
-14924.736325383099;-96.28027560690751
27352.607566063045;-98.19595325702925
-45916.54693985183;-114.91585806788612
-7839.8308976542685;-124.98995976121067
46911.83635379154;-120.31542832475887
60605.06817447576;-115.3791416592094
30600.0773457647;-142.07122577329972
-23977.966316804537;-166.84068298339844
-51176.63301510237;-134.0008256124483
26821.106783787807;-51.33250157672367
2802.586432770113;-16.261933713551997
11903.651494596314;-50.931761270229046
10684.743033911785;-134.94129130283454
15438.131696726603;-129.33092701190972
-55497.734375;-57.471009161757024
-46405.52765954504;-15.038865032458574
-20751.75656839389;-17.82319941631141
-9861.305539574394;-33.18105046867788
-12952.86842314199;-65.4811824557364
17852.916917530412;-107.20218627235366
61520.58203125;-127.89777374267578
51464.412210884795;-91.14539710695439
-5803.885338502725;-37.47588757729078
-8056.065800767545;-48.255873968033185
48889.29651146017;-91.96219301309614
38172.19706063837;-101.12750286517095
-44494.20393356168;-83.43484375297625
28209.72865623665;-68.28714872728636
20022.567436428508;-48.022012403327324
21331.040780775525;-24.05292159130653
-37476.637173726136;-36.395997410854946
-27045.66168950707;-73.41146830687042
-48133.5;-88.11207504709323
6653.383265926364;-45.09530370384678
-7016.984027315499;-15.207451820373535
5493.828243378433;-30.176311531876593
-33733.6002538997;-69.06439451586758
-28243.701222182855;-67.15567145098896
33112.320598611026;-54.29328539216726
-44981.11664865757;-68.21836591413759
27112.841687616354;-86.98847961425781
56746.4375;-62.99971881266258
45445.75018501846;-18.208625702970465
16786.29272662854;-38.19257811165258
-8529.36232575839;-73.06910933181314
32091.012820635093;-62.16475013150292
-16058.035804172265;-20.358255337412956
-36342.63305283326;-0.21947429911183747
36139.40216218871;-21.8443337020597
-49127.55919088756;-27.893709445030986
-7079.243935399951;-1.3046571049236348
-8653.901905165643;3.6056222915649414
9936.615859229554;-39.031693988248456
40525.58378761406;-66.01058269936081
35765.78342396695;-46.28790360316077
-55055.984375;-17.319743481139895
-20930.433595776623;-19.03668239173642
-31565.77247282899;-23.973227359321072
-9343.134645994833;-17.250623557202843
-12386.677244111837;-30.417969067212333
-28842.399681069655;-68.13476707231945
-25859.989286453405;-70.96633684866909
39680.17650928335;-29.250170569135072
-44771.22010628548;-5.389246411227063
48271.37313741722;-33.15928604760925
-10793.931668342004;-76.9857894370549
25804.7646844696;-70.20034988789365
-52415.19921875;-39.41800197879909
-52297.625016630205;-24.25490279347145
45962.94443664262;-16.942739626338778
47713.30967101762;-6.027855765042091
4583.449189185194;-19.309553269184214
34556.5908563446;-78.15972900390625
-18494.21391984981;-78.0116955687901
79.19806572256493;-19.149470600977217
19868.09546475875;34.64519119262695
-11206.269363100168;19.840126361998855
-28421.782112922778;-41.83301255400793
56107.4453125;-66.00549545326504
44782.23449141142;-35.27478711455983
12080.880563428902;-13.21931279387011
49782.16823626381;-23.971818168799164
-11539.748986213264;1.895022978063622
-3541.648312564852;24.644416464482163
53552.863173958365;5.754278529154924
59554.26953125;-15.976983627350535
-50648.91374789708;-6.9528906376291175
-53853.43827452639;39.69755308543752
40498.86072949729;69.65361022949219
-60226.62986841754;61.89615421305062
-33920.46533562254;24.017588796885406
-58579.073972217666;-1.15566197222239
4992.42701689199;14.741281124343985
-36779.625911502044;22.878913684742173
-2190.3882648224608;15.023168122789869
-28392.754888922165;-5.046444358666186
-19545.398598675878;-18.304405884255665
-64123.76953125;-25.390525759661656
36688.53386302816;-35.09708200877836
18559.757300718906;-51.88048553466797
10807.20015498872;-44.1192626953125
55058.318700085554;-22.285060716555044
60430.140625;-6.1554248919364625
24792.12255094922;-16.09096086442527
-56409.21484375;-24.219884380042892
-519.4459415866222;-0.3143221281538686
-42650.718396831704;38.755129197215226
-7474.4666283079205;65.00012969970703
17851.364916136095;44.043425200001295
-42172.906157908015;17.880013647174643
32273.09327678429;7.633107601473931
35689.09420879095;19.66164989496466
-52133.8650342761;22.93186820399231
-32746.811728096294;-0.07954576279088599
51428.371989456326;4.775829282588262
-35815.15076984132;34.7472801799904
-25066.15827554685;26.943047382427963
45687.49359641799;-22.936107233270835
-26993.453164638297;-34.13710446587218
-17629.759586924818;-13.41351125092401
38738.21268587679;3.745395242645813
-42760.76269391175;5.0835165644811084
33987.23756346897;-13.079468727111816
53664.10546374305;-5.34876336221034
22781.019200791765;12.700973354260668
28648.945428136532;-2.0258117500803685
63832.03125;-6.050606505400123
52779.634009755435;35.66063184739905
-12617.066599017307;63.62110899986847
-45851.16888096732;54.8875577000058
-49086.65635395367;58.085339834369435
-10799.180606631671;76.85033070950519
56565.73118235858;84.57209539742335
-34840.72285593166;57.84543166865063
46439.75661131054;15.149228734856877
38897.27771021053;15.892795037302104
-50719.2578125;57.51462662026819
12721.467387157812;52.7864986089281
-21816.618500868826;23.160075311902048
5276.874654878571;20.1008736707797
51137.02734375;43.662995958574186
16782.05670744385;45.71614585814996
-42073.981062370774;25.091321866956946
-31150.544571687024;38.93572599748801
-39906.21293014409;77.58842651074278
15695.90668161041;87.61009525132943
-22941.72782568018;48.09054910739711
27344.45028272539;30.229580750248417
-11130.035124718175;54.84584300774958
-47861.2421875;91.56204986572266
25182.724709752292;89.75298072343911
-46895.94334673843;57.03180155467554
21974.125746094112;35.83625932216688
-24123.04815975772;38.67549283713967
-36921.188658868865;44.834942535867
-28721.435751742414;44.077574303680834
-26029.475604266485;51.95097343780576
-34350.07969646481;55.6068006628371
8340.60143017365;16.638230934262978
17689.951235296277;-26.052570343017578
-53573.44116955273;-30.94119629321633
-36037.093151253066;0.7957977421585554
44554.83984375;40.67819954617204
11806.173655385472;35.87736028324977
17173.023857487147;-13.004794800296438
-34490.71258454581;-45.16168023733238
13432.816189222867;-27.332071933274264
-25098.278831050484;26.77566805071261
2913.1476973665413;64.96879577636719
-37298.097834830965;59.02721108696693
-38931.874765746594;26.838773116858206
-31053.716792106483;1.6501432530527183
2863.2069178188976;4.781125381045499
-59109.733302262466;12.999346687544374
-70209.07155672532;14.960457973915041
-59043.7401292888;22.770923468396262
-44837.37194725496;22.775777704253613
-124.32185869166278;-16.016848149784067
-72331.5546875;-68.9255918770047
-27145.850792503697;-94.08995056152344
-69438.4921875;-60.278831562757404
27517.360039492865;-30.15492730788702
17137.152058235035;-67.87759744660056
6153.623493863866;-112.96781237725608
43205.4140625;-127.2341537475586
25564.7327391602;-89.2949765864285
5741.096599427401;-54.096820369290526
-23936.775731156726;-44.995117388089724
-43328.97749379139;-33.19233165149792
32172.038498384427;-18.366855640779846
-4972.570621499908;-23.20568249129353
-33026.11830524041;-50.941703469802675
-2567.8825993472856;-69.06313104507568
-24124.131695713295;-24.47529648682361
-35212.51084575373;10.51686275752968
-47918.33919439718;-13.113932834770424
-24909.651657202747;-79.88007412619793
-18697.68417181349;-104.23606314309717
-27099.481921836377;-84.45404772598845
35611.48148074854;-73.13682628238911
-46957.73033940398;-93.82228350816155
6198.953860424546;-107.07945508587571
-58194.95342064806;-98.52797218758393
-58918.48046875;-98.24041007902238
25645.773123373932;-119.83269500732422
-41909.2797643685;-117.87978534772412
37224.01019985808;-97.24092236188608
42324.785673634105;-94.31504770390052
51660.26933168755;-101.02808741299049
-200.9225475993444;-108.98350710567165
19164.702906959545;-102.26627959888418
35475.63685918282;-75.41691262765599
-48653.7787813387;-47.05295882249921
54455.1406471736;-40.87735315125488
4807.83327666745;-33.04198365923533
-43709.978003784294;-28.35165023803711
18062.27141970198;-49.31018178145085
59324.96484375;-56.04276454646248
4569.664772055345;-53.048489192751106
51303.01657476938;-58.21483561889833
-19570.562530339692;-56.19475266014241
-23174.037529362144;-41.05535948336548
63964.97265625;-36.121608001390456
9206.439576391167;-40.25099916906633
26882.516278644485;-64.18968431914763
54094.308539984966;-87.03966522216797
-40065.921875;-54.05576902179914
57478.717658009584;-6.204015292155631
26117.373129072308;0.7508836037748807
19197.748670597037;-10.131035552730765
58337.519408877924;-25.07061947945887
56070.66377072636;-22.17082369669889
-32657.36776908027;16.761240178200566
-32787.537350542756;38.83503899449276
13648.0796853184;61.895075775769556
48539.8772529455;80.83596801757812
-37430.78156734481;54.79928574198411
42307.61168194897;-1.070454560131779
23996.561411585964;-5.025653048277903
13254.396073090393;52.793508270340055
-15395.910730975527;92.6947685632299
20537.138873285236;68.90772955658548
-32098.45891386055;14.977920780249699
45855.61731648838;7.794363498687744
10710.3402550346;22.803970285136767
63448.61401405187;29.01637585990345
-9748.732278044605;37.035173031788055
58787.47894616249;66.73066936908768
63016.66682204085;72.62677108006353
67842.4375;51.79272517677877
2506.884157579465;29.99988318637805
32490.038219426177;53.90800726587991
607.3786779572401;134.64456849848816
50442.4008185398;169.73699951171875
-36124.06512137307;147.95404201706148
-47733.5310443577;111.87810367735631
-48170.7890625;110.59311923070608
-750.4225362741126;139.57446075054048
40266.857951001584;149.90128767852377
-9426.542159413431;128.10844568812306
2246.6202141970134;109.82799994796729
7215.016545204591;112.52959733861088
-454.7152724396874;102.7189566281352
-43968.666398119676;81.97217726223593
51845.93677196665;77.93687989393283
-61067.310363942765;101.71918454835125
-15473.993366396644;121.71965517863714
10427.912839256154;105.02326028486064
-54658.079096943;81.02873037004542
-66061.46875;73.70142694828868
42805.29559632213;81.56281384526201
34392.14447581599;91.8512128433608
50949.78528559602;77.12821112919812
-11742.175677773179;66.94743347167969
54530.7109375;100.64800017715413
-59295.249005883394;130.6371393429879
29193.729796150656;132.86097844600837
-26290.376193679047;113.96287220148025
15282.220069329473;108.79704785362264
14818.503078435431;127.6710147320393
52624.2265625;155.85586547851562
-18716.66353092956;150.97944111931287
26016.361703228467;121.7308842253306
-8358.942456039047;120.51718898536514
-46169.222512717635;126.65059538321525
-58980.984375;118.95886423281691
-5598.359446766182;117.99490052370854
-41819.728986694885;129.76558001143934
35003.157841373366;122.67153965822563
38616.950034881695;91.84467948922655
-37853.41323802339;58.97834515156124
-6976.096432886938;46.74982452392578
-52904.636332380906;92.54559265249878
34761.33008855612;127.79769554828547
-29374.114778325948;118.12809067349899
-5734.600434268854;89.03270245177572
40182.018378818626;67.72727311592126
29313.39360079309;73.58930458357334
-47885.858955251286;93.79758006052899
-29546.11902504807;109.9418910920036
28808.12051985896;132.77582188969868
-37173.100105121965;138.65902709960938
42161.6175047256;105.93092133261285
-52557.23835897683;79.12328346382365
39810.94717174482;90.82950031024279
-30816.38067668119;119.50313895450185
8236.912208500551;136.67407235765413
-59190.125;99.10181711209532
-43544.44015069945;69.06379080405186
-57032.7717158269;77.71876675110441
39066.92021078752;93.70159366972175
47270.7109375;79.99465709783722
32398.294283430165;49.13255210631054
-30083.725306830234;44.73698806762695
7145.239462292477;62.50125812288716
21946.17754369392;82.75926193338356
14686.228878807175;81.0982059435452
21116.05139293152;71.05161190664532
-20481.228874038672;85.70158112849847
38470.72393421258;112.65253702919779
-13199.829558416248;125.86198425292969
11093.23606210135;116.87048265978885
-29785.134912793364;105.65858032401657
-26114.07918218025;112.64274993265727
22176.328125;123.85465226842956
14363.680552270569;123.07414776495912
-109.31098885693063;108.90395393471121
-67312.93914943007;102.61954698435436
-39745.058734302045;108.65275708301957
-8401.23528197196;104.8803186495791
-71295.74326351589;78.02244097987054
-3669.6523402928287;47.96628910915952
-73291.515625;45.90737205690128
-67333.33390348902;62.98875797193263
-54315.65374128315;54.021927498154355
-44980.68345486694;22.925102956149416
-19689.73165360729;-6.1778465755531435
527.2966914120916;-21.11957359313965
-64596.06655514694;-11.915003241867506
-62106.449791806546;1.1494758751306016
-12842.145022288052;11.935130756920799
-45758.115552375486;29.77094726325005
547.5951750713357;8.95214843959554
3184.253982903916;-29.924638629247067
-26706.548827469327;-36.01639167486914
-42910.13390544412;-5.240704995739556
37477.07408773499;30.749483083665083
43177.9140625;46.930446858641375
35619.05866396641;19.967619286103883
24469.34056105418;-31.21846228495441
-26597.63628731841;-30.333042560972867
-13970.283871015425;9.747719298597403
12188.232488813053;58.85747528076172
-19835.305436157185;58.83297104485817
-26056.324707165368;16.793503928730942
-12736.483602738655;-40.21151686155658
32340.303537333675;-48.19989776611328
-63351.5546875;-30.207254150001322
-5943.267105862986;-24.20698358508583
8247.874319771028;-25.172450479685626
-44692.906552920045;-27.15515645485968
25927.597428791734;-51.1323733960836
-52157.66278328568;-85.05661012300746
-62399.40536889725;-74.1033688576602
-46084.25377612909;-41.2006204190404
-23826.979273163553;-4.142524242401123
-62593.48046875;-19.988083736378528
30925.03125;-77.95338042254531
-152.67113671434345;-95.09661865234375
22852.363309801498;-70.15481698235445
-1261.467846902473;-55.08508894647755
9860.74780201164;-44.9951163160829
-3802.9954412976513;-28.11557750853686
-30115.86872206841;-25.20516862188795
-24065.292079600382;-41.07987384148272
1312.8812717325127;-57.926103248323194
1585.4426252021804;-57.99549783312646
-30070.203992691295;-35.224358775783266
-18191.66626346868;-24.19478346715242
-33529.30724300793;-42.040294895159896
-42469.426837714964;-72.06976424090996
-27356.582979648443;-82.19455338630394
12305.60600574463;-85.10437434301802
-58908.453125;-85.98531547247423
31333.59400744032;-86.05017928851296
25188.77263221667;-88.21934597371506
56509.92578125;-98.29888129396574
41398.843121628655;-116.1590576171875
-48704.06933364265;-110.07996043960442
14228.834707878254;-76.21350616319799
1359.7576689676353;-40.35739204132456
11382.73802047172;-17.303585052490234
22344.437143255316;-38.09620924499774
556.6511779667853;-62.1712442212325
-29596.827401913986;-56.35311076864243
-53320.17045845238;-36.34639467279021
-11586.812101530784;-26.165792476386173
-44124.95337618164;-28.05287698486171
-40091.80893672559;-46.16496626804785
50712.060499726285;-75.19227817579755
-15983.208200013542;-108.02182989073626
54228.852754033214;-119.98847961425781
-4631.598500754379;-106.15519199539563
-13763.057235080261;-82.21485748090775
-52179.68945842997;-87.0526388604149
-648.6374306896032;-101.90366623628441
11211.508000737216;-106.93139443679983
18303.70431915589;-104.0751570542309
-50718.92910025712;-95.0749607699127
46163.95386066298;-81.02358606026324
7334.349666895236;-65.07743318549416
43489.87502741898;-54.19183882598267
55324.42302266286;-68.12361738907137
58153.79296875;-67.98057101769476
-38268.336140877254;-36.06481504334076
-5491.672356501018;5.753970870741156
18383.909619195765;33.690223693847656
-35061.83063502819;32.78504501595634
-53679.69921875;6.820956099861732
9888.97379795221;-20.217153112798186
-38519.012854968416;-19.246322298004813
31652.2871629016;-17.224231683880845
43677.53446857023;-23.183624056452487
-42230.73138204024;-33.25787601633351
36259.50282975726;-60.36216478519205
-32255.938291812265;-82.32761969155823
-49859.57421875;-77.18361424181748
46956.819769187074;-73.09116486591783
-5147.780408416336;-59.14339405698605
25616.240043634316;-54.173498711274725
54387.464043771644;-83.16886455063111
-14448.698387418648;-90.19532775878906
9583.778172816303;-63.28755930536968
9908.103092657533;-37.288266345252374
17780.18961924821;-5.155470908533999
12607.207147780631;-1.0406113212246169
-11947.792894420738;-6.077737301165129
55547.82653475915;6.766761561441555
67628.92979884487;19.71296830660009
68219.921875;22.77627182006836
27832.20296793696;17.86990124895447
-47915.01359504227;29.820196543082723
18883.143249472603;72.72550885619202
10560.093585247734;95.79119873046875
43448.524239683786;72.91519608308295
-41191.76740276278;26.934735369063112
61753.8046875;6.784967391372407
31610.317848130362;30.675865931539594
-42901.84364849019;48.770919714295026
-25488.92441620237;34.93621335594379
28032.39046495664;21.904562410707424
-17547.588199684516;29.738506423472764
-45378.739798055685;30.786632195417507
19008.68456116291;5.054244518280029
48957.07341614895;8.983677729348965
14658.847761515011;44.58949325290384
-13321.5962075149;57.55745359641041
51600.226978493505;31.941370496344742
-49424.90234375;20.98381784222228
25038.060530721647;53.6321741202369
29739.34963899941;99.55218379144343
7481.740056628529;99.8882546477509
-53369.2421875;75.93570455423
-21826.407263071458;85.60524325468363
-45102.25974184202;101.45608520507812
32296.304311979286;87.72819085144731
-53275.43674979304;59.04814402477987
15359.883833081869;54.91477255546261
13320.37205842101;60.657983439145546
-27887.44893168527;61.711205497751976
-39154.69239303501;40.9498282228292
24810.025186592073;15.999567774645515
39455.7773963229;20.736066405728852
-44427.46578672426;20.77057368115328
19419.23850030375;7.048680592813654
-40127.545561511964;15.10387892993321
-14441.498530044992;48.779979111528576
34894.109740089596;62.59189117923627
-47650.136469237346;31.89992016369246
45783.10546875;3.134355306625366
40602.52734375;29.817291449179137
5776.215029841376;80.59908258972067
880.155786619347;89.85664367675781
-51647.80102349067;77.01527120443697
-57580.769783206524;83.7228602154027
-43589.90958212054;86.4756428736641
-53391.91909733879;75.6574296236773
-6175.444738966609;59.101160877584135
-35561.691227072966;54.01110992457254
-66616.22456842536;60.632133443140106
-17536.939790914832;38.57524598008979
-14688.323503949287;-3.15426795538734
-18761.778854118187;-38.05252789075852
-12720.008777886287;-40.24139819854048
-67430.5859375;-37.22397246351902
39870.59121446023;-33.01194293340299
18224.07474215435;-29.93763130337703
-61265.17800159078;-38.195979278161175
-30304.609433593156;-65.3330244950919
12635.64348473931;-72.22858428955078
-8894.32715746788;-33.10447563758197
-40105.210446581164;-8.103974417028923
-64929.2734375;-12.097876200718332
-32648.027209635457;-9.138613184810936
-28834.25655849921;-2.234483397905251
-30375.51490423864;-13.201163986267886
26167.29126865443;-44.063800974040944
2248.0546058391483;-58.0632970973476
-61726.22037904466;-19.21285654219571
-37604.482619708855;5.792548179626465
-60684.786168367755;-17.070026487595015
1431.621613518364;-54.086557568100076
40393.796875;-79.26113308370651
8937.01939725467;-83.20354810407026
-32678.5630892695;-95.99433116454152
-41042.17980587843;-94.02067190372509
-23466.370349146055;-61.29960793495965
-55157.79195460562;-50.374607107384435
-53857.606342819185;-95.10679743483276
3590.0261581774394;-154.88047790527344
-24090.18904100591;-149.08059413728415
8468.384606356529;-108.29993714237612
-26857.808200228126;-86.14019666073303
-53695.11459390355;-102.9908994625845
-24902.749390225876;-124.18536036608367
-2537.157402192948;-131.37364665980334
34071.93306158349;-133.19036055023037
27488.965739933177;-134.85634972247547
-32149.102914911058;-111.94138219547392
10142.645023539779;-66.3006547664226
-54825.328125;-59.40740409127183
45367.048412727556;-98.17732920745479
6302.72700174003;-145.01744056416666
57074.586403324516;-138.1322071612596
-29458.703313714064;-99.20514350909974
-45720.4402378441;-64.09109453605326
11834.455340274231;-56.0305290222168
60186.18359375;-77.20574847233104
14208.956749549849;-123.29704660147945
-32063.10840711024;-161.11131286621094
9321.939154317799;-145.85496520996094
35945.846739502595;-78.02182599943536
35486.351231922556;-25.277692324176513
50872.74277223942;-62.108019518510986
22347.127502398565;-131.90343025988224
65412.25390625;-144.08137363400425
-42860.986792280535;-94.34803295318858
-6354.571812317838;-37.16183405425707
7540.974814719273;-9.913753140357244
27292.573677046457;7.021620524894757
-6468.607193761061;-18.266884286086352
7140.173988764422;-76.25632070725965
-23312.303829286135;-113.02734848720043
-44487.66796875;-48.145702856724355
7150.235934185883;20.67396297507804
-17364.01709429933;30.787208557128906
60394.697122748315;-34.91923801900485
55299.998757682086;-101.97878941448548
55722.600465383424;-94.27795182708695
60766.98910334235;-63.294007806384755
72168.5859375;-27.064544677734375
27340.679347504723;-1.0355243236394962
-32483.896147181233;21.77460472332087
46235.77598865665;4.7749007958446406
18612.951874933235;-12.050069332748556
-3501.6779236255243;-3.016542453144776
12881.669270197526;21.839866744590438
12236.478677337334;57.74450457531579
53348.922027354114;63.83492481831129
64742.47431271362;43.91948219863016
6487.541603642763;16.909426298999193
-6352.072184619818;10.861110585855016
-3633.283964955215;49.828852963264936
51418.165103944135;103.85106998901944
19388.14355739959;110.89936828613281
-6631.333784514529;74.90420571622708
34190.61330354281;39.845868935513565
63712.09530620555;57.77608297270429
-33010.3203125;88.81343715261538
12955.497049480036;96.93750618743034
-50604.140625;97.93682286777695
52542.37601474044;117.72452554549378
-14588.65755514313;106.78278643157873
53069.23294551778;70.05739301178065
-4739.858335224846;45.10992431640625
-31609.56180486942;81.74729819825605
10271.486351907974;129.5813643384228
6754.757117369416;134.89137060188864
-26329.574545035783;86.12095868734109
56289.0954264914;59.89417153523571
-39566.243254813344;85.65657974575191
-45236.07202070204;111.77561884278268
17503.943414034118;106.04979614142326
-31625.873164955407;110.93943323227406
34639.02718436232;114.66053507794946
-20591.238066785943;92.73001192466425
-4390.795229384748;69.04972106009694
-41427.36944062433;76.99879588377058
27946.476141082298;114.67571086035433
-37287.54625080111;144.56289672851562
-4997.589405404069;120.96343765004997
14235.921929361095;80.07510872927992
23196.2655134167;79.73260145460671
-23056.88786295568;100.62689899336661
35832.19811746097;106.87190317545156
-18990.956706037134;119.01669669755957
13757.951965773493;126.78606131949445
-6106.479720927309;113.56230219298114
-9104.944625833537;91.74878552575046
-50325.07428562845;81.01734218055483
-36342.8596174791;102.8917791140317
-49979.34267863342;129.6222381591797
33952.18292734973;100.80559844102218
18884.976441856517;61.01112674529543
26881.41393267711;40.903377532958984
40573.66015625;44.679080256530405
-3313.5419003637435;59.65598926724057
182.0117666735896;81.84585780150346
-63837.28515625;97.89090214706404
-26041.013668954285;103.76496959689423
-45168.59025211388;82.74195728691423
-8586.691903308296;61.90325639423032
-27927.49097349515;56.977450765419455
41327.95363684071;71.81722987372288
-106.46873521758971;83.67334112005013
38166.276970494335;81.7595498177022
29582.108268167576;62.8913331563397
-62373.30859375;54.82878875732422
8865.76329492373;66.73673353871293
47841.87378229956;92.79199379594317
51159.46875;107.90470886230469
-61541.74431986164;96.94191619680257
31726.851124571316;69.792482410384
-55405.492948793755;85.6316768665915
-2549.1887897646593;107.67469755046939
-34202.33639021109;94.91473903650767
25625.248264915455;76.01655611268775
-10494.092456539729;70.8242937177015
8460.375711403147;82.65367829751266
-41712.40123876537;76.79729873455123
-1904.7144657258032;48.94052240139624
49767.2109375;47.76446012080227
-14066.475302419356;69.6839283455585
-62515.50579637097;61.92969291202243
-69285.65952620968;49.07465181852183
9259.438760080637;77.81916907991507
-30716.527469758068;104.53619384765625
-16008.887096774197;72.70669999237438
43592.981602822576;7.10575159038358
42563.31476814515;1.0232741094273692
-62540.0216733871;51.547298464663186
-73819.2109375;82.58173534017162
-43310.1449092742;70.10381173829948
-13327.227318548386;57.04077285302439
-5093.664314516136;41.610058169793206
-38810.53855846774;8.690033836142387
-38733.21925403226;-22.855649948120117
-522.3961693548481;6.046323585551001
32421.285030241925;58.61533557580309
-19177.092741935485;48.65088061658879
-44172.71915586041;-41.921491587940935
17988.17435367519;-68.91033172607422
-68504.890625;12.620437401572957
15930.365894099334;46.640196899158866
39613.15401088318;25.014889473466454
991.1219648388651;1.1579466875149507
22288.83982706019;-9.260578242482481
-42627.22104550453;-15.473653961385608
35917.32316383481;-16.101301406458475
-13536.902955014288;0.12666064981945624
13706.35641822136;51.79240050551459
-51492.4175233109;69.58208465576172
-60561.51009328173;13.884185455962097
43781.88671875;-22.977950518468944
41497.90780400012;-7.2360454061868325
-31047.979105609782;11.614510856607694
9887.159868350776;-6.109661270753037
-51521.54553647725;-9.903018724981301
30199.665520533716;16.861812560701736
35393.01892684045;11.574358326451517
-46645.63181915828;-34.15529770082334
28144.319063088915;-64.87285614013672
27968.412374087304;-21.142666474701883
14247.690631962032;32.61545238226526
4726.087970855297;12.851367755787095
-52048.23131700959;-26.892044432355988
-6443.115955553607;-17.115231998541518
31901.058946024204;20.55228165913411
39891.75091770111;19.770232327955696
18101.962936521973;-10.815788762076906
-32653.212616792905;-10.885144818970403
14650.011871163733;49.602903144834784
40248.78924686278;67.637869525313
6953.65881474693;17.08687040262795
55005.79296875;-23.816462047354662
-20783.865235149882;11.782327844359727
47790.13541891184;72.52866733038897
-59131.5234375;91.85748291015625
-59084.49887707383;57.15553858171984
40400.312830458235;35.86562070358471
-34581.82787489128;47.50278448900639
27808.931106133838;35.82367448209824
-14204.469560886333;-5.684114765443503
-23334.311448303553;16.01072281860077
-10733.446723504218;69.42793656332678
-18613.36978109646;74.53619384765625
-44353.283074673076;15.148519855002974
-26766.767365270323;-40.823806781846216
-64045.2020303869;-19.282512191319363
-72091.6640625;40.591381280805734
31868.976000768685;46.9693210115292
-49424.83310929251;21.223310598525387
-34292.5759717761;-22.170301569396933
36213.01367300752;-54.46747970581055
39484.189740964604;-50.23520488449713
-33535.26189816546;-24.851398456201064
42792.1796875;-2.9419943812157854
12901.063323761322;23.679998494804067
-29280.629359616767;25.611096913273116
19518.796258669157;-13.08567445294976
19776.487511253697;-32.93169632357325
-43044.751194513534;-10.251789391282735
-24335.492746847056;30.60953053631505
-59627.08348743591;50.926326751708984
-54018.82065487953;37.12078519510271
-69189.890625;-2.1324282550220914
24301.221925355538;-36.37213327537819
31658.513655602437;-60.17841544188997
22197.705335207676;-63.87285614013672
20686.11630699331;-48.92517359953002
40390.28125;-27.252522903129446
-64355.81553587641;-22.379154471397605
38995.74004476683;-39.1083667370479
-33438.469151270714;-54.93192426538498
-47821.974483903396;-51.07457081942037
17599.398003803362;-38.2465057491212
16651.31063765564;-8.160199920582585
36188.26440497489;1.9771771874088557
-34132.39553037355;-25.138160682748307
-48383.80403421316;-51.32507106591127
34222.21779796557;-45.29845435248196
-46698.334138576916;-20.14337358833592
-16035.576772410124;0.04233257620721531
-73465.1953125;-14.03248874380128
19731.831772200312;-22.22472726826149
16281.652517204813;-34.3038081767143
-47481.54867439993;-61.138811517984905
30029.176980889693;-102.98847961425781
37499.97980151525;-94.15509283556094
39128.772559854435;-42.29437989123657
39117.76720337916;-22.16004168771535
46738.9765625;-57.92546017850202
36869.00603026674;-83.16044665979328
-11415.161278878135;-57.45934349515489
-58015.5090473075;-20.331722778749665
162.47373310037074;-9.95729716939492
-65633.04995426993;-3.9034878371068658
-3614.1977639946417;21.69107437133789
15120.587409064377;14.64795616010899
-5022.883392828531;-21.06799688673064
-14153.50666674455;-58.011662385830945
5395.1346056412585;-37.34379130362679
2589.732477964688;13.553389549255371
-46439.70801278963;6.913454770176003
-26548.640034419157;-29.810893968619467
43845.01665941058;-43.040218476442654
16095.969167662493;-39.41276869736174
1558.8854151566338;-44.27520253964113
-59068.476268401704;-52.96052702229886
2917.8914045333368;-38.09522771861521
-48699.367577803125;-13.424188649835926
28662.315888329438;-20.348860545805536
11792.450201302956;-80.81590426221746
-59089.87793752575;-96.86058807373047
-32161.227762199298;-66.2842022907484
6256.55178788396;-20.47353833663321
-3285.0256965849694;-18.160259866276448
-69605.23136713862;-59.86666573314543
45571.41796875;-84.06595099879297
-71306.6640625;-71.30838029410153
-266.60454288280016;-52.15045462336586
2657.150359212392;-54.91059554765924
-25026.99643058613;-44.09531902863078
19685.797520180364;-49.38434582680375
-26632.4586284052;-72.263676137095
-26540.094171417702;-87.94127658708133
-41021.16167329411;-90.9505761785947
-57866.75927405049;-58.269015666894035
-23359.39814352092;-28.35803985595703
-50538.059450533314;-54.0959809829759
14073.397242867257;-103.93069836310946
-731.7855353471095;-126.13267517089844
19521.220851366277;-115.39050508716208
40749.93177462033;-101.22426828923477
-48680.69418820288;-87.95768823582037
23588.615666343045;-90.11209012483639
43351.25075414097;-96.36791223054563
-60960.12890625;-96.32613712466443
-23658.323113407736;-103.04745326733558
49094.640625;-95.99492021374923
-16341.337157048249;-64.26508651008342
-54122.50655045234;-67.34451705299765
-12524.14661372103;-100.07050917921103
50661.937516630205;-98.05994527534281
-16968.990071768567;-93.2741914833491
-64714.8125;-106.32434486097881
-10128.457319506859;-121.06955331528842
24344.716007864234;-104.0159792579788
24952.920522410117;-71.30930399873614
-55223.99321487701;-91.33606583062107
-6555.255796549791;-154.01607967275075
-23192.478127586917;-158.0098419189453
40258.81145968838;-81.37339169047672
51151.68359375;-65.30497784867337
33179.59379619501;-114.91391170728842
-17517.08134941166;-139.92442521761686
-45483.88080024539;-98.38511253601646
-34971.13648777496;-52.5172119140625
-15397.205730398535;-64.09606392408969
-25218.647818486876;-100.81098907975496
10199.50192934202;-94.14355289651203
43580.53565289106;-77.40161083823438
-47889.62355287427;-94.12011792722552
-6051.592568838314;-117.95973101674203
-5000.326876125371;-104.26902195956704
-5164.377891867196;-68.56194042336548
-1290.7651324121834;-80.26380175375925
-60362.5227191229;-126.7525314930379
-9193.671717281293;-127.96490057079299
-66107.65625;-87.45989965600141
-62118.53818354308;-65.52945539769202
-10147.845992514383;-110.02621274761792
31785.602419044895;-167.91371154785156
14227.121764799565;-165.29836897547784
34547.68584735118;-139.410539570321
120.40840095885505;-128.0633274417963
-54819.94197298826;-118.92056475748865
43593.927572543456;-103.35193349482189
39161.202167600975;-103.56128588711465
-53132.56009678659;-130.25684056701297
-20221.62302058855;-161.81226606442073
29076.807727131614;-120.0328438863889
30778.350183087212;-50.492741316927095
-15715.594650832492;-83.25150496635095
-27208.03397920116;-137.9089719480302
-29015.4060922813;-153.03715874545068
-2918.4740807252747;-114.52356765560334
-17934.710273662815;-88.34111185702805
-30716.94854823689;-108.78213391752374
-49893.61313688314;-132.78141623404542
-44478.111151213016;-121.30524560905818
-61809.37109375;-121.51731256283638
46556.890625;-178.95174049714822
-45126.31780110086;-196.78099060058594
-55079.2663359859;-165.09595542239703
16491.3464712735;-132.35505004276501
-24740.880097485184;-137.11651122601688
9716.594826909975;-170.8418537279246
-25643.739359828964;-194.10001784808455
-46814.63154991588;-176.4047047680857
16766.14406262398;-158.27436280163963
8705.030814813203;-152.89070681592537
-41916.47019676809;-144.98028323477695
-20553.76230837714;-149.29872386502905
54623.2334555703;-155.36373381684973
23811.82984261986;-158.14480958273208
-15525.459789479508;-171.0003275122558
26950.73000846889;-174.1988525390625
46346.57341525487;-142.35850994547727
-2351.846056948969;-111.30892181396484
-4468.582917717329;-122.03688799298439
-12231.635366517767;-156.98938680077129
-25819.50309089318;-172.34672133542105
-18568.374274291305;-143.45923247945484
15706.933652581574;-124.1442870205474
-10867.628320199248;-144.85552828323634
65297.8515625;-170.06370572222778
-36972.36564369259;-168.42653689662555
2.329067437800404;-159.3414974640486
-45058.73828125;-171.0003275122558
-14051.123167995334;-159.04100165298877
-42585.16796875;-135.30965288508986
-4738.092747896131;-135.18996404180464
-7734.760580504968;-154.9004615236872
56456.34640874632;-170.89540100097656
-5785.648981707018;-170.26920284987565
62931.484941082585;-157.40351950717366
49813.30687726266;-143.13973170522695
60093.59305331965;-124.9609044932117
-38121.1914044618;-112.11430198059864
77015.09375;-103.26426606116145
-34869.02205141129;-98.18009215291559
44232.42366647227;-86.0308072490077
40856.15357492151;-87.10453759674027
43542.56956127973;-85.25022783627803
6135.321957757609;-92.2442193743358
60854.62258206379;-91.13059274550815
10256.196480309838;-64.10519885589007
-2104.602076486539;-57.218753814697266
-23028.35158979976;-73.25185495216454
-30804.13858180963;-72.11741989134111
-40021.171875;-62.06891585850143
-22293.41150979358;-64.14887397729558
10215.953494083224;-76.14920729204272
-24938.116442180777;-97.08545923933
8496.632394897119;-102.11131286621094
21057.666358064133;-95.15498476357034
3272.069503282648;-88.17089541293764
47739.5668820288;-88.17089541293764
-11406.1305025111;-72.13450373625935
-33504.927382875685;-56.109857202962345
-9937.434191483619;-54.134537634292336
-15635.204725075913;-47.16432890765569
-22507.23125913171;-42.14915268384865
3051.2392703596634;-46.12968854979556
74835.0859375;-47.13443217904879
-10214.348293085459;-43.154964053409266
16074.965150127224;-45.17406097468223
67782.53945113414;-45.15911261037878
23295.76324252964;-32.13801956176758
33657.6611973067;-34.154548388315916
84991.234375;-44.11665725708008
56639.66597562906;-34.097229004721186
34551.73696674866;-15.199028233538527
33666.176204634714;0.7443583133357663
19561.9180665046;16.80238362739953
-18290.69550946956;22.83524875074491
80239.8602859656;24.79557166968469
67092.68897150477;32.81741940376723
-11766.49689474166;33.88069396944948
9085.053050110437;34.855123490559905
68828.04746495497;62.74960151693551
11854.133433182105;91.68442635555547
75151.29190674164;74.77520819510998
9970.61381222438;53.90235465908886
29064.666244573426;73.87529387267271
83569.22815122089;110.70013186310734
22731.203793993147;143.70176696777344
-26613.263671875;131.8968399164387
34946.83330676872;112.86393859380843
-10760.572301806125;139.62169551217792
58283.56885816189;154.7097510533617
24840.68909584386;125.05924846320752
30373.848856903;125.03992462158203
20445.293334376045;157.71074365780055
21441.839799462396;177.6065709954066
45180.82829869323;157.85953723831682
47796.56217645611;127.05346891895825
63189.2734375;137.88448215004624
5336.621887052424;176.69641805484594
9929.401247885158;204.86478199232494
42411.03892874309;204.0686397173547
-41976.06640625;209.8445359792141
-11373.584781134603;218.58664193058644
39859.49483939157;214.74506221543874
4669.048087574294;215.05424368144662
51992.96959384871;221.00985167042307
-5407.143948298784;235.74041614153526
26804.89662123144;251.67678833007812
-21194.622408072526;246.82263931375468
57596.65642834254;236.87770974034703
-10203.419573475221;232.78623728749662
11620.363514072844;233.7629994924342
-20532.125670930356;254.86755209876893
2781.2395204683853;280.9190979003906
61282.46875;271.79525094063285
-49526.781096692175;238.69803930409432
20778.683672788175;209.76231279593492
-22965.243608756522;217.84963063262083
-46262.54861574717;251.82968503131448
-21814.932900526823;263.8394203238424
35130.46596447073;245.89056099499825
3303.1955137314217;225.88913493479933
-62417.08660723823;211.81487952728975
-23001.37902367473;197.7850224018228
-70278.546875;205.81598857283922
33907.88442640462;232.82038981214478
-55348.597944626075;238.88417056342684
-49978.4737831698;213.00509501127837
45388.90875514047;169.0115203857422
24669.869064090293;173.77618153292357
-626.5184881368914;199.6748082014873
52178.90234375;201.88791975458574
-22556.168759072105;211.96340129895486
-2844.896458386589;231.7910332079755
-55635.03130942765;231.72275208927732
18696.872048585938;221.91437021510973
-39999.38365175901;212.98962634762393
31516.077735412153;223.7860761747175
-65557.54362597087;235.6509246826172
19870.07107850266;223.81620019767254
28328.950729058575;197.9657719658369
-26767.45648209565;207.7761621082015
-48525.139468515394;206.7238295729714
-71784.67007303699;188.86831703340872
-73040.03125;186.9544374416639
-52390.581874902244;192.8105475041276
29926.335727446814;178.71250476115944
-18192.021227590354;136.90839397232392
-63996.46283209145;104.04107666015625
7584.16967254116;109.82729075806081
-3165.329801014552;142.64455642080847
-21234.11636779191;147.80526974536852
30565.380531599047;116.01652634915467
6791.117037410921;109.93754834503324
-21202.948360297712;122.71261771319641
18583.013206050484;135.69010026341346
-29071.138696611684;149.95446987351758
13055.886543745422;159.94347812609396
-65130.7918114309;167.67302866354885
39907.125;166.63792385450924
-31228.657437599184;141.92047674516866
-37914.19504510541;133.9950955681657
-34459.74088116474;154.7646628096429
-73568.6640625;167.6796112060547
-21164.854128915904;139.8683691189804
-30781.915996848962;94.03412565098083
-48672.352298520615;65.9661644061797
-18751.06510408719;59.83452606201172
-24414.984688172364;67.86193664785482
-10103.844297425763;73.01021809196779
-30381.586099391156;55.96220531697588
12582.26930009613;31.776384367687996
-74803.65625;26.791830263943435
28114.57385574664;29.96215327845744
42021.09375;39.011056250932796
-32658.041157071137;57.915187124430425
-37337.52003444777;64.80298221211527
16019.23511936552;67.8240827560865
-66393.07288106174;77.83376900381094
31342.96861648152;79.79329565646472
-45534.18436899167;63.79900295855117
17345.53313261055;71.91461100561428
8013.315257156588;82.89162537378704
-57870.182019066444;84.80010223388672
-36362.405769333476;58.771252876491594
-67457.32007717367;23.804762915008276
19853.733810884427;26.79968407818253
-25878.590425389877;27.862566938539825
34995.636128765225;-0.9818748235702515
892.082473589573;-32.971413343874694
-37184.492232085635;-21.206102692299076
-18499.589836299187;-2.2981074592193806
30977.794372661054;-15.096755446442373
22393.593860391178;-41.931411484597746
8474.589329823066;-50.999088287353516
-67549.421875;-24.120982964518277
-40538.595379998354;18.890030669886613
32674.04216650661;37.91326096233466
29750.98141065135;32.84480744946097
-21419.160370356418;-3.170871351484621
-35882.639501418154;-27.081201620751255
4328.205833756147;9.960258118506083
-5163.45234600312;59.84948242766801
-37400.88598356387;72.8011474609375
12846.092131863334;36.90448191802808
4748.777560419505;-9.04974847860462
46814.67578125;-12.18565337289099
-25178.12924684133;-4.200430488464185
-13868.065510305241;-4.045524343083777
-42514.95889037561;10.930741435648287
-8002.350271900847;32.7597009589137
-3444.9564107467086;-5.1783824282329505
-8043.766064895703;-81.91971394861972
33092.0561693167;-100.97039794921875
-10402.809633882796;-41.28134172014471
48836.68403424177;11.678926159734758
8245.893635841698;2.9834111905474145
54005.375;-38.91493335829468
-54560.328125;-55.20683850656187
-4480.351235618153;-25.396429565110225
2233.9771247081662;13.833308231697089
17696.97759726821;37.097710108340095
35661.49196671766;38.91333753324048
-17054.18598885693;30.632126808661297
37697.49235034485;18.683104977404142
27817.340773491625;8.886028134317527
-34082.70343662259;19.896772705726818
2845.2742293122647;43.71926677069493
49005.66046966078;58.741451263427734
-57656.44423862995;58.91058349609375
-2922.4074437982636;31.95024927683947
12642.67940568064;2.795570421266895
40446.0546875;10.701127663768162
-32729.98004351749;15.82938590582215
27680.078860066904;15.02369076972748
3540.071840332879;11.009136387501982
-33599.311200817516;16.760372726147523
-59153.24983047922;16.72556948052788
-30943.961167819376;7.963852395783462
-57115.22639750931;1.0536679780039009
-44356.015793090235;1.899386846561157
-68330.27484898106;3.8153055179223543
-62178.99582349429;-7.005023545223786
15857.851643087939;-17.96630575312946
-18176.29403463279;-20.15020941576188
-39138.33754353656;-30.23967032089557
1661.0311481921526;-55.12921142578125
-37181.49678673475;-43.05596552032807
-70391.9765625;-13.175638993585984
-45679.25566869392;-9.253576278686523
-22524.96531654847;-29.115012307160796
28059.989352497374;-57.045816463419584
33708.44245317794;-69.18505485332798
-16310.575065638637;-69.26363736271193
8921.851060017507;-66.20947535620743
27328.456444483978;-46.19439292878843
-62187.87890625;-22.273642497659772
52391.64734515194;-43.22936929113738
1235.296325070769;-82.11715557672217
-37727.019827851764;-86.11665344238281
41174.80942227985;-66.23527856824396
57066.54296875;-36.298861112782916
-1159.4730951919992;-42.21366103551799
-23689.594821843435;-71.18128516633513
-35195.770387437246;-74.2460030323091
-6227.431176827107;-50.29827651586954
20151.427118103777;-39.2240070591048
-8323.764286358033;-44.090258274537646
43145.58091327116;-49.06793245103728
-28354.327130764184;-52.25738976583616
-20760.519330614647;-49.33799203102046
-49060.65690537307;-58.14299268133455
41561.87555928745;-56.09733393603614
39251.259699044575;-38.171815778082276
-4029.5193912344184;-29.16051564413216
56016.16056610404;-50.03403608715377
39733.00972396009;-64.07366943359375
-9751.639131619653;-41.30358062840565
-15143.6708919702;-20.358115407477356
-13741.24304166063;-25.104737140212137
39003.247649180674;-31.955960327855628
-527.0182841635615;-23.114553886311654
-10236.957675238235;-14.209003907838827
35536.431729140604;-18.129560901476417
-55410.8359375;-17.124934424442152
43374.68306045096;-7.268499851226807
27671.41650755715;-17.263623152936965
61518.81640625;-35.10506126924085
8974.162762781052;-38.98921247164854
-3446.0080268448437;-0.16012766951553203
41606.27015914449;34.6854247399004
31098.579872065457;35.706036439539915
19943.167440279096;11.803200493763462
32063.04526336043;0.7963522357121633
-3413.977810897777;22.722096576621404
-27651.954000618956;58.74950634019798
-26947.289249783513;84.85664367675781
56735.20882480849;82.85023468015947
-38458.5929698706;55.71515629602736
-24648.231527360796;23.665750122966735
-34388.97608815176;4.785349848127289
8056.398411034723;36.845750043087094
-39552.95868139535;62.80080341004174
-59877.91015625;51.83976357657032
37572.242406255726;7.938801796205581
-25666.080611900885;-28.084943293404613
40131.100769137964;-35.22372817993164
2735.8236509388225;-30.193963161061856
-22838.524326351588;-13.048786009307907
-22871.3397459954;14.94661338796373
-31875.453127205437;24.835275650024414
-43648.87580391238;-2.13314223966902
-66732.74065591191;-36.03712713816279
40685.5946426068;-27.073968875629006
12316.893104092436;7.839656749621376
-41442.00208050401;20.861113694704642
20513.36272172413;-8.020635695694224
-36290.91531662;-16.08010318427919
-71011.0234375;5.708192993135192
210.8103634063009;7.726435721620895
23596.469912624074;-8.017519520611643
-54024.78326338713;-13.016903078100935
41362.91796875;-0.25097248978940456
16773.509115854948;11.666319751032255
22351.56678659885;-5.186993820599525
-51200.60220475965;-39.12733409505675
-14498.25164078713;-43.23653030395508
-61782.27877597411;-11.306122957763336
9696.766414606827;3.77097081679662
-69361.63775751184;-14.031207084655762
-45551.859576291026;-38.079381331433524
-64785.57359914081;-61.357957518053084
10927.81167021842;-57.38523114023347
42467.04296875;-70.11772504070984
-49809.201756316375;-93.98938597093755
-71046.05670452313;-94.16589928748759
-58993.38032786416;-61.32500836563041
-14922.499400299363;-42.25215613467651
-21361.039476824524;-68.06546354695469
-65960.74960868356;-127.99997180379968
-74220.8125;-147.1434293613736
-37708.44999744884;-107.30555057147274
-6112.240468151547;-77.12883397407752
-8629.966040111336;-98.9152842581274
-1297.5799684491067;-145.9572598741573
-9267.409996802708;-168.2661895751953
-52414.17524413615;-142.3163785314518
-1057.2030574062665;-130.07576840642818
-16038.916609364984;-136.94566668655582
-7294.515857047962;-126.14948050601149
-13587.583675136666;-119.2640395304629
6398.015800898676;-145.05013035998832
11330.991694137294;-176.9610611270657
-12953.343917434555;-172.18967165812933
13172.04876857814;-129.42826192293938
-62126.3046875;-100.258544921875
53329.99609375;-113.94173853275203
-54605.27822741582;-154.0305601594926
-41647.407622140796;-167.30390609325363
-36850.08856596623;-158.35397658599985
-59830.70912003931;-139.15023007778376
9766.533625138763;-137.06477259515634
-44850.318398536445;-163.20542932209375
-46376.01737123096;-193.2901550906729
-43638.21575048353;-206.18415363956845
-1027.874695530183;-195.0953911382489
-18948.671404824214;-187.1805652992462
-32861.425200861864;-205.24436338460015
41427.42997420709;-225.18392944335938
-6968.397054272398;-215.09146514058088
54308.34289953498;-207.11980547177205
68656.47345032732;-222.16403198242188
47360.70437685496;-216.14634137816194
-9247.648704775384;-192.16014709831228
54641.3234182352;-154.17570063621594
75862.171875;-139.14482698933296
-21557.938481122394;-151.12457126549094
44616.94490276517;-159.1296130937169
73030.17256345466;-136.12930525531957
56409.449972533344;-107.14468897207942
-32085.117579829744;-106.15435157603812
45153.04353787252;-123.10803760534735
72845.36837557604;-106.14544966686022
-23354.368379510062;-81.1978491957974
-19082.22832458628;-89.06936238635487
37492.82670517404;-111.9205632460224
-10721.087500023841;-104.0690793511152
-1196.1797626041443;-76.32182844360307
-33245.5546875;-80.18970798140032
-16755.063035921718;-114.85114648227388
39234.38636009791;-119.03350830078125
64301.60020138639;-85.32876260848079
52218.37956639158;-88.05915649276223
9774.297711278683;-109.85602970456831
15634.144992067573;-92.07954579271053
23142.72778282313;-36.488263530115916
-28872.062642340235;-25.33819104716575
70386.640625;-51.942177220492766
68877.8465680744;-58.92145735054692
2112.90528789207;-27.267399437860377
33783.10378129101;-1.4125361628690456
-8918.341665621567;-5.042455998433894
47563.31559971493;-3.0496155468767796
63286.62253622642;4.646971451081825
53564.71285599364;2.6309920683019783
-9687.215396123102;-22.995374260864935
-35026.26953125;-24.860950590697072
56456.83621884251;34.716012575011774
7330.952111630511;70.51483154296875
61613.72196672243;9.926039770509767
16953.802736282407;-47.81223678588867
3135.49248177711;-20.170614325385742
-24365.589577368715;39.554930442383736
18444.725684794816;76.83364158288332
-3679.4468937402708;69.16929429984708
36319.27198769197;44.99958048347922
65797.23192535315;29.598251845353715
7072.719159556014;27.706860609092686
66456.7421875;34.069605320938535
24659.65948347184;81.04641776195933
-41864.92578125;141.6668142974222
-10099.341275139624;142.5878143310547
22743.93919818815;90.97113736728602
-33889.64504225621;74.06192539333951
-28089.59113279939;87.78104892271674
37909.36941171519;106.67171838227003
56562.43534737216;120.86732142431515
40496.17031462198;108.98729259932077
35309.34524540696;75.8254806627872
-10191.629367305999;51.66101921672485
-53755.91899016636;63.74047503039315
-24307.767555176513;110.95923339846544
-8917.529305219905;132.98888998549387
12814.096753748527;115.90062912862308
-27160.792694202624;69.81024404412773
-18921.95479272925;47.82601547241211
-33884.068021823594;51.82074998024418
-56583.25662794075;76.75633412744541
47367.2109375;93.77572025142256
-21776.69243183882;98.92520560010998
42500.2857003378;88.99991696417945
40798.06061738945;62.880273579146845
-12912.791999906534;66.74018946088921
-6852.254204580349;95.67636979531773
-64859.76953125;122.7456052423735
-61234.406854588364;143.86083984375
12373.98423230213;129.87487280679133
-47592.631189833235;106.85459240197326
34215.2102966113;84.88208718904806
2871.3420316648626;78.86679194201795
1761.2769201268602;86.74426603874616
8684.878904461802;82.65225369941837
39194.50351642372;69.75435692952514
51362.71356823128;58.87093541229758
54189.37421307547;54.92606735229492
32404.959468975547;63.91413041440576
2480.6121912265953;82.82917717813073
22509.194932687606;103.69563736052487
1908.4136801245331;116.64783737635952
55446.57608461114;114.68941708724631
31262.197299660285;94.80216704940878
-30836.05483091315;104.89906735929122
30179.924687232968;131.86675998084579
-36799.998169485494;161.75982101279305
-1351.4829802683525;169.72312927246094
52476.04838554701;144.74889129223988
-7233.683674397544;122.77534557968514
-51690.23828125;111.80258646429587
-5211.370650873971;123.85615534568053
-1475.4009837689227;163.88237892677324
-8984.706963328434;169.84596252441406
-16314.23213674748;127.82405953508135
30820.607421875;90.8504812708779
-36392.82866527299;85.81815757498836
-7028.630328996682;103.81771536674084
1905.0928069065412;127.92006571051962
-26924.372875208384;135.97338372686687
16456.58198767768;126.89920004502598
14440.578417965778;109.8453030813405
-20.25206569180591;90.88248332935734
-58588.84357723066;84.90449880540078
-69878.15625;125.84473221812894
16378.215995257473;158.8404546133399
-25361.662791064322;152.90887307417847
9810.838512827075;111.00057739244774
-1513.8156859356823;64.98481750488281
-30987.111776365608;73.77578296918081
-25186.491749183864;115.66967772459581
8832.03190161787;134.79730807774803
24826.793557542653;111.94051878246094
-17216.87803611484;83.85056698754501
17115.23910954142;73.74875857945229
-5481.903876112963;84.82953677080437
-6141.8298606210155;100.86144611337934
-41820.40889402352;110.7654139380956
1099.6160231473332;114.7017593383789
196.6527809038089;94.78125921909427
-55432.26932179289;67.89370062487146
-75719.67136166913;55.93628398648921
18601.846569266534;68.8112716063933
-76840.8359375;92.73122144996925
-33230.72712792691;82.88012481563808
-52467.924375252725;30.039633831419177
22678.486118727495;2.932062864303589
-23965.153426084165;6.759254839275741
-36067.34446456229;15.868449285945198
34205.90291263409;12.092422979087647
39416.125;13.011699482879978
1204.2817034859763;19.770684240818763
-23903.422703827884;10.7971579318015
-40970.32148489954;1.0267256068132653
-26103.029189285335;33.925582720427386
-33320.62911487263;63.754631341269516
33049.97478992297;59.8288941782242
28287.92460956573;24.064707702868162
39418.4453125;7.9947452257611396
31228.26099977683;26.69016731474788
22143.780826436458;49.67440810072435
29960.589089609013;53.88982403272894
-11344.136391927765;56.96487558014273
6933.223453009603;66.8296828886833
-1276.532991343236;64.75081172321089
-38672.85434129374;52.880536014183065
-32721.420777287363;45.94004243210462
-59246.17578125;54.79556172209932
3360.5566563014945;61.675760175797095
9826.887837026865;33.84562613713999
-23882.345023611313;0.009573006304698595
19856.85252293895;-19.068592071533203
-52687.37978732295;1.7006324796938372
-24646.128325444617;24.701757431030273
-41239.85895122785;14.930559933092809
-32237.747567579427;-3.04798686509821
-40138.1727815249;-12.176142160095083
-47180.61816027749;-12.164727209747028
-52343.52016465809;-5.011358324964149
25652.5222073716;1.0100279836363342
-66019.45166219777;1.8071720162757003
-79002.65625;-9.267232313065023
-46262.54635219171;-32.12757287677543
24028.369717794383;-37.96822247153166
-20212.676103124904;-34.02625961800237
-43247.93237873184;-46.06332476002931
-43126.07921147682;-56.03238139733311
-14851.136743903931;-41.095918866899495
-20386.275135926582;-26.21462859648149
30388.103515625;-52.155103262442815
-52298.45118498842;-98.95830218120443
-3595.5763767722237;-99.97613525390625
12936.035333996479;-46.25828068749777
27218.224585532414;-29.257272720336914
-53191.71053372581;-82.02797816883646
-67698.78932137087;-111.068460726973
33029.574643624874;-82.29974417538466
-5419.721196606915;-48.30975328560049
-24911.851368004107;-59.004827897280265
-73741.84375;-94.9092058774393
-39527.96750648995;-85.24588008707967
-68554.05104202828;-54.56277644511644
-5757.055500770584;-72.29971713797416
-35105.13996301061;-137.8169697962562
-65662.8575361406;-160.0584921728729
24637.10604609821;-124.44752527942961
-39814.19055244701;-98.36279866861811
-46157.0976958883;-134.89007395582124
29819.787628249265;-186.86712646484375
-60038.91542480573;-184.3731322277599
37908.99609375;-156.46540886505875
-69336.05329258954;-168.00704661218066
-55474.5234375;-178.74632745658334
-32622.734467747658;-163.15036989464025
31394.13539465201;-137.48775919295684
19974.04885846468;-165.10033605171995
15845.427047648933;-226.69211041363798
5963.61720705092;-227.96505737304688
-28787.828919196527;-154.4830154865761
53273.5078125;-104.37793731689453
-32984.48670036737;-119.8324563277922
24653.5960877655;-165.70757889754168
-20208.65899881169;-189.26369811232178
796.2022878868156;-161.51722609190233
42978.50390803818;-129.04670646656535
-1377.6299356536329;-123.79273575706434
1949.494956101029;-124.16047598978247
15993.114885736795;-138.53440447069303
11398.197765902049;-152.3274919686437
-15378.105103600807;-162.90332389214757
-22941.713710392698;-157.98314816311375
-7144.093276724678;-129.40124576785257
31258.673047578355;-107.43712057656799
2739.0024681844516;-132.06330108642578
17121.362237183173;-181.9782215179761
-43833.72700668737;-188.30357360839844
-27435.58779054575;-150.51235025382425
-28756.50238247036;-120.25124763337192
28145.208539293526;-115.91990799845223
-17714.193487588505;-146.00491930294848
483.20931501204905;-178.3626487428779
24417.443216975153;-185.36322868513182
-55109.3359375;-169.06401378519712
12574.529162820065;-150.97854884570796
21619.521203330514;-133.21866281413762
18323.109184855377;-134.28787914987092
-7014.281767741748;-153.1017793891784
-1517.464374408708;-164.95690553822152
-37447.34832527295;-150.13356389791872
54884.078125;-124.36342325634627
23514.454588696317;-105.28221893310547
-12601.733707407606;-118.97046834969136
46819.69484184736;-147.98992919921875
55223.168846634;-136.2548590588585
693.4023045289505;-93.33844104971394
-38812.12335021229;-92.07976119137808
-18707.334397865037;-95.0053766548468
-32422.13844030389;-80.25860517469641
-23276.14852345252;-79.393833417104
23574.264261442542;-103.1248399897076
48523.80230669862;-125.8815109621279
31175.018361294337;-123.10719794795136
42864.62697690798;-107.45391610350728
-31805.047513385227;-103.40005392764425
11473.26169454978;-113.06906303629053
66242.171875;-102.18702567038794
-37574.59683010441;-79.39513774856343
-36765.18759262844;-93.25105084193311
-43352.5078125;-116.98336174599612
-28077.416954844048;-87.19243121294862
-6225.039876128227;-62.511871337890625
15209.253918767361;-82.4277083917042
24590.862712008267;-138.97644083217665
11695.089452254746;-145.97998046875
7888.22547647023;-91.36449636269064
-21446.513589081624;-67.30943323759905
25605.91154937228;-84.04465083361117
64662.026661732845;-99.03227837352688
-9562.342481336025;-95.31568413657979
50061.867493400365;-102.30340847852781
5141.217247678687;-104.05627029949932
-38057.813662683686;-62.00076600837109
64429.375400197794;-22.275381792038047
33971.016908565594;-16.389456308986382
72558.3828125;-69.07547447075831
26683.00072314561;-97.00528477905006
30698.389162972657;-60.21363771571143
-37259.90600275239;6.603346193772097
-30190.75433744316;26.759939193725586
63881.352428581915;12.992725222396047
-40379.15625;-12.121962642591114
20458.286970074696;-37.31045521582968
53743.83198869099;-47.2405984653677
-41307.90045529801;-12.09234129075373
-25084.384466460157;21.741980700030524
16914.35253384694;22.627757632627237
34058.35169935644;-3.2522482228649565
15078.462374492636;-46.10342586232224
-43983.0546875;-66.07366943359375
53633.84778559604;-27.223218205887058
-22676.576451012068;13.632506299383394
-27855.986384453106;35.69051235258463
-12135.013600526061;5.845132601498705
66904.7109375;-37.12585078715682
25110.713761415827;-45.30013813409151
20136.043652197717;-19.21980135371048
-38595.52080051004;6.948916717062687
7937.949496635338;41.88505879473553
35628.587706619845;62.636985778808594
12904.159282538458;40.64182864321951
3134.1779183801555;-14.07993831023905
-12121.477083222067;-34.926138670730374
12856.618527632127;31.754093072141323
50904.64498193447;97.61077117919922
-46907.342217398604;68.96489837952782
-13525.864462232865;15.085497371692092
32052.914702852242;-4.270341534972115
56498.87109375;26.540352027053217
-28801.06700207621;41.839117640589215
-25991.529695105783;33.26894343611296
6392.694841430115;56.989368512559366
-29621.06757221204;93.5082698474744
-22337.1433158742;78.53448943312954
7153.059006465155;2.1018144943295987
-26896.015172467727;-16.89234733581543
-52062.578125;54.57294630567034
8635.686299943067;96.58864031077545
30431.135797472496;77.0633198755008
37857.52479932888;26.245069776175242
-24755.7308560728;-2.346638823630961
39616.79874980211;15.433196590181545
-29692.299944971313;34.869408180516686
5291.494385547958;52.16859173512049
-20959.722562667852;74.92453531282561
2704.738436346015;79.56667094612723
22155.66885748238;43.750237600998446
32882.99939034508;3.0598180294036865
-14000.27682886937;7.914590118314602
-6670.576519440292;40.620895064531595
29951.119266573456;80.65162924673609
-29726.88181278039;87.0051040649414
56889.233843787195;54.101533973159164
-19646.240267218163;18.87689606472611
-46172.216267033145;15.66429226552068
59109.0859375;50.8774016914207
-50683.9609375;84.04356499645537
-33995.699272991886;83.9731131587535
-42282.03018280587;47.83516324520344
-35605.72030096019;30.83449433648954
2800.233960377438;37.98983916199254
-18501.969338911866;35.064166483609284
-4246.330497098839;28.995060901218807
-24119.573497392576;31.850515100864065
52025.73117997432;47.81826125466944
-41979.57502093379;41.962802914757894
7932.6346913553425;3.020892462353647
-5405.539173725665;-8.100637435913086
8218.394715732007;42.75483279199542
-22981.404309392357;76.8452291301504
-25796.79000410331;62.04301189268119
17632.239155140363;34.978900669484524
-45064.484375;27.67447797221871
47309.0671412573;32.64254497810159
-19954.945869403193;24.979192353191344
59833.79911876611;16.08541204273986
-4402.131815403074;31.776345078915398
61338.91015625;57.58883718172835
47024.93075338278;46.83418399917198
-32400.119658307136;19.048239526653482
33480.55505252998;13.856337990246956
37323.70265309562;51.56782075710996
-41913.00592434604;78.69683074951172
-47743.54584190077;62.114277643232896
48085.40507104376;50.00573376235219
46600.81086046461;66.54726853689218
39758.83445228574;56.632879615976016
10004.263976404422;27.109926223754883
-8849.012244657832;36.132291419129096
50848.1875;92.61542521033277
-26087.73492671743;131.52457458401676
42471.162083148156;104.03460549651916
-49348.92578125;51.27754576460073
3099.601303927164;65.87705393093937
50083.72086221466;111.50271110570758
4894.568969447158;124.88306698883683
15684.251095149557;91.2670172531182
22202.093648907437;87.01115450531788
13276.181186125716;116.52453340316825
4367.086989375268;117.66389823328802
25564.217921887393;89.2292457012093
-5483.830105126726;90.25052510075645
-4763.702532332929;131.6857452392578
11597.933472272023;146.56696211543363
-45997.61772085864;111.10711629047208
-35664.153293042546;78.17174530029297
25972.57737324327;97.70072698644073
23977.423856795707;129.52473632310037
-46318.75;115.98902493575038
31446.13399246955;85.26694751736824
33867.34419609477;93.88303131847199
57864.828125;125.4335783331141
-41431.816207522046;112.6913118111253
-34618.08874019593;86.2139623566703
18890.17983079393;102.09902492430874
44814.45743454732;164.46729381478738
-28793.194330423903;162.65678464832655
6726.897317375326;113.1789638336393
11308.596468293174;96.14347356647889
-11595.12999502167;144.49646167730097
2025.9658845980666;166.4529266357422
32729.073345276876;131.0348410668523
57804.41710219122;108.33881544443264
49754.061796882146;137.68414885079446
6280.26368135243;155.37406777295075
51566.46875;130.94319750107425
5811.950999671928;130.14940907139
42386.433938632996;170.71856064598097
-60620.231022494045;187.46155872485255
-3104.427459410377;159.89616170111265
-32418.2200816084;143.2750445228619
-56243.166824425105;171.93111934959313
16153.548761663798;190.51483154296875
-13726.275330124437;161.74312611821261
-69261.890625;117.18159376046559
-34499.81463915677;120.95677652841275
-51561.88375833537;149.64254029247473
37535.52580673773;151.7551425699021
-30904.50074436552;108.14365620673782
-68939.23424982642;88.11299896240234
11846.547090775406;96.69622700227556
-66490.73329993781;108.58273996410253
41134.527202959536;112.86732239361871
-55065.01577222797;96.14272788461048
-17940.470014491526;93.92925558015409
23073.693359375;101.62471396348172
-20516.69035047051;106.80123146530488
-72381.3236700427;101.9842269810845
-35688.95764743182;96.89935005237581
-6092.308552591741;108.63639268587858
-9258.561505674777;108.68573760986328
-25981.771681881015;79.96229233420006
-41848.285149097224;51.04616687916804
-69677.90149712958;61.711719734717406
-42973.17850222547;89.4271187061218
-48989.97864443457;78.834408357407
-76229.56237536289;33.13630923100828
-77360.5859375;-4.0180687711830245
-1595.8002445832099;1.5814052219375085
-72943.77034660682;20.62619612174528
1547.464424716556;-1.987877612955522
-29764.110640355815;-38.94252616092306
-38164.0295347644;-45.303321838378906
3678.732110550438;-39.41338411732181
-44314.29160864971;-44.08610394522927
-8605.819984426023;-48.8773204720693
-14759.256002370908;-41.190834601310286
-72118.0703125;-22.452556610107422
-36541.80141522435;-31.229212111046024
-12147.822915514276;-62.91720435059598
-19997.574442870304;-68.09551009394904
-12025.921699756997;-60.34385103877712
-34799.129105454806;-57.21553818695742
-67552.78393646333;-62.95077841529354
40396.75183146821;-71.98615170890157
22554.534449078914;-81.33356630969871
-43546.82902493839;-104.26860238809655
-37098.08301952517;-128.9850388404473
-46520.53192200327;-109.9663186617707
-13646.692793769267;-72.24881939153543
5050.55001745277;-76.34485528463775
4782.710726493111;-118.06556803381147
-48113.83231950686;-151.87860107421875
10850.633589887504;-136.26918026199456
-23457.084464862703;-97.49301440836501
-54667.77734375;-102.1089532628474
-19938.390160188792;-122.93652526946741
16235.438081639877;-115.15439428220674
-38682.03152001728;-106.39550783857783
-23950.52706240749;-132.2231104018927
17351.515520450266;-147.93667805294174
44069.18925660249;-111.15505367964411
-4914.408817488824;-85.41863015543012
29244.379289638775;-111.26902747852021
-28230.020135659543;-150.97066057902376
-18249.919308226454;-142.11945535830517
-37858.43096629708;-100.41872182551472
-10894.933099731628;-85.2784423828125
62922.28515625;-122.94108422142246
-18585.460274556906;-159.97003173828125
5343.814201287692;-152.3486038074359
42048.76611174639;-144.3886736939285
30661.905297131074;-141.06405798071242
48812.24013983914;-136.9457550048828
39852.3106834334;-132.13903859445514
69789.65176520965;-128.27690670842213
1525.693274376179;-123.09692705851593
28358.20860331088;-104.0167005466004
-28050.3467138122;-75.18211529688355
-38198.85546875;-57.32070752612242
17113.978307538833;-53.191959040461896
54625.135771722504;-55.99524214511702
32373.04038159104;-65.02783165964095
40389.19735521352;-73.1958216296585
12238.101866969817;-62.270254257779115
27681.191133550426;-32.19018860694513
114.25535736935853;-24.161220149590505
15592.799404161866;-36.14944511141387
49674.97312499523;-55.138260217742825
-22212.12623892035;-52.108353003404304
11836.28102456835;-25.09818705685295
-10047.759980506304;-12.142524719238281
72443.6953125;-17.23490177212402
54903.8844116222;-33.28141307280731
38768.82241732345;-45.17794790555208
20071.6544250289;-46.044986724853516
-18312.062284045784;-12.131382621320185
38068.45434174675;28.74711573396425
-1380.8856924459105;47.77051910338456
-36452.48198335025;22.919852636329537
-41278.81591175478;-15.092653665703551
-45468.612779065545;-10.229613958324947
12482.856036501566;25.764883311531833
34988.607892944885;35.929246085496374
65196.635496996314;18.053001769305652
33669.43359363079;-10.115279168966516
-2480.197608540984;-11.319605616875322
70535.390625;6.714801824594559
69813.74554459564;33.89027567527101
4973.846416077911;53.91982519104552
30474.3367020125;61.829887034826314
21812.82265342465;67.8248411568534
-45661.87890625;78.83528137207031
9862.437317842647;80.7603406561237
-3639.5078909421063;87.72174669779679
21222.90618204864;91.786144297222
-27949.864877630313;80.87666413086023
-28960.165427726446;71.94191342847816
65376.6484375;68.87734379047885
-23861.755865991316;73.7435424836237
-12618.554029921492;72.81849389881415
54007.15903266816;50.967683090865165
60819.471313316375;42.960750579833984
1740.3425383198046;55.764641620476375
-35449.54235396894;68.76517472555433
-9003.121347077467;85.92565685573393
-31980.242429263817;101.8218135997891
47938.139299590664;98.68523419171478
5088.767218638415;68.81087323348655
-28379.24261142117;47.98343204256489
-37637.92550980217;68.88565261010288
-9461.364810871077;115.67953992941362
-52853.7734375;133.7124481201172
26833.75585979224;85.94168053286867
-11288.150466980882;47.97302950567644
25433.44777675042;64.74297616429902
20043.200976186978;77.74318121239726
-32636.70703125;83.92013275521819
15778.692046304204;88.94009783410078
3203.3763201639595;90.73702919201233
15703.5465145001;80.66319466900352
57549.4919847188;48.88209029877085
8358.070780649163;32.06976318359375
47388.94902097575;76.82140628233651
62066.89453125;123.60307325004065
-5296.739411984621;129.75247749610116
61929.60942506943;91.930039044022
20866.9116132704;68.78819074242772
30393.052875821137;99.59242558907876
50692.46220759452;144.72549279681218
54403.495393612466;164.01071955194536
17973.80863881248;170.93780517578125
-4815.518987162199;169.5667974062426
-29277.835616280765;161.50396299023112
4283.556457990795;155.77493088267295
-13491.207330653262;161.9574569896335
41997.302392829966;177.82322187520043
-61659.47256517132;181.78721618652344
-20891.489480770477;167.88713572282657
-3881.8857327398728;147.89261791464298
-40315.02908914647;136.75428328183907
-58715.68738799945;119.7123702899084
-54339.22807620615;102.91514830484954
14789.29986080699;115.08607898665241
38373.19709586579;131.015463534006
-35167.006723847546;109.85621653311267
-61921.99609375;76.89307536072417
-13030.190402417538;74.88334655761719
-9695.82143882374;110.76972962543402
4350.788093358511;134.80164904700217
-12593.184772527427;111.10087812140051
42981.765625;94.18620445304319
-26391.67755513836;124.87045671476577
34213.87748368214;156.6664591778564
-46384.98674876781;131.85542170999324
37446.138231204415;107.97935899965064
8992.371555938516;137.77001812508462
-39775.78796907903;167.74933069383206
17150.468324171423;148.97520341199976
-7459.988836663033;115.04868033700137
-73500.9140625;130.67581941059365
-22017.92784327601;137.496366976542
15073.92376810129;106.79353735596601
-60677.40038591609;74.11502936750284
-4311.130288523898;66.95449098063791
9618.739094162956;98.6379038834916
29366.337405249564;104.77017734856005
22049.070973654903;66.98351458730153
38043.5703125;31.89190101623535
-68612.5239272267;43.62780368214222
-71555.43010546053;77.62066642951459
-70549.4974557577;108.98896588859193
-52995.8876141583;121.14363773635947
33098.63873428297;79.89402770996094
-84143.7421875;38.743823168977485
15424.523704298525;15.90973340884721
-74056.08966528825;26.973789563442267
21958.612315506078;66.80186535932505
-40450.40336898118;66.77519821903108
33949.1875;28.011000967507435
-3483.9682420337194;-1.866020897628296
-42185.73909225555;-2.021813138293025
7126.267208266887;6.7755360913152245
5596.36063603434;23.78496099776423
-43984.14516891995;37.91433475246529
14993.843291149446;30.999124214130916
-18714.557580678542;13.925136757496528
-22192.437067614715;-0.1200249752235969
-53120.336359990615;-2.1144463624720515
-27360.6020254038;27.88047233343699
-28508.482457102422;48.81558099789721
18134.746889973147;31.810366692547248
-3471.354171355706;-12.085149765014648
-61107.912181916065;-38.02841135764807
-57635.357310530126;-24.126139833335813
8265.33254434244;26.741496386102966
36889.17578125;29.80353898065195
-69402.46875;-14.086505060524502
-38715.52892439421;-60.109166295650574
-35912.83167182302;-57.26337614579549
-51893.72057783221;-15.344910244009327
9872.666443241775;-7.154924040707712
-20812.6514510836;-43.97765414465313
25277.769744700752;-83.11474551840791
-41080.30473125115;-86.35623163089443
-40285.55840384381;-68.28074803557399
3650.9380515386147;-65.03466080724291
-66108.32631946061;-62.050837182051296
3508.2080988613743;-56.223523964926855
-52203.50945239303;-73.15563027287627
-67480.48018269858;-103.9255924833142
-35890.124633897096;-120.95892333984375
-39990.3669108068;-102.19557292576286
6251.0590096839005;-82.22321806909487
10484.556500251769;-109.94224400918623
-55023.44687871945;-151.79841049184557
-12241.740086968217;-151.13183927953662
-71934.625;-124.327195320545
-3056.1721146179916;-94.11415939722222
41790.006286812946;-105.85667930233049
-11198.098361632896;-138.93080319260156
35997.69966186445;-157.19989013671875
20632.023767719802;-146.23525751118373
-34806.45280050241;-111.14286730610849
15573.498027979746;-81.1140329702826
1580.334566789752;-77.25242558923243
26002.311334335987;-95.26972619072797
-3270.9836172826326;-117.1141792000728
27412.84350227553;-113.0511427449253
-51272.80002245972;-90.18364206977034
52644.640625;-70.35480499267578
33161.42743199141;-79.2865941993601
33973.148773918874;-106.11244121878302
-20241.13260828825;-149.1068388879268
359.6103772230854;-139.2514689405302
-54125.91540996372;-87.29294649140968
-57215.94921875;-73.16471862792969
-40866.72008673455;-98.07487445230228
-14744.288546427233;-138.12890827033314
-8300.248191420673;-174.24507053100612
-16194.585821505818;-176.16589656667662
-21424.351584315962;-158.0053595021555
-48413.23481573019;-135.04097550612443
-34727.02477018132;-119.2413795336844
-14632.488328219893;-128.23433779159632
-1295.6539645689627;-174.95958930679822
21505.379426495216;-189.93597412109375
44543.98828125;-165.09174646306604
-6157.410675779938;-114.20054757179956
-48652.36306022923;-91.11499829708058
-17762.89443802549;-102.02878259066298
28495.998626071014;-118.1598012371612
-16031.543836620112;-127.26323371975917
-21006.50683400029;-137.06352153848744
36909.21781608592;-122.92589992841948
-17242.881259990045;-83.21785645326742
57855.70374061556;-82.436355413689
35930.20897215567;-131.24730352118894
-47848.5625;-170.02777099609375
51266.22113723887;-169.1561903974362
32593.33084293554;-112.3744186027721
51918.893699859036;-79.27626709788598
20881.08584558683;-97.0755010553867
54262.418533223215;-120.13830276232206
33832.33287801943;-117.42130849388124
54170.97265219675;-113.50893413063358
-5367.468121986298;-106.17110193970112
25076.838033859327;-79.03280883010454
69657.6015625;-33.30404239271758
3863.186692213203;-10.479829788208008
30852.272990451514;-41.250520253103616
4435.171712751202;-80.06507188549783
26055.846877789576;-62.28531458941961
59912.2109375;-12.477507244464832
-3875.6812162865826;-0.1793076417434989
7450.63420109218;-24.89641857674012
-44781.89849090739;-20.134396218189764
29938.912820778147;3.547251715587187
26679.8433644654;-9.293596946596864
-1218.0709300229646;-43.93564843446053
-4136.196961453214;-50.90038299560547
-24521.11691378712;-7.253679461841102
-54669.2578125;21.675052642822266
54464.10985065959;2.064380102075809
1574.1682983737483;-32.76482993894949
-45935.86085204817;-46.122856378213314
52173.66940657713;-33.309693892532465
-46322.26340024835;-3.07417425691807
47856.80111921865;15.123395835105072
-24734.425107816172;16.962865401977666
23405.038057773447;14.7169627640381
20397.742207527772;-3.234754080636627
55152.99041170423;-11.047793089839601
12896.76609452012;10.875882320489623
37530.58984375;38.64772264002866
-8136.992593598836;68.56189357512972
-40457.79379805473;76.7476451438489
-16877.44906037562;55.81905826567788
32984.51039977817;33.7070680057671
-28008.179389527286;35.587873012104865
-12806.819185759014;46.70707016428946
-14996.81805830275;52.83984570059825
-57634.22361698699;49.73640847113708
-65558.92585689061;29.55752833940892
-38909.326193750574;-4.395033878130022
21223.646566035866;-25.09260646815295
-700.765938649216;-36.02873569388056
-46329.270329201725;-39.143069823726066
22200.59773594384;-37.20778031546658
-37080.79925407279;-29.19419977282002
-41719.68905918588;-25.201575471996392
-23056.66521004364;-48.15480644157853
-69175.2734375;-66.07366943359375
25660.594126474432;-49.028408640038634
-24745.60950374996;-18.018004359762983
-20205.211297403825;-4.004824638366699
-26205.45563180944;-37.09222929010633
-40703.59573298784;-49.22371428075496
7791.3164618032315;-40.2471665632162
-61162.19763190672;-34.06874773670938
-21144.425097802283;-34.885651137782475
-72989.71875;-26.947603605975715
-50488.370077102154;-12.149445444008037
27869.389749142618;-24.235859902183662
29766.84378051851;-77.08669304333291
13488.867582452425;-127.07366943359375
37655.893768764116;-114.23044561764237
-23501.972814087916;-69.28761298665123
3141.9486985047843;-39.17861935583554
40362.8359375;-50.09132203086017
-49033.71297556421;-76.2416205594642
16273.645149011398;-97.39660173897762
12696.676200164235;-98.33369322664538
-24936.43456044763;-68.17823508763206
8964.14178756447;-48.218220535296595
37883.825901559685;-34.37209833316976
47437.00559239765;-37.37847146134565
-17873.019978656117;-72.26920556070371
9207.942637957967;-89.22284698486328
44153.18519966735;-59.32717382828193
-16354.372223411701;-3.396496112947588
-9365.86851743942;12.75420093536377
40765.851596714114;-9.059121275179507
-7292.880281132693;-44.12258178097002
46512.196780011145;-56.33169335636755
47977.72591422011;-46.2622106894803
18517.32147840243;-27.005550512887844
54418.69921875;-12.01569940330279
-4498.023605113376;3.7755399883788527
2421.0172887356166;2.776527799823512
37780.312691336745;-22.005821288856197
-10465.015368096141;-30.930018954533594
-34839.65234375;-14.065074874217714
-28388.716869296855;5.860662820614458
-44995.85170400575;25.975248214377544
33084.48131313517;22.0594351401163
-37220.68546098209;-2.020076275293846
17136.373142424156;-28.089606539586875
39423.609914915345;-32.034698486328125
9120.181802337334;-6.989928758835251
-18609.502791251492;24.93537600145867
-37776.897223435546;29.860837936401367
-62538.43359375;24.877762736256088
-58911.25870647775;16.888408468244535
6551.494753915904;8.88299804435686
39084.82638687552;-1.0907081939930592
-22870.421989682836;-4.116821336765135
47918.48046875;5.775659642446705
16177.329224739253;21.690143554965275
-13081.094970501952;18.6640304121932
-46875.173265022735;-15.266404873102328
-43714.879160173536;-22.180941177170485
-58845.52458909688;1.8456793718241684
-1385.4956406812635;17.845956802368164
3833.8121996430273;5.898008029869175
-42414.954302525686;-35.11666402573166
17461.00295344068;-60.266925017790854
-1854.4037396737695;-56.29842581518889
-8505.684774613655;-50.12794361818254
44273.52875236995;-58.97832676049325
41456.473173038044;-47.994430244250914
-43132.74439252191;-26.106061971514656
-27851.75084343146;-30.127967478085374
13150.65542808648;-42.08550199745055
-15925.253694825871;-41.10638642468989
35692.51054080707;-33.159802272619785
-58422.75540505453;-22.037597123022444
-47628.85166478469;-6.893486466854384
-42676.46074234844;-1.999277995460531
-33195.49967925761;4.802494102304806
-17919.91660823246;-11.186531670497288
-65205.69140625;-56.95710356413698
52984.3984375;-71.89580535888672
-50615.5494966711;-45.09220709110792
13628.348391376509;-34.12078435793457
12011.608080824459;-49.965370042070774
-24060.38678777429;-56.00597820869315
5440.655502058085;-65.22383096772772
24771.670049432825;-75.24079917616434
-58117.5495105594;-77.05682506719026
-31732.99758820326;-60.03358413103018
-47858.15421324714;-32.207071007162114
-65838.90625;-21.291698455810547
-47307.32510241582;-65.17738938850395
-12346.737643282017;-119.07524422833498
-36388.234763812965;-113.217199511075
-18326.239495374066;-85.3330347716188
-6474.476857015543;-73.21178259421563
-12717.206779770328;-80.06912198166977
39775.67007720945;-98.17172927634086
-41493.55944296329;-116.34479965673076
24163.970676421304;-126.24005889892578
40644.97265625;-121.08504360508765
-16570.466398882643;-79.16033161861961
445.6062385078694;-58.28766500538392
-52087.4765625;-72.21305480704635
44114.404894668216;-87.13890728944826
46006.41015625;-100.18717912443499
-6917.347781840821;-102.21323026100099
44407.78545738185;-99.12847032872097
-15548.124948201985;-79.08495429335841
-1259.2940723636784;-40.17540740966797
-35611.76302276061;-42.20260062691975
37983.34986979564;-87.10121862681765
-21875.265961418885;-115.02052307128906
-2714.2221690863735;-93.08572142028203
45898.6377046409;-64.12826563244056
-10250.80958369415;-52.07474607476441
16186.371531857512;-68.0798648052243
15349.638192281389;-85.14940273482708
-9011.426390189634;-88.18162695556141
-9985.868973488476;-88.10624963030023
-30287.504545350504;-78.03195590107326
-22853.822787241166;-45.11196801616387
67241.48193864539;-25.23550367049748
-23929.77476386303;-51.18114584032972
11598.667827959529;-90.10239994938105
-18629.652271149327;-107.14335632324219
60414.69372792177;-60.3202633977493
-34460.54883426447;-14.29349423336707
64303.370556814974;-13.04877321424783
36728.50052918619;-43.00022159359237
-3920.456823819506;-49.257316940824055
2247.204900438126;-46.44785694251307
-15159.495344973602;-37.258504007640255
37590.956523045286;-19.04538882653678
47196.58133480807;-6.194435046183159
-4793.079293048264;-3.2696197366832394
71679.1484375;-26.115553060696882
67126.26188445596;-48.02375933891665
41754.12818691919;-26.23462951095641
-39362.484375;6.574653674617039
2203.150173836286;14.78720760345459
-29561.801246061204;22.967865713952307
-22360.1991311285;33.882366888886985
47747.00320945043;19.802348307426403
51636.91968029;-0.05868912366005041
34764.735528265854;-3.052570343017578
30789.398594384213;16.769458863712423
64563.335520254754;39.6848402619089
70953.44323628765;46.79603956208971
29613.224526343198;45.92420574772306
-36697.6953125;54.919502284320394
26122.484450104144;69.86550344649416
-6227.230524660863;88.8059467827684
39699.409970158624;102.8098993267339
47689.508667018265;88.84495500712485
63311.59719644573;72.83402932002
15824.390549895856;71.77495602874238
11607.576537799083;85.7711069278366
18.319484685431235;108.83081875615194
52625.825810123366;122.82501924402833
-6049.818793727303;124.76567840576172
60791.82449317815;106.79855641498845
-24643.255999748224;94.87469482421875
51555.6428003975;107.80500225356207
67593.8125;134.69618256786873
31056.917128298854;148.71845084167754
61273.22547837763;138.82282977526643
48696.02498798333;133.8454178938675
54210.5452436903;163.70111841242587
-37217.2578125;188.6320316685957
3265.206431251332;203.7594169416226
-17559.784360384496;210.85716243064826
25859.06595920152;215.77098623074295
32545.901570892587;202.7069245614149
22487.659723983925;186.85156539207767
-18151.53972425096;183.90239403503736
15733.651881799902;211.68380748760305
-2145.356801073678;238.5706024169922
27690.30890954504;225.77624192009236
40646.55270057813;182.9946193571082
55374.8639055681;175.91880079267023
-44569.15845341254;197.75574602329704
44425.83203125;209.78100084404988
-46922.40826100287;218.889497438727
-24550.729679739234;225.81109619140625
-57633.207198684555;215.70574984421106
-56470.63154747202;207.81010947601618
-53778.44352132576;201.97525136874697
-70662.1328125;204.94433414441647
35827.68945068114;209.81051725664128
38730.61626556683;197.79465402171294
-8197.399673559237;161.8772048633536
23875.28781600963;137.88706970214844
-33981.290475828864;158.7672483003161
-25286.559283754425;202.71718664888488
19235.52215059646;219.8273143660623
2574.864744171442;212.9593818180947
-44404.07973556665;191.89539646878978
23961.33948807823;171.7075119114018
-44850.14350506512;179.67157669060398
-70282.80299276902;202.78695271501
8336.069375724808;202.84596252441406
-72354.359375;199.77616623827748
-22174.794794019137;173.79730015218388
11402.235297231207;141.88857912827365
-11860.413694132054;133.903295372783
-71432.83409804452;134.80135378941054
-33787.688784161655;131.72202397443502
-5408.061254940185;133.80223996709032
-43641.307245571006;121.91964962224367
-43130.279591986604;94.92450936191973
-20415.519265285962;77.89190673828125
37447.890625;89.85648543114272
-31098.510475955234;105.82133282482066
-50613.064840865045;96.84456207008093
16512.511833075187;82.84552832299107
-34870.06210945845;85.7475345015624
-56810.741203516496;99.70652742752875
4435.504203447825;88.99465442410313
-54109.83439178518;78.1149913131123
-58886.686327421645;87.8391907288244
